path,split,cluster_id,n_chains,chain_clusters,component_size
data/DIPS-Plus/final/raw/h1/3h1k.pdb1_23.dill,train,component_126d56e92e9e,2,f9614|N,292
data/DIPS-Plus/final/raw/ql/4qlq.pdb1_70.dill,train,component_434b4b95b4fb,2,f2795|A;f29082|K,5298
data/DIPS-Plus/final/raw/lk/4lk5.pdb1_2.dill,train,component_7162c1fd9f33,2,f10044|A,66
data/DIPS-Plus/final/raw/zk/4zkx.pdb1_14.dill,train,component_cd38d549f724,2,f14889|D,85
data/DIPS-Plus/final/raw/f3/1f3x.pdb1_0.dill,train,component_f9e0ba46df49,2,f31508|A,100
data/DIPS-Plus/final/raw/ej/3ej6.pdb1_3.dill,train,component_a11e21e9d011,2,f10539|A,208
data/DIPS-Plus/final/raw/yb/2ybv.pdb1_36.dill,train,component_26289733d6da,2,f29327|B;f34169|F,423
data/DIPS-Plus/final/raw/ut/3utb.pdb1_5.dill,train,component_ac9b67d94fe0,2,f7890|H;f7892|E,540
data/DIPS-Plus/final/raw/uz/2uz3.pdb1_1.dill,train,component_6b6f874ec6e5,2,f34365|B,19
data/DIPS-Plus/final/raw/qv/4qv5.pdb1_86.dill,train,component_434b4b95b4fb,2,f2796|H,5298
data/DIPS-Plus/final/raw/qv/4qv4.pdb1_20.dill,train,component_434b4b95b4fb,2,f2795|A;f2801|K,5298
data/DIPS-Plus/final/raw/nf/1nf4.pdb1_24.dill,train,component_34e475982e70,2,f21297|P,468
data/DIPS-Plus/final/raw/jq/3jqf.pdb1_0.dill,train,component_05639143620e,2,f35729|A,109
data/DIPS-Plus/final/raw/nv/3nvy.pdb1_8.dill,train,component_2d00407acdf9,2,f6829|A,94
data/DIPS-Plus/final/raw/wx/3wx7.pdb3_0.dill,train,component_69d302df152a,2,f22150|A,2
data/DIPS-Plus/final/raw/ql/4qlt.pdb1_20.dill,train,component_434b4b95b4fb,2,f2795|A;f2801|K,5298
data/DIPS-Plus/final/raw/u1/1u1g.pdb1_1.dill,train,component_302a40209e0a,2,f19434|A,136
data/DIPS-Plus/final/raw/i2/2i2x.pdb2_2.dill,train,component_c69f68ab9493,2,f13719|A;f13719|B,20
data/DIPS-Plus/final/raw/tj/3tjk.pdb1_6.dill,train,component_bac24c35451f,2,f16912|A,109
data/DIPS-Plus/final/raw/hf/2hfo.pdb1_15.dill,train,component_f25e0c532399,2,f12348|A,16
data/DIPS-Plus/final/raw/ll/1llu.pdb2_5.dill,train,component_00312b433d12,2,f16699|A,65
data/DIPS-Plus/final/raw/fa/2fak.pdb1_20.dill,train,component_434b4b95b4fb,2,f2795|A,5298
data/DIPS-Plus/final/raw/yf/2yfi.pdb2_0.dill,train,component_cc2db7ce7b0d,2,f10306|A;f38348|B,188
data/DIPS-Plus/final/raw/rr/3rrl.pdb1_0.dill,train,component_9125b8d7f344,2,f23686|A,19
data/DIPS-Plus/final/raw/p2/2p2o.pdb2_2.dill,train,component_c58b65bc29fb,2,f17652|A,38
data/DIPS-Plus/final/raw/gk/4gkv.pdb1_2.dill,train,component_00312b433d12,2,f16699|A,65
data/DIPS-Plus/final/raw/hj/2hjr.pdb5_0.dill,train,component_bd21bbc9c2d7,2,f1048|D,197
data/DIPS-Plus/final/raw/fm/4fmi.pdb2_3.dill,train,component_7c391b4877fe,2,f4670|D,115
data/DIPS-Plus/final/raw/l3/1l3i.pdb3_1.dill,train,component_3e21623173d9,2,f6780|D,39
data/DIPS-Plus/final/raw/yb/2ybv.pdb1_18.dill,train,component_26289733d6da,2,f29327|B;f34169|F,423
data/DIPS-Plus/final/raw/is/3is8.pdb1_28.dill,train,component_34e475982e70,2,f21297|P,468
data/DIPS-Plus/final/raw/m5/1m5q.pdb2_12.dill,train,component_b7a9679c0a27,2,f19277|W,28
data/DIPS-Plus/final/raw/ax/3axm.pdb1_38.dill,train,component_26289733d6da,2,f29327|B;f34169|F,423
data/DIPS-Plus/final/raw/po/4pog.pdb1_5.dill,train,component_a7353d5cffd6,2,f24888|A,33
data/DIPS-Plus/final/raw/nd/3nd6.pdb1_0.dill,train,component_40a8bd2c7c31,2,f21062|B,37
data/DIPS-Plus/final/raw/rz/4rz4.pdb1_19.dill,train,component_2ffc152ff289,2,f30521|E,70
data/DIPS-Plus/final/raw/qw/4qwi.pdb1_62.dill,train,component_434b4b95b4fb,2,f2795|A;f2797|I,5298
data/DIPS-Plus/final/raw/ti/3tio.pdb2_0.dill,train,component_5455df11f655,2,f28855|B,12
data/DIPS-Plus/final/raw/q5/1q5q.pdb2_27.dill,train,component_227343122cc0,2,f19832|R,238
data/DIPS-Plus/final/raw/zb/2zbc.pdb2_2.dill,train,component_4a470f1faddd,2,f4915|A,29
data/DIPS-Plus/final/raw/z1/4z1l.pdb1_24.dill,train,component_434b4b95b4fb,2,f2795|A;f4169|M,5298
data/DIPS-Plus/final/raw/jf/2jfc.pdb2_2.dill,train,component_c550b88ac14c,2,f24927|B,60
data/DIPS-Plus/final/raw/pz/3pzl.pdb1_2.dill,train,component_ca98b9c20a85,2,f21414|A,33
data/DIPS-Plus/final/raw/tt/4tt3.pdb1_20.dill,train,component_94adb57dc428,2,f22903|P;f32400|I,140
data/DIPS-Plus/final/raw/y8/4y8j.pdb1_104.dill,train,component_434b4b95b4fb,2,f2796|H;f4169|M,5298
data/DIPS-Plus/final/raw/qw/4qwl.pdb1_81.dill,train,component_434b4b95b4fb,2,f29073|G;f4169|M,5298
data/DIPS-Plus/final/raw/he/4hea.pdb2_35.dill,train,component_f12a7ad4c5c8,2,f12291|F;f12294|E,98
data/DIPS-Plus/final/raw/fy/3fyu.pdb1_4.dill,train,component_f30f5193da3c,2,f19384|A,61
data/DIPS-Plus/final/raw/zc/2zcy.pdb1_10.dill,train,component_434b4b95b4fb,2,f2795|A;f2796|H,5298
data/DIPS-Plus/final/raw/sb/1sb3.pdb1_8.dill,train,component_2d00407acdf9,2,f30859|A;f6829|A,94
data/DIPS-Plus/final/raw/v6/2v6a.pdb1_32.dill,train,component_26289733d6da,2,f29327|B;f34169|F,423
data/DIPS-Plus/final/raw/m5/1m5q.pdb2_27.dill,train,component_b7a9679c0a27,2,f19277|W,28
data/DIPS-Plus/final/raw/jv/3jv7.pdb1_3.dill,train,component_00312b433d12,2,f16699|A,65
data/DIPS-Plus/final/raw/we/1wek.pdb1_5.dill,train,component_027837dcdb5f,2,f36361|A,14
data/DIPS-Plus/final/raw/d3/3d3e.pdb1_0.dill,train,component_d0046547e456,2,f14495|B,32
data/DIPS-Plus/final/raw/vy/2vyv.pdb1_4.dill,train,component_33df824bc6ed,2,f6159|A,186
data/DIPS-Plus/final/raw/mv/4mvo.pdb1_0.dill,train,component_8d6cb58087eb,2,f20282|A,30
data/DIPS-Plus/final/raw/dh/3dhi.pdb3_0.dill,train,component_b228befea482,2,f29925|B;f5928|A,35
data/DIPS-Plus/final/raw/j0/2j0g.pdb2_0.dill,train,component_97c2cd7a1636,2,f10713|B,123
data/DIPS-Plus/final/raw/gl/2glm.pdb1_3.dill,train,component_daeaa15c9da4,2,f2037|A,68
data/DIPS-Plus/final/raw/y8/4y8q.pdb1_78.dill,train,component_434b4b95b4fb,2,f2795|A;f2804|L,5298
data/DIPS-Plus/final/raw/xu/2xul.pdb1_0.dill,train,component_6a6120c768fa,2,f15800|C,175
data/DIPS-Plus/final/raw/ix/4ixk.pdb1_9.dill,train,component_cd38d549f724,2,f14889|D,85
data/DIPS-Plus/final/raw/ao/1aon.pdb1_45.dill,train,component_99d8a06d10be,2,f24607|Z,184
data/DIPS-Plus/final/raw/ef/1ef1.pdb2_0.dill,train,component_ae4cf396782c,2,f41869|A;f7421|C,11
data/DIPS-Plus/final/raw/pk/2pkg.pdb2_0.dill,train,component_eced80a51f22,2,f24670|C;f6508|A,29
data/DIPS-Plus/final/raw/mm/4mmk.pdb2_4.dill,train,component_3a91453a0c33,2,f19254|F,68
data/DIPS-Plus/final/raw/k1/4k1f.pdb1_6.dill,train,component_bac24c35451f,2,f16912|A,109
data/DIPS-Plus/final/raw/wb/2wbb.pdb2_5.dill,train,component_0eed9e9060e3,2,f29504|A,46
data/DIPS-Plus/final/raw/ry/1ryp.pdb1_32.dill,train,component_434b4b95b4fb,2,f2795|A;f29082|K,5298
data/DIPS-Plus/final/raw/c4/1c41.pdb1_1.dill,train,component_cadf81625f43,2,f3575|A,95
data/DIPS-Plus/final/raw/qv/4qv7.pdb1_27.dill,train,component_434b4b95b4fb,2,f2796|H;f29073|G,5298
data/DIPS-Plus/final/raw/wj/2wju.pdb2_0.dill,train,component_f689707f4b8b,2,f34934|A,52
data/DIPS-Plus/final/raw/oa/2oa6.pdb1_0.dill,train,component_567e6a45db1f,2,f22598|D,24
data/DIPS-Plus/final/raw/ej/1ejt.pdb1_1.dill,train,component_0a11b8cea135,2,f4045|C;f7217|A,68
data/DIPS-Plus/final/raw/y7/4y7y.pdb1_85.dill,train,component_434b4b95b4fb,2,f29073|G;f4169|M,5298
data/DIPS-Plus/final/raw/hq/1hqq.pdb1_5.dill,train,component_1c20fc5dbb94,2,f2215|A,117
data/DIPS-Plus/final/raw/zw/4zwg.pdb3_0.dill,train,component_cbd647f8551e,2,f30343|B,53
data/DIPS-Plus/final/raw/bk/2bkk.pdb2_0.dill,train,component_2007ca0101c7,2,f10903|F;f22633|D,117
data/DIPS-Plus/final/raw/vy/3vyi.pdb2_1.dill,train,component_9d23e56c4456,2,f35681|F,3
data/DIPS-Plus/final/raw/aq/4aqy.pdb1_19.dill,train,component_f2debe2131e3,2,f1364|M;f9092|S,25
data/DIPS-Plus/final/raw/mp/3mph.pdb1_0.dill,train,component_1be94bb5551e,2,f20959|A,12
data/DIPS-Plus/final/raw/el/3elh.pdb2_1.dill,train,component_ed40f3402ed5,2,f38315|A,207
data/DIPS-Plus/final/raw/s1/3s1x.pdb1_4.dill,train,component_2ffc152ff289,2,f30521|E,70
data/DIPS-Plus/final/raw/en/4enw.pdb1_3.dill,train,component_a11e21e9d011,2,f10539|A,208
data/DIPS-Plus/final/raw/bw/5bwg.pdb1_1.dill,train,component_e35e5c49c369,2,f10732|C,84
data/DIPS-Plus/final/raw/h9/3h9u.pdb2_3.dill,train,component_2e9f288dcf28,2,f5935|A,73
data/DIPS-Plus/final/raw/hx/4hxg.pdb2_7.dill,train,component_34d4a22a28be,2,f13475|F,18
data/DIPS-Plus/final/raw/x4/3x43.pdb2_5.dill,train,component_5e47ad260b0c,2,f18054|B,24
data/DIPS-Plus/final/raw/vy/2vyx.pdb1_11.dill,train,component_4f43cac80945,2,f5728|A,32
data/DIPS-Plus/final/raw/wd/2wd8.pdb1_3.dill,train,component_05639143620e,2,f35729|A,109
data/DIPS-Plus/final/raw/vy/3vyg.pdb1_21.dill,train,component_d97ae9e83559,2,f5627|J;f913|A,213
data/DIPS-Plus/final/raw/db/3dby.pdb10_0.dill,train,component_eb6e21b56a5d,2,f5554|T,1
data/DIPS-Plus/final/raw/og/3og4.pdb1_0.dill,train,component_8fa0a9540011,2,f12561|B;f22966|B,4
data/DIPS-Plus/final/raw/e1/3e1o.pdb1_13.dill,train,component_34e475982e70,2,f21297|P,468
data/DIPS-Plus/final/raw/qw/4qws.pdb1_16.dill,train,component_434b4b95b4fb,2,f2795|A,5298
data/DIPS-Plus/final/raw/be/1be3.pdb2_3.dill,train,component_126d56e92e9e,2,f2180|E;f2314|A,292
data/DIPS-Plus/final/raw/um/1umn.pdb1_29.dill,train,component_614b434b39fd,2,f33438|G,199
data/DIPS-Plus/final/raw/yf/2yfj.pdb2_7.dill,train,component_cc2db7ce7b0d,2,f10306|A;f38348|B,188
data/DIPS-Plus/final/raw/dq/5dqt.pdb2_3.dill,train,component_4b0edd61ead8,2,f6291|J,19
data/DIPS-Plus/final/raw/y7/4y77.pdb1_41.dill,train,component_434b4b95b4fb,2,f2801|K;f29082|K,5298
data/DIPS-Plus/final/raw/vh/3vhh.pdb1_0.dill,train,component_d61f9329eedb,2,f326|A,27
data/DIPS-Plus/final/raw/cc/3cc7.pdb1_18.dill,train,component_1cc00e80d466,2,f3895|N;f3895|Q,28
data/DIPS-Plus/final/raw/z3/2z3g.pdb1_4.dill,train,component_70f17f293695,2,f40957|B,9
data/DIPS-Plus/final/raw/tr/3tr4.pdb1_11.dill,train,component_8fc540cc2cf9,2,f26571|A,82
data/DIPS-Plus/final/raw/gp/3gpw.pdb1_79.dill,train,component_434b4b95b4fb,2,f2795|A;f29082|K,5298
data/DIPS-Plus/final/raw/si/3sio.pdb1_4.dill,train,component_b41a5248b4e1,2,f30963|C,270
data/DIPS-Plus/final/raw/do/3doy.pdb1_5.dill,train,component_daeaa15c9da4,2,f2037|A,68
data/DIPS-Plus/final/raw/nz/3nz2.pdb6_0.dill,train,component_c58b65bc29fb,2,f17652|A,38
data/DIPS-Plus/final/raw/h1/3h1k.pdb1_46.dill,train,component_126d56e92e9e,2,f2317|F;f9614|M,292
data/DIPS-Plus/final/raw/l9/1l9t.pdb1_2.dill,train,component_c550b88ac14c,2,f24927|B,60
data/DIPS-Plus/final/raw/ps/4psh.pdb1_0.dill,train,component_8973bedec9f8,2,f17027|E,18
data/DIPS-Plus/final/raw/ul/1uli.pdb1_0.dill,train,component_cc2db7ce7b0d,2,f10306|A;f38348|B,188
data/DIPS-Plus/final/raw/zw/3zwo.pdb1_0.dill,train,component_163de7bead8a,2,f41944|B,14
data/DIPS-Plus/final/raw/cg/5cgi.pdb1_0.dill,train,component_434b4b95b4fb,2,f2795|A,5298
data/DIPS-Plus/final/raw/ac/3acz.pdb1_2.dill,train,component_043364425f5e,2,f4845|A,71
data/DIPS-Plus/final/raw/ft/2ft3.pdb3_0.dill,train,component_3407da42db4b,2,f9502|F,2
data/DIPS-Plus/final/raw/rc/4rc9.pdb1_14.dill,train,component_97564c009426,2,f5017|H,166
data/DIPS-Plus/final/raw/wl/4wlk.pdb1_0.dill,train,component_1170163f9108,2,f36703|A,1
data/DIPS-Plus/final/raw/qi/4qiw.pdb1_0.dill,train,component_5c83bf74bad8,2,f11473|B;f3529|A,407
data/DIPS-Plus/final/raw/ze/1zem.pdb3_4.dill,train,component_3fbe1534483e,2,f10389|A,59
data/DIPS-Plus/final/raw/yi/4yif.pdb1_0.dill,train,component_8869d9ad99e8,2,f40364|B,1
data/DIPS-Plus/final/raw/u1/1u1g.pdb1_9.dill,train,component_302a40209e0a,2,f19434|A,136
data/DIPS-Plus/final/raw/jb/2jb7.pdb1_1.dill,train,component_e5531970e177,2,f10931|A,30
data/DIPS-Plus/final/raw/ih/1ihy.pdb1_0.dill,train,component_33df824bc6ed,2,f6159|A,186
data/DIPS-Plus/final/raw/bd/3bdm.pdb1_52.dill,train,component_434b4b95b4fb,2,f2801|K;f2804|L,5298
data/DIPS-Plus/final/raw/wb/2wbb.pdb1_2.dill,train,component_0eed9e9060e3,2,f29504|A,46
data/DIPS-Plus/final/raw/ou/2oux.pdb1_0.dill,train,component_e41cc3c2182c,2,f40676|A,5
data/DIPS-Plus/final/raw/mg/3mg7.pdb1_45.dill,train,component_434b4b95b4fb,2,f29082|K,5298
data/DIPS-Plus/final/raw/l0/1l0n.pdb1_14.dill,train,component_126d56e92e9e,2,f2180|E;f9614|N,292
data/DIPS-Plus/final/raw/mi/3miu.pdb1_0.dill,train,component_4a53dcc11f8e,2,f5708|A,32
data/DIPS-Plus/final/raw/gq/1gqm.pdb1_8.dill,train,component_25ff2e76c131,2,f10593|L,56
data/DIPS-Plus/final/raw/to/3tos.pdb2_2.dill,train,component_00b2b89f271a,2,f32159|B,89
data/DIPS-Plus/final/raw/un/3unb.pdb1_21.dill,train,component_434b4b95b4fb,2,f2795|A;f2804|L,5298
data/DIPS-Plus/final/raw/jq/3jqo.pdb1_51.dill,train,component_3f95699cb5e0,2,f16329|J,88
data/DIPS-Plus/final/raw/z1/4z1l.pdb1_21.dill,train,component_434b4b95b4fb,2,f2795|A;f2804|L,5298
data/DIPS-Plus/final/raw/mn/3mnn.pdb1_2.dill,train,component_ac9b67d94fe0,2,f7893|G,540
data/DIPS-Plus/final/raw/o7/1o7y.pdb1_5.dill,train,component_d5b9cd7d3196,2,f22467|A,5
data/DIPS-Plus/final/raw/y8/4y8i.pdb1_77.dill,train,component_434b4b95b4fb,2,f2795|A;f29082|K,5298
data/DIPS-Plus/final/raw/ej/4ejd.pdb1_0.dill,train,component_3fd789c4cddc,2,f956|A,233
data/DIPS-Plus/final/raw/xy/2xyf.pdb1_0.dill,train,component_3fd789c4cddc,2,f956|A,233
data/DIPS-Plus/final/raw/eo/3eol.pdb1_0.dill,train,component_b287799376b7,2,f14270|C,7
data/DIPS-Plus/final/raw/sx/1sx4.pdb1_0.dill,train,component_99d8a06d10be,2,f24591|A,184
data/DIPS-Plus/final/raw/vp/1vpx.pdb2_20.dill,train,component_2ffc152ff289,2,f30521|E,70
data/DIPS-Plus/final/raw/np/1npb.pdb2_0.dill,train,component_c6bb5d7fa72f,2,f15906|B,19
data/DIPS-Plus/final/raw/sw/1swc.pdb1_0.dill,train,component_1c20fc5dbb94,2,f2215|A,117
data/DIPS-Plus/final/raw/aw/3awd.pdb1_1.dill,train,component_c7dda0295b0b,2,f18640|A,130
data/DIPS-Plus/final/raw/qf/4qfg.pdb2_0.dill,train,component_f7a9834b1263,2,f26272|B;f4122|A,54
data/DIPS-Plus/final/raw/x0/1x0l.pdb1_0.dill,train,component_2846ea4d9067,2,f35209|A,24
data/DIPS-Plus/final/raw/uk/3ukh.pdb1_1.dill,train,component_f59aef42fe61,2,f33358|A,30
data/DIPS-Plus/final/raw/n5/3n5i.pdb1_2.dill,train,component_d99565ce12eb,2,f20699|D,18
data/DIPS-Plus/final/raw/qm/2qmi.pdb1_11.dill,train,component_2519617e47eb,2,f26595|A,15
data/DIPS-Plus/final/raw/zx/2zxw.pdb1_7.dill,train,component_37ee44355407,2,f1409|W;f19268|A,252
data/DIPS-Plus/final/raw/be/4bem.pdb1_1.dill,train,component_e0c0fa47e971,2,f2377|J,84
data/DIPS-Plus/final/raw/ek/2ekq.pdb1_5.dill,train,component_71c3501043a3,2,f22849|A,99
data/DIPS-Plus/final/raw/y7/4y77.pdb1_83.dill,train,component_434b4b95b4fb,2,f2795|A;f4169|M,5298
data/DIPS-Plus/final/raw/gs/3gsd.pdb3_0.dill,train,component_219d0afffb21,2,f21035|A,39
data/DIPS-Plus/final/raw/mg/3mg8.pdb1_80.dill,train,component_434b4b95b4fb,2,f2797|I;f29082|K,5298
data/DIPS-Plus/final/raw/nq/1nqx.pdb1_3.dill,train,component_cadf81625f43,2,f3575|A,95
data/DIPS-Plus/final/raw/rq/4rqx.pdb1_1.dill,train,component_bac24c35451f,2,f16912|A,109
data/DIPS-Plus/final/raw/fa/2fak.pdb1_78.dill,train,component_434b4b95b4fb,2,f2795|A,5298
data/DIPS-Plus/final/raw/y8/4y8q.pdb1_41.dill,train,component_434b4b95b4fb,2,f2801|K;f29082|K,5298
data/DIPS-Plus/final/raw/un/3une.pdb1_0.dill,train,component_434b4b95b4fb,2,f2795|A,5298
data/DIPS-Plus/final/raw/a5/2a57.pdb2_9.dill,train,component_cadf81625f43,2,f3575|A,95
data/DIPS-Plus/final/raw/y8/4y80.pdb1_98.dill,train,component_434b4b95b4fb,2,f2801|K;f2804|L,5298
data/DIPS-Plus/final/raw/qv/4qv5.pdb1_60.dill,train,component_434b4b95b4fb,2,f2795|A,5298
data/DIPS-Plus/final/raw/w4/3w4j.pdb3_5.dill,train,component_398a2e8f6816,2,f36483|A,43
data/DIPS-Plus/final/raw/y8/4y8q.pdb1_30.dill,train,component_434b4b95b4fb,2,f2796|H;f2797|I,5298
data/DIPS-Plus/final/raw/gp/2gpc.pdb1_0.dill,train,component_572e19caf78d,2,f1061|B,90
data/DIPS-Plus/final/raw/s2/3s2f.pdb2_0.dill,train,component_00312b433d12,2,f16699|A,65
data/DIPS-Plus/final/raw/rd/2rd3.pdb1_0.dill,train,component_cce2231c1332,2,f25883|B,5
data/DIPS-Plus/final/raw/ym/4ymv.pdb1_3.dill,train,component_2007ca0101c7,2,f40493|B;f9906|1,117
data/DIPS-Plus/final/raw/b3/2b35.pdb2_1.dill,train,component_df3872073053,2,f2927|A,228
data/DIPS-Plus/final/raw/jb/4jby.pdb1_0.dill,train,component_c8f6097b730a,2,f24050|A,8
data/DIPS-Plus/final/raw/dv/2dvf.pdb1_0.dill,train,component_3846fef223eb,2,f34008|A,87
data/DIPS-Plus/final/raw/h5/2h5x.pdb1_5.dill,train,component_1b2b1089eef9,2,f3164|E,8
data/DIPS-Plus/final/raw/br/4brb.pdb2_1.dill,train,component_b85c58251d45,2,f34322|B,23
data/DIPS-Plus/final/raw/yt/4ytm.pdb2_2.dill,train,component_c06dbf9cc75a,2,f3009|A;f35446|H,141
data/DIPS-Plus/final/raw/qb/3qb9.pdb1_5.dill,train,component_34e475982e70,2,f21297|P,468
data/DIPS-Plus/final/raw/ax/3axm.pdb1_53.dill,train,component_26289733d6da,2,f34169|F,423
data/DIPS-Plus/final/raw/fw/2fw2.pdb1_9.dill,train,component_2162adf61c44,2,f9569|F,18
data/DIPS-Plus/final/raw/hr/4hrr.pdb1_2.dill,train,component_6a2eb0609064,2,f13212|B,35
data/DIPS-Plus/final/raw/ff/3ffs.pdb1_0.dill,train,component_ce16cf917946,2,f6278|A,19
data/DIPS-Plus/final/raw/qh/4qhr.pdb1_0.dill,train,component_21234ab3cb51,2,f30937|A,22
data/DIPS-Plus/final/raw/ab/3abf.pdb1_11.dill,train,component_4a463b6cc92f,2,f686|A,9
data/DIPS-Plus/final/raw/r6/4r67.pdb1_56.dill,train,component_434b4b95b4fb,2,f2796|H;f4169|M,5298
data/DIPS-Plus/final/raw/rc/1rco.pdb1_47.dill,train,component_26289733d6da,2,f29327|B;f34169|F,423
data/DIPS-Plus/final/raw/un/3une.pdb2_57.dill,train,component_434b4b95b4fb,2,f2797|I;f2801|K,5298
data/DIPS-Plus/final/raw/wg/3wgb.pdb1_0.dill,train,component_fa1949aee23a,2,f9205|D,24
data/DIPS-Plus/final/raw/du/2dub.pdb1_10.dill,train,component_293460b030da,2,f10820|B,39
data/DIPS-Plus/final/raw/be/1be3.pdb1_17.dill,train,component_126d56e92e9e,2,f2323|J;f9614|N,292
data/DIPS-Plus/final/raw/yc/1yce.pdb4_9.dill,train,component_e0c0fa47e971,2,f2377|J,84
data/DIPS-Plus/final/raw/oe/3oeh.pdb3_14.dill,train,component_94adb57dc428,2,f22903|P;f8518|B,140
data/DIPS-Plus/final/raw/ys/4ysy.pdb1_4.dill,train,component_c06dbf9cc75a,2,f35446|H;f40638|F,141
data/DIPS-Plus/final/raw/zl/3zla.pdb2_3.dill,train,component_07be6ab9dfe6,2,f41624|E,16
data/DIPS-Plus/final/raw/gg/1ggj.pdb1_3.dill,train,component_a11e21e9d011,2,f10539|A,208
data/DIPS-Plus/final/raw/or/2orw.pdb1_0.dill,train,component_6b6f874ec6e5,2,f34365|B,19
data/DIPS-Plus/final/raw/qj/4qje.pdb1_0.dill,train,component_a5ae5033bfd5,2,f2871|A,158
data/DIPS-Plus/final/raw/s2/3s2f.pdb2_4.dill,train,component_00312b433d12,2,f16699|A,65
data/DIPS-Plus/final/raw/fj/2fje.pdb1_0.dill,train,component_4951adb75355,2,f11733|I;f11733|J,11
data/DIPS-Plus/final/raw/od/1odk.pdb1_4.dill,train,component_dab9bbfc1f61,2,f22889|A,83
data/DIPS-Plus/final/raw/ya/1ya7.pdb1_40.dill,train,component_434b4b95b4fb,2,f16440|R;f2795|A,5298
data/DIPS-Plus/final/raw/ia/2ia2.pdb3_2.dill,train,component_6ff082608120,2,f10069|A,16
data/DIPS-Plus/final/raw/rc/1rco.pdb1_17.dill,train,component_26289733d6da,2,f34169|F,423
data/DIPS-Plus/final/raw/qz/4qz6.pdb1_36.dill,train,component_434b4b95b4fb,2,f2797|I;f29082|K,5298
data/DIPS-Plus/final/raw/jr/3jrm.pdb1_43.dill,train,component_434b4b95b4fb,2,f16443|I,5298
data/DIPS-Plus/final/raw/is/3is8.pdb1_66.dill,train,component_34e475982e70,2,f21297|P,468
data/DIPS-Plus/final/raw/ow/3ow1.pdb5_3.dill,train,component_948c92b4075f,2,f31682|A,90
data/DIPS-Plus/final/raw/fp/1fpy.pdb1_17.dill,train,component_8e4f5fa9fcad,2,f13290|A,180
data/DIPS-Plus/final/raw/ob/2oba.pdb1_1.dill,train,component_7bb45269bec2,2,f13744|I,23
data/DIPS-Plus/final/raw/fo/4fo8.pdb1_1.dill,train,component_945d72593f41,2,f9359|C,5
data/DIPS-Plus/final/raw/fn/4fnt.pdb1_5.dill,train,component_70823c8c0ef1,2,f9308|A,6
data/DIPS-Plus/final/raw/r6/2r6g.pdb1_5.dill,train,component_2007ca0101c7,2,f21253|C;f25140|G,117
data/DIPS-Plus/final/raw/ck/3cke.pdb2_2.dill,train,component_567e6a45db1f,2,f22598|D,24
data/DIPS-Plus/final/raw/un/3unb.pdb1_73.dill,train,component_434b4b95b4fb,2,f2795|A;f29073|G,5298
data/DIPS-Plus/final/raw/pj/4pj1.pdb1_69.dill,train,component_99d8a06d10be,2,f24607|Z,184
data/DIPS-Plus/final/raw/s3/1s3s.pdb1_5.dill,train,component_9534cf30313b,2,f17486|A,29
data/DIPS-Plus/final/raw/bo/5bou.pdb1_90.dill,train,component_434b4b95b4fb,2,f2796|H;f4169|M,5298
data/DIPS-Plus/final/raw/ld/4ld7.pdb2_2.dill,train,component_955ab4bb0bd8,2,f13847|A,26
data/DIPS-Plus/final/raw/wx/1wx0.pdb1_0.dill,train,component_2ffc152ff289,2,f30521|E,70
data/DIPS-Plus/final/raw/hc/3hcd.pdb3_0.dill,train,component_246359f9471e,2,f1154|B,13
data/DIPS-Plus/final/raw/t1/3t1y.pdb1_9.dill,train,component_ae35e83b72ed,2,f1363|R;f1368|F,62
data/DIPS-Plus/final/raw/jh/4jh2.pdb1_0.dill,train,component_c6bb5d7fa72f,2,f15906|B,19
data/DIPS-Plus/final/raw/sr/1sr9.pdb1_0.dill,train,component_fbaad6d69e71,2,f9069|B,5
data/DIPS-Plus/final/raw/cl/4cl3.pdb1_0.dill,train,component_bd21bbc9c2d7,2,f1048|D,197
data/DIPS-Plus/final/raw/wd/2wdr.pdb2_0.dill,train,component_c06dbf9cc75a,2,f3009|A;f40638|F,141
data/DIPS-Plus/final/raw/d9/1d9e.pdb1_1.dill,train,component_279e342b360e,2,f16650|B,59
data/DIPS-Plus/final/raw/ga/1gav.pdb1_95.dill,train,component_eec1106aefa3,2,f1310|A,112
data/DIPS-Plus/final/raw/un/3unb.pdb1_6.dill,train,component_434b4b95b4fb,2,f2795|A;f2796|H,5298
data/DIPS-Plus/final/raw/un/3une.pdb2_85.dill,train,component_434b4b95b4fb,2,f2795|A;f2796|H,5298
data/DIPS-Plus/final/raw/qu/2quv.pdb1_5.dill,train,component_6bcdabe0dbbf,2,f25902|A,53
data/DIPS-Plus/final/raw/un/3un4.pdb1_44.dill,train,component_434b4b95b4fb,2,f2797|I;f2801|K,5298
data/DIPS-Plus/final/raw/qz/4qz4.pdb1_82.dill,train,component_434b4b95b4fb,2,f2795|A;f2796|H,5298
data/DIPS-Plus/final/raw/dr/4dra.pdb1_0.dill,train,component_87b198b786d9,2,f6331|C,7
data/DIPS-Plus/final/raw/ol/4olp.pdb2_0.dill,train,component_ef38ed27fa63,2,f23257|B,2
data/DIPS-Plus/final/raw/b2/2b24.pdb1_4.dill,train,component_cc2db7ce7b0d,2,f38348|B,188
data/DIPS-Plus/final/raw/un/3un4.pdb1_22.dill,train,component_434b4b95b4fb,2,f2795|A;f29073|G,5298
data/DIPS-Plus/final/raw/sd/1sd6.pdb1_0.dill,train,component_ab08e6a54fc9,2,f30899|A,1
data/DIPS-Plus/final/raw/zc/2zcy.pdb1_38.dill,train,component_434b4b95b4fb,2,f29073|G;f4169|M,5298
data/DIPS-Plus/final/raw/vb/3vbh.pdb1_0.dill,train,component_43bde24ea006,2,f1074|2;f4009|A,157
data/DIPS-Plus/final/raw/y8/4y8i.pdb1_15.dill,train,component_434b4b95b4fb,2,f2795|A;f29082|K,5298
data/DIPS-Plus/final/raw/y8/4y81.pdb1_56.dill,train,component_434b4b95b4fb,2,f2796|H;f4169|M,5298
data/DIPS-Plus/final/raw/u6/1u6i.pdb1_3.dill,train,component_8db84e2de63f,2,f14631|A,90
data/DIPS-Plus/final/raw/wk/2wkb.pdb2_0.dill,train,component_b50174601417,2,f10271|C,24
data/DIPS-Plus/final/raw/v5/1v54.pdb1_8.dill,train,component_37ee44355407,2,f19268|A;f709|K,252
data/DIPS-Plus/final/raw/ko/4ko2.pdb1_0.dill,train,component_70573bb20c7e,2,f10401|S;f1678|A,84
data/DIPS-Plus/final/raw/qw/4qw1.pdb1_24.dill,train,component_434b4b95b4fb,2,f2795|A;f4169|M,5298
data/DIPS-Plus/final/raw/az/3azl.pdb1_2.dill,train,component_ac9b67d94fe0,2,f7893|G,540
data/DIPS-Plus/final/raw/i0/4i0u.pdb2_7.dill,train,component_ad983fa269a7,2,f13677|B,20
data/DIPS-Plus/final/raw/cc/3ccm.pdb1_2.dill,train,component_1ba2a79cf448,2,f35806|R;f3896|2,50
data/DIPS-Plus/final/raw/xk/4xk8.pdb1_9.dill,train,component_453d087213d5,2,f38182|A,73
data/DIPS-Plus/final/raw/n2/3n2r.pdb1_0.dill,train,component_84c7923e0c4e,2,f5160|A,130
data/DIPS-Plus/final/raw/tn/4tnp.pdb1_5.dill,train,component_cbd647f8551e,2,f30343|B,53
data/DIPS-Plus/final/raw/gf/4gf5.pdb1_13.dill,train,component_00b2b89f271a,2,f32159|B,89
data/DIPS-Plus/final/raw/ce/5cev.pdb1_1.dill,train,component_0a57b0b3a98c,2,f13046|A,69
data/DIPS-Plus/final/raw/ib/1ibl.pdb1_19.dill,train,component_f2debe2131e3,2,f1364|M;f9092|S,25
data/DIPS-Plus/final/raw/yg/1yg6.pdb1_25.dill,train,component_1ec8d5ee7899,2,f31896|E,232
data/DIPS-Plus/final/raw/r0/3r0p.pdb3_7.dill,train,component_9b9e11ff6466,2,f21654|E,58
data/DIPS-Plus/final/raw/w9/2w94.pdb1_0.dill,train,component_72807e019bf7,2,f35170|A,12
data/DIPS-Plus/final/raw/ol/2ol1.pdb1_0.dill,train,component_7eb86cefcaf9,2,f7554|A,51
data/DIPS-Plus/final/raw/y8/4y8t.pdb1_80.dill,train,component_434b4b95b4fb,2,f2795|A;f2804|L,5298
data/DIPS-Plus/final/raw/g0/1g0u.pdb1_64.dill,train,component_434b4b95b4fb,2,f2795|A,5298
data/DIPS-Plus/final/raw/gp/4gpk.pdb2_0.dill,train,component_45163438db0a,2,f11229|J,12
data/DIPS-Plus/final/raw/uw/1uwa.pdb1_15.dill,train,component_26289733d6da,2,f34169|F,423
data/DIPS-Plus/final/raw/y8/4y8u.pdb1_49.dill,train,component_434b4b95b4fb,2,f2801|K;f29082|K,5298
data/DIPS-Plus/final/raw/o1/4o1o.pdb1_0.dill,train,component_2007ca0101c7,2,f22633|D,117
data/DIPS-Plus/final/raw/a8/2a8q.pdb1_0.dill,train,component_37f10110fcfd,2,f514|B,2
data/DIPS-Plus/final/raw/bn/4bnh.pdb1_4.dill,train,component_df3872073053,2,f2927|A,228
data/DIPS-Plus/final/raw/o1/4o1m.pdb1_2.dill,train,component_d4a513ab2847,2,f22311|A,36
data/DIPS-Plus/final/raw/y8/4y8i.pdb1_35.dill,train,component_434b4b95b4fb,2,f2796|H;f4169|M,5298
data/DIPS-Plus/final/raw/is/4isp.pdb1_13.dill,train,component_cd38d549f724,2,f14889|D,85
data/DIPS-Plus/final/raw/j4/2j4l.pdb2_9.dill,train,component_44edff6b2335,2,f15579|F,31
data/DIPS-Plus/final/raw/hn/1hnx.pdb1_9.dill,train,component_ae35e83b72ed,2,f1363|R;f1368|F,62
data/DIPS-Plus/final/raw/gb/2gbw.pdb1_10.dill,train,component_cc2db7ce7b0d,2,f38348|B,188
data/DIPS-Plus/final/raw/nd/3ndv.pdb1_1.dill,train,component_d99565ce12eb,2,f20699|D,18
data/DIPS-Plus/final/raw/gt/2gtl.pdb1_9.dill,train,component_f55b8deebc9e,2,f36267|C,58
data/DIPS-Plus/final/raw/fz/4fzc.pdb1_42.dill,train,component_434b4b95b4fb,2,f29082|K,5298
data/DIPS-Plus/final/raw/cs/2csl.pdb1_1.dill,train,component_9b9e11ff6466,2,f21654|E,58
data/DIPS-Plus/final/raw/a3/4a3l.pdb1_9.dill,train,component_5c83bf74bad8,2,f11473|B;f11474|C,407
data/DIPS-Plus/final/raw/nk/4nk4.pdb5_0.dill,train,component_df3872073053,2,f2927|A,228
data/DIPS-Plus/final/raw/rz/4rz4.pdb1_11.dill,train,component_2ffc152ff289,2,f30521|E,70
data/DIPS-Plus/final/raw/u8/3u8m.pdb1_1.dill,train,component_b41a5248b4e1,2,f30963|C,270
data/DIPS-Plus/final/raw/rz/3rzd.pdb1_11.dill,train,component_5c83bf74bad8,2,f11473|B;f3532|J,407
data/DIPS-Plus/final/raw/hj/2hjr.pdb3_0.dill,train,component_bd21bbc9c2d7,2,f1048|D,197
data/DIPS-Plus/final/raw/l5/3l5t.pdb1_0.dill,train,component_c34aab602920,2,f10342|A,67
data/DIPS-Plus/final/raw/hh/3hhw.pdb1_13.dill,train,component_e7f78b8d7541,2,f12595|N,64
data/DIPS-Plus/final/raw/re/1re3.pdb1_0.dill,train,component_97c2cd7a1636,2,f10713|A;f10713|B,123
data/DIPS-Plus/final/raw/q3/2q3e.pdb2_1.dill,train,component_6b600c7a45ef,2,f14924|C,37
data/DIPS-Plus/final/raw/d1/4d1n.pdb1_0.dill,train,component_84c7923e0c4e,2,f5160|A,130
data/DIPS-Plus/final/raw/qg/1qgn.pdb2_1.dill,train,component_043364425f5e,2,f4845|A,71
data/DIPS-Plus/final/raw/gs/2gsv.pdb2_0.dill,train,component_6c65201f73d5,2,f11343|B,2
data/DIPS-Plus/final/raw/dw/3dwc.pdb2_0.dill,train,component_e6c41ad4bf54,2,f12942|A,5
data/DIPS-Plus/final/raw/r5/3r5v.pdb1_2.dill,train,component_8fc540cc2cf9,2,f26571|A,82
data/DIPS-Plus/final/raw/qz/4qz6.pdb1_51.dill,train,component_434b4b95b4fb,2,f2796|H;f4169|M,5298
data/DIPS-Plus/final/raw/is/3is7.pdb1_62.dill,train,component_34e475982e70,2,f21297|P,468
data/DIPS-Plus/final/raw/uu/3uu3.pdb1_7.dill,train,component_83983bc0ac2e,2,f7264|A,65
data/DIPS-Plus/final/raw/qw/4qwj.pdb1_28.dill,train,component_434b4b95b4fb,2,f2795|A;f2796|H,5298
data/DIPS-Plus/final/raw/cg/5cgi.pdb1_35.dill,train,component_434b4b95b4fb,2,f2796|H;f4169|M,5298
data/DIPS-Plus/final/raw/xs/2xsj.pdb1_2.dill,train,component_8ef3f8302a97,2,f38460|A,41
data/DIPS-Plus/final/raw/yg/1yg6.pdb1_19.dill,train,component_1ec8d5ee7899,2,f31896|E,232
data/DIPS-Plus/final/raw/r4/1r4q.pdb3_19.dill,train,component_d4b18a678d13,2,f10247|B,73
data/DIPS-Plus/final/raw/ih/1ihy.pdb1_2.dill,train,component_33df824bc6ed,2,f6159|A,186
data/DIPS-Plus/final/raw/ob/2obk.pdb2_3.dill,train,component_323e2b5d637d,2,f22652|F,17
data/DIPS-Plus/final/raw/pg/3pg9.pdb1_3.dill,train,component_de54e493f859,2,f35406|A,19
data/DIPS-Plus/final/raw/gk/4gk7.pdb1_18.dill,train,component_434b4b95b4fb,2,f2795|A;f2796|H,5298
data/DIPS-Plus/final/raw/ya/1ya7.pdb1_31.dill,train,component_434b4b95b4fb,2,f2795|A,5298
data/DIPS-Plus/final/raw/gh/1gh0.pdb2_10.dill,train,component_2bafc3b54369,2,f18666|B;f34591|A,203
data/DIPS-Plus/final/raw/qv/4qvq.pdb1_78.dill,train,component_434b4b95b4fb,2,f2795|A;f2804|L,5298
data/DIPS-Plus/final/raw/j4/2j4l.pdb1_0.dill,train,component_44edff6b2335,2,f15579|F,31
data/DIPS-Plus/final/raw/x1/2x17.pdb1_66.dill,train,component_13909753b42e,2,f3175|A,203
data/DIPS-Plus/final/raw/q3/1q3v.pdb1_2.dill,train,component_5a9b77a7b061,2,f22022|A,18
data/DIPS-Plus/final/raw/pk/2pk5.pdb1_0.dill,train,component_3fd789c4cddc,2,f956|A,233
data/DIPS-Plus/final/raw/qw/4qwf.pdb1_20.dill,train,component_434b4b95b4fb,2,f2795|A;f2801|K,5298
data/DIPS-Plus/final/raw/gn/1gnh.pdb1_2.dill,train,component_d8e881717311,2,f11061|A,55
data/DIPS-Plus/final/raw/pb/3pbv.pdb1_0.dill,train,component_91a927cf835c,2,f9604|N,32
data/DIPS-Plus/final/raw/qw/4qw1.pdb1_36.dill,train,component_434b4b95b4fb,2,f2797|I;f29082|K,5298
data/DIPS-Plus/final/raw/n8/1n8f.pdb1_0.dill,train,component_2248216eb295,2,f22926|D,34
data/DIPS-Plus/final/raw/lw/1lwu.pdb1_1.dill,train,component_97c2cd7a1636,2,f10713|B;f18963|A,123
data/DIPS-Plus/final/raw/je/1je0.pdb1_2.dill,train,component_dab9bbfc1f61,2,f22889|A,83
data/DIPS-Plus/final/raw/a3/4a3d.pdb1_2.dill,train,component_5c83bf74bad8,2,f11473|A;f207|D,407
data/DIPS-Plus/final/raw/ec/1ec8.pdb1_5.dill,train,component_723d9d0b8353,2,f20458|A,35
data/DIPS-Plus/final/raw/i2/3i2b.pdb3_2.dill,train,component_7bb45269bec2,2,f13744|I,23
data/DIPS-Plus/final/raw/aj/4ajo.pdb1_2.dill,train,component_bd21bbc9c2d7,2,f1048|D,197
data/DIPS-Plus/final/raw/p9/3p93.pdb5_6.dill,train,component_948c92b4075f,2,f31682|A,90
data/DIPS-Plus/final/raw/st/3sth.pdb3_0.dill,train,component_33df824bc6ed,2,f6159|A,186
data/DIPS-Plus/final/raw/gt/1gtz.pdb1_17.dill,train,component_97564c009426,2,f5017|H,166
data/DIPS-Plus/final/raw/r9/2r97.pdb1_0.dill,train,component_b568ffa12fb9,2,f18322|A,21
data/DIPS-Plus/final/raw/ql/4qlq.pdb1_48.dill,train,component_434b4b95b4fb,2,f2797|I;f2804|L,5298
data/DIPS-Plus/final/raw/iy/4iym.pdb1_5.dill,train,component_b303ed22c9ea,2,f12175|A,165
data/DIPS-Plus/final/raw/jn/1jnb.pdb1_19.dill,train,component_a6c219863748,2,f9320|A,42
data/DIPS-Plus/final/raw/h4/4h4l.pdb2_5.dill,train,component_75741e942358,2,f2774|A,21
data/DIPS-Plus/final/raw/yc/1yce.pdb1_0.dill,train,component_e0c0fa47e971,2,f2377|J,84
data/DIPS-Plus/final/raw/do/3doy.pdb1_4.dill,train,component_daeaa15c9da4,2,f2037|A,68
data/DIPS-Plus/final/raw/xs/2xsh.pdb1_4.dill,train,component_cc2db7ce7b0d,2,f10306|A;f38348|B,188
data/DIPS-Plus/final/raw/tw/1twh.pdb1_6.dill,train,component_5c83bf74bad8,2,f11473|A;f210|K,407
data/DIPS-Plus/final/raw/cs/4csf.pdb2_0.dill,train,component_2ea40a82b6ae,2,f4830|K,28
data/DIPS-Plus/final/raw/qw/4qw0.pdb1_29.dill,train,component_434b4b95b4fb,2,f2795|A;f2796|H,5298
data/DIPS-Plus/final/raw/cc/3cc1.pdb1_0.dill,train,component_1c69d45571ba,2,f22158|D,9
data/DIPS-Plus/final/raw/q5/4q5s.pdb1_10.dill,train,component_68a1d5712cb4,2,f10084|N;f10086|P,107
data/DIPS-Plus/final/raw/mv/3mv6.pdb1_7.dill,train,component_fbbd8ff1594b,2,f3131|B,134
data/DIPS-Plus/final/raw/w1/3w1j.pdb1_2.dill,train,component_4e9b5e25575a,2,f36264|B,12
data/DIPS-Plus/final/raw/o2/1o25.pdb1_5.dill,train,component_a8720462bf30,2,f17232|B,36
data/DIPS-Plus/final/raw/p2/3p2p.pdb1_0.dill,train,component_ac5b27933711,2,f1221|A,56
data/DIPS-Plus/final/raw/he/4hea.pdb2_14.dill,train,component_f12a7ad4c5c8,2,f12304|E;f12308|P,98
data/DIPS-Plus/final/raw/aq/1aqf.pdb2_1.dill,train,component_f9e0ba46df49,2,f31508|A,100
data/DIPS-Plus/final/raw/ok/3okj.pdb1_43.dill,train,component_434b4b95b4fb,2,f2796|H,5298
data/DIPS-Plus/final/raw/cf/3cfh.pdb1_1.dill,train,component_7dc74917b25c,2,f17358|D,139
data/DIPS-Plus/final/raw/pf/4pfq.pdb2_3.dill,train,component_928b8b594145,2,f31809|B,25
data/DIPS-Plus/final/raw/tz/1tz2.pdb1_2.dill,train,component_8a34fddca011,2,f8381|C,44
data/DIPS-Plus/final/raw/wl/3wlf.pdb1_2.dill,train,component_00312b433d12,2,f16699|A,65
data/DIPS-Plus/final/raw/y8/4y8i.pdb1_90.dill,train,component_434b4b95b4fb,2,f2795|A;f2796|H,5298
data/DIPS-Plus/final/raw/km/2kmb.pdb1_0.dill,train,component_e1be99cb7b48,2,f5555|B,65
data/DIPS-Plus/final/raw/r5/4r57.pdb2_3.dill,train,component_ab96116ec5ce,2,f16171|A,36
data/DIPS-Plus/final/raw/yt/4yt8.pdb1_0.dill,train,component_3ed62c1cd022,2,f40637|A,1
data/DIPS-Plus/final/raw/mo/4moj.pdb1_5.dill,train,component_57244b2608ee,2,f14285|E,24
data/DIPS-Plus/final/raw/mb/4mb8.pdb1_3.dill,train,component_9b4e98158cfe,2,f28976|C,42
data/DIPS-Plus/final/raw/ql/4qlu.pdb1_19.dill,train,component_434b4b95b4fb,2,f2795|A,5298
data/DIPS-Plus/final/raw/u8/3u8k.pdb2_1.dill,train,component_b41a5248b4e1,2,f30963|C,270
data/DIPS-Plus/final/raw/dm/1dm0.pdb1_7.dill,train,component_d4b18a678d13,2,f10247|B,73
data/DIPS-Plus/final/raw/rc/4rc9.pdb1_0.dill,train,component_97564c009426,2,f5017|H,166
data/DIPS-Plus/final/raw/wx/1wx0.pdb1_7.dill,train,component_2ffc152ff289,2,f30521|E,70
data/DIPS-Plus/final/raw/qv/4qvy.pdb1_8.dill,train,component_434b4b95b4fb,2,f2795|A,5298
data/DIPS-Plus/final/raw/vu/2vum.pdb1_8.dill,train,component_5c83bf74bad8,2,f11473|A;f210|K,407
data/DIPS-Plus/final/raw/k4/3k4u.pdb2_0.dill,train,component_8973bedec9f8,2,f17027|E,18
data/DIPS-Plus/final/raw/qo/3qo6.pdb1_0.dill,train,component_af1cb46ba5e0,2,f25178|A,36
data/DIPS-Plus/final/raw/xd/1xdl.pdb4_0.dill,train,component_6bcdabe0dbbf,2,f25902|A,53
data/DIPS-Plus/final/raw/jl/4jls.pdb2_4.dill,train,component_c286ed626252,2,f550|B,18
data/DIPS-Plus/final/raw/zk/1zki.pdb1_0.dill,train,component_c9f0c4070ea9,2,f41497|A,1
data/DIPS-Plus/final/raw/u8/3u8m.pdb4_0.dill,train,component_b41a5248b4e1,2,f30963|C,270
data/DIPS-Plus/final/raw/a8/2a8y.pdb2_2.dill,train,component_6574cf111d13,2,f31735|D,27
data/DIPS-Plus/final/raw/ys/4ysx.pdb1_0.dill,train,component_c06dbf9cc75a,2,f3009|A;f40638|F,141
data/DIPS-Plus/final/raw/ib/1ibl.pdb1_4.dill,train,component_f29742d67d58,2,f1365|C;f40332|J,80
data/DIPS-Plus/final/raw/qw/4qwj.pdb1_5.dill,train,component_434b4b95b4fb,2,f2795|A,5298
data/DIPS-Plus/final/raw/vd/2vd6.pdb1_0.dill,train,component_5cb3e751e57e,2,f9185|B,18
data/DIPS-Plus/final/raw/bo/5bou.pdb1_54.dill,train,component_434b4b95b4fb,2,f2795|A,5298
data/DIPS-Plus/final/raw/e1/4e1v.pdb2_0.dill,train,component_302a40209e0a,2,f19434|A,136
data/DIPS-Plus/final/raw/u2/3u2f.pdb1_0.dill,train,component_74ba21515612,2,f2899|B,32
data/DIPS-Plus/final/raw/n2/4n21.pdb1_0.dill,train,component_d31383321590,2,f20579|C,18
data/DIPS-Plus/final/raw/y8/4y8j.pdb1_45.dill,train,component_434b4b95b4fb,2,f2801|K;f2804|L,5298
data/DIPS-Plus/final/raw/e4/2e4a.pdb3_3.dill,train,component_398a2e8f6816,2,f36483|A,43
data/DIPS-Plus/final/raw/ao/5ao2.pdb1_2.dill,train,component_cbd647f8551e,2,f30343|B,53
data/DIPS-Plus/final/raw/q5/1q5q.pdb2_15.dill,train,component_227343122cc0,2,f19832|R;f19841|F,238
data/DIPS-Plus/final/raw/ab/2abm.pdb2_0.dill,train,component_18ee831ce83e,2,f21274|C,58
data/DIPS-Plus/final/raw/p5/1p5t.pdb1_0.dill,train,component_84840224d533,2,f24002|A,1
data/DIPS-Plus/final/raw/nn/3nn3.pdb1_4.dill,train,component_ca3fd3609752,2,f95|A,55
data/DIPS-Plus/final/raw/oa/3oac.pdb3_0.dill,train,component_a42087564e88,2,f1334|B;f17657|B,23
data/DIPS-Plus/final/raw/p4/2p4s.pdb1_0.dill,train,component_1edebe88620c,2,f7305|A,45
data/DIPS-Plus/final/raw/fm/2fm1.pdb1_3.dill,train,component_fa1949aee23a,2,f9205|D,24
data/DIPS-Plus/final/raw/tl/4tle.pdb1_0.dill,train,component_37f0b5ae4539,2,f16826|F,60
data/DIPS-Plus/final/raw/ob/4obf.pdb2_0.dill,train,component_3fd789c4cddc,2,f956|A,233
data/DIPS-Plus/final/raw/of/3ofn.pdb2_2.dill,train,component_94adb57dc428,2,f16078|C;f22903|P,140
data/DIPS-Plus/final/raw/ao/3aou.pdb1_8.dill,train,component_fff88a65ec43,2,f1286|A,20
data/DIPS-Plus/final/raw/eg/3egh.pdb1_0.dill,train,component_eced80a51f22,2,f23458|A;f7483|C,29
data/DIPS-Plus/final/raw/fg/2fg8.pdb1_14.dill,train,component_b132faf248c3,2,f8960|A,166
data/DIPS-Plus/final/raw/ab/2abm.pdb8_3.dill,train,component_18ee831ce83e,2,f21274|C,58
data/DIPS-Plus/final/raw/ij/2ijz.pdb1_13.dill,train,component_55e04607ed51,2,f37004|A,23
data/DIPS-Plus/final/raw/bd/3bdm.pdb1_41.dill,train,component_434b4b95b4fb,2,f2795|A;f2796|H,5298
data/DIPS-Plus/final/raw/ox/2ox4.pdb1_13.dill,train,component_d31dd9e68a46,2,f23658|C,57
data/DIPS-Plus/final/raw/pn/4pn3.pdb1_3.dill,train,component_6a138b8472f5,2,f35899|A,62
data/DIPS-Plus/final/raw/lw/1lwu.pdb2_1.dill,train,component_97c2cd7a1636,2,f10713|B;f18963|A,123
data/DIPS-Plus/final/raw/ea/2eax.pdb1_1.dill,train,component_b1a94b9c325b,2,f4989|C,18
data/DIPS-Plus/final/raw/mq/3mqt.pdb3_9.dill,train,component_fbe663e4e5fe,2,f20205|E,48
data/DIPS-Plus/final/raw/oh/1oh8.pdb1_0.dill,train,component_46d44c4ddf62,2,f21377|A,10
data/DIPS-Plus/final/raw/ob/2obk.pdb1_3.dill,train,component_323e2b5d637d,2,f22652|F,17
data/DIPS-Plus/final/raw/re/2reh.pdb1_1.dill,train,component_47342423dbd9,2,f3405|A,17
data/DIPS-Plus/final/raw/r6/2r6g.pdb1_1.dill,train,component_2007ca0101c7,2,f25140|G;f9906|1,117
data/DIPS-Plus/final/raw/us/1us6.pdb1_0.dill,train,component_b7b7a0c681fa,2,f33991|B,1
data/DIPS-Plus/final/raw/zh/1zhs.pdb2_0.dill,train,component_79b728451d45,2,f41412|A,8
data/DIPS-Plus/final/raw/nu/2nuu.pdb3_1.dill,train,component_6a6120c768fa,2,f21774|D,175
data/DIPS-Plus/final/raw/m1/1m18.pdb1_12.dill,train,component_ac9b67d94fe0,2,f19329|D;f7890|H,540
data/DIPS-Plus/final/raw/fc/4fcc.pdb1_8.dill,train,component_285b6b6a5917,2,f13098|A,63
data/DIPS-Plus/final/raw/pp/2pp1.pdb8_0.dill,train,component_40aa8c7351b5,2,f24918|B,40
data/DIPS-Plus/final/raw/is/3isf.pdb1_0.dill,train,component_34e475982e70,2,f21297|P,468
data/DIPS-Plus/final/raw/iq/3iqf.pdb1_8.dill,train,component_8db84e2de63f,2,f14631|A,90
data/DIPS-Plus/final/raw/pj/1pjl.pdb1_0.dill,train,component_e700c27a7308,2,f18619|A,55
data/DIPS-Plus/final/raw/ek/2ekq.pdb1_2.dill,train,component_71c3501043a3,2,f22849|A,99
data/DIPS-Plus/final/raw/eo/1eo2.pdb1_0.dill,train,component_fbbd8ff1594b,2,f3131|B,134
data/DIPS-Plus/final/raw/x1/2x17.pdb1_13.dill,train,component_13909753b42e,2,f3175|A,203
data/DIPS-Plus/final/raw/ql/4qlq.pdb1_21.dill,train,component_434b4b95b4fb,2,f2795|A;f2804|L,5298
data/DIPS-Plus/final/raw/qw/4qwr.pdb1_27.dill,train,component_434b4b95b4fb,2,f2796|H;f29073|G,5298
data/DIPS-Plus/final/raw/zk/4zkx.pdb1_10.dill,train,component_cd38d549f724,2,f14889|D,85
data/DIPS-Plus/final/raw/gi/2gih.pdb1_0.dill,train,component_cba4018ccbad,2,f10752|C,7
data/DIPS-Plus/final/raw/y8/4y8u.pdb1_18.dill,train,component_434b4b95b4fb,2,f2795|A;f2797|I,5298
data/DIPS-Plus/final/raw/ez/3ezn.pdb3_0.dill,train,component_e35cfaeb65b6,2,f11968|A,13
data/DIPS-Plus/final/raw/d3/2d30.pdb1_0.dill,train,component_adfabc3093f6,2,f41224|A,21
data/DIPS-Plus/final/raw/r6/4r6b.pdb1_0.dill,train,component_7dc74917b25c,2,f17358|D,139
data/DIPS-Plus/final/raw/hi/4hi2.pdb1_26.dill,train,component_11c3bc574755,2,f12671|B,27
data/DIPS-Plus/final/raw/o7/2o73.pdb2_0.dill,train,component_29fd63057432,2,f22438|F,3
data/DIPS-Plus/final/raw/mo/4moj.pdb1_3.dill,train,component_57244b2608ee,2,f14285|E,24
data/DIPS-Plus/final/raw/v6/1v6k.pdb1_5.dill,train,component_3846fef223eb,2,f34008|A,87
data/DIPS-Plus/final/raw/x1/2x17.pdb1_29.dill,train,component_13909753b42e,2,f3175|A,203
data/DIPS-Plus/final/raw/e4/3e47.pdb1_32.dill,train,component_434b4b95b4fb,2,f2795|A;f2801|K,5298
data/DIPS-Plus/final/raw/qi/4qiw.pdb1_4.dill,train,component_5c83bf74bad8,2,f3529|A;f3543|F,407
data/DIPS-Plus/final/raw/pr/2prr.pdb1_11.dill,train,component_7e5117f4f5ca,2,f25011|D,19
data/DIPS-Plus/final/raw/mx/1mxh.pdb1_1.dill,train,component_05639143620e,2,f35729|A,109
data/DIPS-Plus/final/raw/re/3re7.pdb1_66.dill,train,component_b132faf248c3,2,f8960|A,166
data/DIPS-Plus/final/raw/fd/2fdy.pdb5_0.dill,train,component_990f83f5ee08,2,f8896|A,10
data/DIPS-Plus/final/raw/qz/4qz4.pdb1_87.dill,train,component_434b4b95b4fb,2,f2801|K;f2804|L,5298
data/DIPS-Plus/final/raw/ac/2ac7.pdb1_0.dill,train,component_dab9bbfc1f61,2,f22889|A,83
data/DIPS-Plus/final/raw/hf/3hf9.pdb1_11.dill,train,component_227343122cc0,2,f19841|F,238
data/DIPS-Plus/final/raw/wn/1wnc.pdb2_1.dill,train,component_d8b1f030b3b5,2,f36745|B,13
data/DIPS-Plus/final/raw/d4/4d42.pdb1_1.dill,train,component_df3872073053,2,f2927|A,228
data/DIPS-Plus/final/raw/dk/1dkr.pdb1_0.dill,train,component_444ee286fb87,2,f8667|A,10
data/DIPS-Plus/final/raw/p2/4p2v.pdb1_7.dill,train,component_a896e3537f7a,2,f23943|A,50
data/DIPS-Plus/final/raw/bz/2bzn.pdb1_3.dill,train,component_dc08328795a4,2,f3696|B,16
data/DIPS-Plus/final/raw/im/2iml.pdb1_0.dill,train,component_85b6e914898c,2,f14575|D,2
data/DIPS-Plus/final/raw/p2/1p22.pdb1_0.dill,train,component_5b39dc397ac8,2,f22969|C;f23924|A,19
data/DIPS-Plus/final/raw/tx/3txs.pdb1_3.dill,train,component_a667a0f508ea,2,f32637|C,16
data/DIPS-Plus/final/raw/xs/2xsh.pdb1_11.dill,train,component_cc2db7ce7b0d,2,f10306|A;f38348|B,188
data/DIPS-Plus/final/raw/c7/1c7n.pdb1_0.dill,train,component_3beb86a4ded7,2,f3717|A,7
data/DIPS-Plus/final/raw/vb/3vbi.pdb1_0.dill,train,component_dd493b6856f5,2,f34779|E,15
data/DIPS-Plus/final/raw/bw/4bwl.pdb1_3.dill,train,component_80b1933fae7b,2,f36770|A,73
data/DIPS-Plus/final/raw/oj/3ojn.pdb1_0.dill,train,component_e35e5c49c369,2,f10732|C,84
data/DIPS-Plus/final/raw/rs/4rsu.pdb1_6.dill,train,component_788dd125f09d,2,f30104|J;f503|A,65
data/DIPS-Plus/final/raw/fb/3fbn.pdb3_0.dill,train,component_abbe55ce8c1a,2,f8832|A;f8832|B,5
data/DIPS-Plus/final/raw/to/3tos.pdb1_23.dill,train,component_00b2b89f271a,2,f32159|B,89
data/DIPS-Plus/final/raw/q1/2q1l.pdb1_1.dill,train,component_ec878626cba7,2,f3972|A,66
data/DIPS-Plus/final/raw/pg/2pgw.pdb1_6.dill,train,component_2f94dcde0a9c,2,f24429|C,17
data/DIPS-Plus/final/raw/ya/4ya0.pdb1_93.dill,train,component_434b4b95b4fb,2,f2801|K;f2804|L,5298
data/DIPS-Plus/final/raw/bu/2buc.pdb2_0.dill,train,component_8882f1b79439,2,f371|B,62
data/DIPS-Plus/final/raw/ke/4keh.pdb1_0.dill,train,component_30a5eed3b2c3,2,f4425|C,93
data/DIPS-Plus/final/raw/zl/3zlk.pdb2_0.dill,train,component_a49032d130ba,2,f1918|A,67
data/DIPS-Plus/final/raw/ld/3ld0.pdb3_11.dill,train,component_6bddaba86870,2,f18362|A,40
data/DIPS-Plus/final/raw/tv/4tv8.pdb1_0.dill,train,component_f1033560f5a9,2,f3096|A,49
data/DIPS-Plus/final/raw/zc/2zcy.pdb1_76.dill,train,component_434b4b95b4fb,2,f2795|A;f2797|I,5298
data/DIPS-Plus/final/raw/vy/3vyg.pdb1_27.dill,train,component_d97ae9e83559,2,f5626|H;f913|A,213
data/DIPS-Plus/final/raw/v5/3v57.pdb1_0.dill,train,component_2bafc3b54369,2,f18666|B;f34591|A,203
data/DIPS-Plus/final/raw/t2/3t2p.pdb1_2.dill,train,component_1dbb8bb845fd,2,f22658|A,94
data/DIPS-Plus/final/raw/fl/3flp.pdb1_18.dill,train,component_fe4cbb351363,2,f9155|A,28
data/DIPS-Plus/final/raw/um/1umn.pdb1_27.dill,train,component_614b434b39fd,2,f33438|G,199
data/DIPS-Plus/final/raw/tu/3tuz.pdb2_0.dill,train,component_2007ca0101c7,2,f32524|A,117
data/DIPS-Plus/final/raw/y7/4y7x.pdb1_14.dill,train,component_434b4b95b4fb,2,f2795|A;f2797|I,5298
data/DIPS-Plus/final/raw/s3/1s3o.pdb1_0.dill,train,component_0cacd6837131,2,f7881|B,21
data/DIPS-Plus/final/raw/vo/3von.pdb16_1.dill,train,component_8bf3f85f4604,2,f3213|A;f35230|a,23
data/DIPS-Plus/final/raw/ok/1oko.pdb1_0.dill,train,component_912fb28b6367,2,f469|A,42
data/DIPS-Plus/final/raw/eu/3euh.pdb1_7.dill,train,component_5045bc031716,2,f8042|C,10
data/DIPS-Plus/final/raw/tt/3tts.pdb1_1.dill,train,component_d0d791c5337b,2,f33919|A,21
data/DIPS-Plus/final/raw/y7/4y74.pdb1_23.dill,train,component_434b4b95b4fb,2,f2795|A;f2804|L,5298
data/DIPS-Plus/final/raw/x0/1x0r.pdb1_2.dill,train,component_96118546a2e5,2,f136|F,129
data/DIPS-Plus/final/raw/oq/2oqy.pdb1_12.dill,train,component_79888fd2d9a9,2,f7965|A,20
data/DIPS-Plus/final/raw/ay/4ay3.pdb1_0.dill,train,component_3958d2abe977,2,f11320|A,26
data/DIPS-Plus/final/raw/mg/3mg7.pdb1_5.dill,train,component_434b4b95b4fb,2,f29073|G;f4169|M,5298
data/DIPS-Plus/final/raw/vc/1vcg.pdb2_0.dill,train,component_5386a123d5a5,2,f41835|A,28
data/DIPS-Plus/final/raw/px/4pxn.pdb1_0.dill,train,component_c57529335fd1,2,f15692|E,7
data/DIPS-Plus/final/raw/e4/3e47.pdb1_55.dill,train,component_434b4b95b4fb,2,f2801|K;f29082|K,5298
data/DIPS-Plus/final/raw/fz/3fz3.pdb1_1.dill,train,component_988ee4202916,2,f9671|B,35
data/DIPS-Plus/final/raw/hg/4hgr.pdb1_1.dill,train,component_a65200ab998f,2,f21077|C,59
data/DIPS-Plus/final/raw/az/5azu.pdb1_0.dill,train,component_de7308018585,2,f1700|A,26
data/DIPS-Plus/final/raw/n2/1n2b.pdb1_0.dill,train,component_4a799637e13e,2,f15110|A,20
data/DIPS-Plus/final/raw/vw/3vwu.pdb1_11.dill,train,component_bac24c35451f,2,f16912|A,109
data/DIPS-Plus/final/raw/fg/4fgc.pdb1_0.dill,train,component_29a8845f7d6d,2,f8989|B,5
data/DIPS-Plus/final/raw/yh/2yhu.pdb1_3.dill,train,component_05639143620e,2,f35729|A,109
data/DIPS-Plus/final/raw/dr/4dr6.pdb1_4.dill,train,component_2769bc9bd428,2,f1907|D;f40338|E,66
data/DIPS-Plus/final/raw/om/3ome.pdb1_7.dill,train,component_02e861d82ba8,2,f21453|B,18
data/DIPS-Plus/final/raw/fo/4fo8.pdb1_2.dill,train,component_945d72593f41,2,f9359|C,5
data/DIPS-Plus/final/raw/qv/4qv3.pdb1_45.dill,train,component_434b4b95b4fb,2,f2801|K;f29082|K,5298
data/DIPS-Plus/final/raw/m1/3m1v.pdb1_1.dill,train,component_bc046b8ac8a0,2,f31153|G;f31154|I,27
data/DIPS-Plus/final/raw/e0/3e05.pdb1_1.dill,train,component_3e21623173d9,2,f6780|D,39
data/DIPS-Plus/final/raw/ib/1ibu.pdb1_6.dill,train,component_13fcfea43d5e,2,f14073|B,24
data/DIPS-Plus/final/raw/sx/1sx3.pdb1_25.dill,train,component_99d8a06d10be,2,f24591|A,184
data/DIPS-Plus/final/raw/f1/2f1v.pdb9_2.dill,train,component_95c841421a84,2,f8361|A,9
data/DIPS-Plus/final/raw/qi/2qi0.pdb1_0.dill,train,component_3fd789c4cddc,2,f956|A,233
data/DIPS-Plus/final/raw/ql/4qlt.pdb1_51.dill,train,component_434b4b95b4fb,2,f2796|H;f4169|M,5298
data/DIPS-Plus/final/raw/uz/2uz1.pdb1_0.dill,train,component_4f1921f71421,2,f26798|C,25
data/DIPS-Plus/final/raw/ql/4qlt.pdb1_63.dill,train,component_434b4b95b4fb,2,f2795|A,5298
data/DIPS-Plus/final/raw/j8/4j8v.pdb2_4.dill,train,component_ac9b67d94fe0,2,f19329|D;f7892|E,540
data/DIPS-Plus/final/raw/c2/5c2w.pdb1_1.dill,train,component_2713558ba7df,2,f3463|C;f3464|D,18
data/DIPS-Plus/final/raw/dd/2dd4.pdb1_2.dill,train,component_d97ae9e83559,2,f5626|H;f5627|J,213
data/DIPS-Plus/final/raw/xm/2xmn.pdb1_2.dill,train,component_30e08de0e6c2,2,f34838|A,12
data/DIPS-Plus/final/raw/ek/3ek1.pdb2_1.dill,train,component_a5ae5033bfd5,2,f2871|A,158
data/DIPS-Plus/final/raw/qz/4qz6.pdb1_14.dill,train,component_434b4b95b4fb,2,f2795|A;f2797|I,5298
data/DIPS-Plus/final/raw/kt/4kt0.pdb1_7.dill,train,component_453d087213d5,2,f18978|C;f38182|A,73
data/DIPS-Plus/final/raw/dw/3dw8.pdb2_1.dill,train,component_eced80a51f22,2,f23458|A;f6508|A,29
data/DIPS-Plus/final/raw/hl/2hln.pdb1_2.dill,train,component_94b837ffbcc7,2,f24449|1,44
data/DIPS-Plus/final/raw/ry/3ry1.pdb1_3.dill,train,component_1c20fc5dbb94,2,f2215|A,117
data/DIPS-Plus/final/raw/qu/3qu2.pdb6_3.dill,train,component_24768e8d241e,2,f28368|B,14
data/DIPS-Plus/final/raw/kq/3kqf.pdb1_2.dill,train,component_d8f5fd979c61,2,f28738|A,45
data/DIPS-Plus/final/raw/ee/2eeq.pdb2_0.dill,train,component_2182888097fe,2,f6427|A,39
data/DIPS-Plus/final/raw/eg/3egg.pdb2_0.dill,train,component_eced80a51f22,2,f23458|A;f7483|C,29
data/DIPS-Plus/final/raw/s2/3s2e.pdb1_3.dill,train,component_00312b433d12,2,f16699|A,65
data/DIPS-Plus/final/raw/k4/4k4a.pdb2_0.dill,train,component_8198923ceffa,2,f19062|A,19
data/DIPS-Plus/final/raw/iv/1iv1.pdb1_2.dill,train,component_9001d74170f4,2,f14242|A,82
data/DIPS-Plus/final/raw/az/3azk.pdb1_9.dill,train,component_ac9b67d94fe0,2,f7890|H;f7892|E,540
data/DIPS-Plus/final/raw/ig/4ig2.pdb1_0.dill,train,component_c0427172fe19,2,f22917|A,9
data/DIPS-Plus/final/raw/mg/3mg7.pdb1_4.dill,train,component_434b4b95b4fb,2,f2795|A;f4169|M,5298
data/DIPS-Plus/final/raw/qz/4qzx.pdb1_72.dill,train,component_434b4b95b4fb,2,f2795|A;f29082|K,5298
data/DIPS-Plus/final/raw/c4/4c4u.pdb2_5.dill,train,component_74d9bcbfa744,2,f16023|A,36
data/DIPS-Plus/final/raw/t0/3t07.pdb1_3.dill,train,component_f9e0ba46df49,2,f31508|A,100
data/DIPS-Plus/final/raw/y8/4y8i.pdb1_21.dill,train,component_434b4b95b4fb,2,f2795|A;f2804|L,5298
data/DIPS-Plus/final/raw/qw/4qw1.pdb1_68.dill,train,component_434b4b95b4fb,2,f2795|A;f2796|H,5298
data/DIPS-Plus/final/raw/qv/4qv5.pdb1_29.dill,train,component_434b4b95b4fb,2,f2795|A;f2796|H,5298
data/DIPS-Plus/final/raw/oj/3ojn.pdb1_2.dill,train,component_e35e5c49c369,2,f10732|C,84
data/DIPS-Plus/final/raw/lk/3lkt.pdb1_33.dill,train,component_fbbd8ff1594b,2,f3131|B,134
data/DIPS-Plus/final/raw/mg/3mg8.pdb1_34.dill,train,component_434b4b95b4fb,2,f2796|H;f29073|G,5298
data/DIPS-Plus/final/raw/iy/2iy4.pdb2_7.dill,train,component_614b434b39fd,2,f33438|G,199
data/DIPS-Plus/final/raw/pl/1pl4.pdb1_4.dill,train,component_572e19caf78d,2,f1061|B,90
data/DIPS-Plus/final/raw/hl/4hla.pdb1_0.dill,train,component_3fd789c4cddc,2,f956|A,233
data/DIPS-Plus/final/raw/nz/4nzg.pdb2_0.dill,train,component_4323f0208334,2,f22164|A,8
data/DIPS-Plus/final/raw/ph/2ph9.pdb1_3.dill,train,component_b41a5248b4e1,2,f30963|C,270
data/DIPS-Plus/final/raw/cl/4cle.pdb1_4.dill,train,component_05639143620e,2,f35729|A,109
data/DIPS-Plus/final/raw/wt/2wtu.pdb1_0.dill,train,component_46d44c4ddf62,2,f21377|A,10
data/DIPS-Plus/final/raw/tm/2tmg.pdb1_1.dill,train,component_f1dd75cd53d2,2,f7991|A,78
data/DIPS-Plus/final/raw/u1/1u15.pdb1_0.dill,train,component_bc632c4ac5e9,2,f7220|B,31
data/DIPS-Plus/final/raw/xy/4xyc.pdb1_1.dill,train,component_8e4f5fa9fcad,2,f13290|A,180
data/DIPS-Plus/final/raw/si/3sio.pdb1_3.dill,train,component_b41a5248b4e1,2,f30963|C,270
data/DIPS-Plus/final/raw/eu/2eu1.pdb2_2.dill,train,component_99d8a06d10be,2,f24591|A,184
data/DIPS-Plus/final/raw/iy/1iyh.pdb2_0.dill,train,component_bf080fa75e5c,2,f23139|A,54
data/DIPS-Plus/final/raw/ql/4qls.pdb1_35.dill,train,component_434b4b95b4fb,2,f2796|H;f4169|M,5298
data/DIPS-Plus/final/raw/qr/2qrc.pdb2_0.dill,train,component_f7a9834b1263,2,f26810|A;f26828|D,54
data/DIPS-Plus/final/raw/mp/3mps.pdb6_4.dill,train,component_d174e74d7d71,2,f40665|B,29
data/DIPS-Plus/final/raw/ox/3ox1.pdb1_0.dill,train,component_714f00eebfca,2,f5285|B,25
data/DIPS-Plus/final/raw/rx/1rxs.pdb2_6.dill,train,component_302a40209e0a,2,f19434|A,136
data/DIPS-Plus/final/raw/ya/1yar.pdb1_31.dill,train,component_434b4b95b4fb,2,f2795|A,5298
data/DIPS-Plus/final/raw/d3/2d3s.pdb1_0.dill,train,component_3846fef223eb,2,f34008|A,87
data/DIPS-Plus/final/raw/vd/2vdi.pdb1_42.dill,train,component_26289733d6da,2,f34169|F,423
data/DIPS-Plus/final/raw/r2/1r2r.pdb1_0.dill,train,component_c881404517be,2,f34234|A,58
data/DIPS-Plus/final/raw/zx/2zxw.pdb2_1.dill,train,component_37ee44355407,2,f19268|A;f19269|C,252
data/DIPS-Plus/final/raw/qw/4qw5.pdb1_42.dill,train,component_434b4b95b4fb,2,f2801|K;f2804|L,5298
data/DIPS-Plus/final/raw/s5/1s5u.pdb2_4.dill,train,component_d751a4331e2a,2,f30763|E,36
data/DIPS-Plus/final/raw/hx/4hxg.pdb2_4.dill,train,component_34d4a22a28be,2,f13475|F,18
data/DIPS-Plus/final/raw/pu/4pu6.pdb1_3.dill,train,component_a9de9500cfca,2,f16926|B;f41245|A,30
data/DIPS-Plus/final/raw/y8/4y8i.pdb1_50.dill,train,component_434b4b95b4fb,2,f2804|L;f4169|M,5298
data/DIPS-Plus/final/raw/d9/4d9m.pdb1_0.dill,train,component_24910a8dc470,2,f5489|B,2
data/DIPS-Plus/final/raw/ws/3wse.pdb1_4.dill,train,component_b4fe5ee63c7f,2,f36940|A,38
data/DIPS-Plus/final/raw/hr/4hrd.pdb1_84.dill,train,component_434b4b95b4fb,2,f2795|A;f2796|H,5298
data/DIPS-Plus/final/raw/hp/3hpf.pdb1_0.dill,train,component_79888fd2d9a9,2,f7965|A,20
data/DIPS-Plus/final/raw/bi/4biy.pdb1_0.dill,train,component_2e6e28d56ba7,2,f2443|A,4
data/DIPS-Plus/final/raw/i3/1i3q.pdb1_7.dill,train,component_5c83bf74bad8,2,f11473|B;f11474|C,407
data/DIPS-Plus/final/raw/zs/1zs3.pdb1_21.dill,train,component_0f108330583e,2,f41880|A,18
data/DIPS-Plus/final/raw/vy/2vyx.pdb1_25.dill,train,component_4f43cac80945,2,f5728|A,32
data/DIPS-Plus/final/raw/c4/5c4i.pdb1_11.dill,train,component_88be8ca32b58,2,f3639|C;f3641|E,12
data/DIPS-Plus/final/raw/xj/2xjm.pdb1_10.dill,train,component_614b434b39fd,2,f33438|G,199
data/DIPS-Plus/final/raw/xf/2xfl.pdb1_5.dill,train,component_a3f0ff226abd,2,f37850|D,18
data/DIPS-Plus/final/raw/wn/3wnw.pdb1_19.dill,train,component_b132faf248c3,2,f8960|A,166
data/DIPS-Plus/final/raw/qv/4qvd.pdb1_1.dill,train,component_3a91453a0c33,2,f19254|F,68
data/DIPS-Plus/final/raw/ec/1ecj.pdb2_0.dill,train,component_544e369569db,2,f7324|B,6
data/DIPS-Plus/final/raw/q4/2q49.pdb1_4.dill,train,component_91bb87f66aba,2,f13787|D,10
data/DIPS-Plus/final/raw/xf/2xfl.pdb2_4.dill,train,component_a3f0ff226abd,2,f37850|D,18
data/DIPS-Plus/final/raw/qg/3qgk.pdb1_4.dill,train,component_0a11b8cea135,2,f4045|C;f7217|A,68
data/DIPS-Plus/final/raw/hd/3hd7.pdb1_2.dill,train,component_106141c15917,2,f12252|A;f30933|D,47
data/DIPS-Plus/final/raw/a4/5a4m.pdb1_5.dill,train,component_70573bb20c7e,2,f10401|S,84
data/DIPS-Plus/final/raw/tu/3tu4.pdb2_14.dill,train,component_ac9b67d94fe0,2,f7890|H;f7893|G,540
data/DIPS-Plus/final/raw/g8/3g83.pdb1_2.dill,train,component_e1be99cb7b48,2,f5555|B,65
data/DIPS-Plus/final/raw/bj/3bjq.pdb1_12.dill,train,component_f9691a6dfb32,2,f2466|E,15
data/DIPS-Plus/final/raw/v0/1v00.pdb2_0.dill,train,component_3846fef223eb,2,f34008|A,87
data/DIPS-Plus/final/raw/m0/4m0u.pdb1_0.dill,train,component_444ee286fb87,2,f8667|A,10
data/DIPS-Plus/final/raw/s3/1s3s.pdb1_6.dill,train,component_9534cf30313b,2,f17486|A,29
data/DIPS-Plus/final/raw/kx/1kxz.pdb1_1.dill,train,component_3e21623173d9,2,f6780|D,39
data/DIPS-Plus/final/raw/qv/4qv3.pdb1_20.dill,train,component_434b4b95b4fb,2,f2795|A;f2801|K,5298
data/DIPS-Plus/final/raw/og/2ogk.pdb1_3.dill,train,component_cbb95fc61807,2,f22962|D,3
data/DIPS-Plus/final/raw/x2/4x28.pdb1_1.dill,train,component_0bc1c7263176,2,f20126|C;f37581|C,45
data/DIPS-Plus/final/raw/es/2esd.pdb1_3.dill,train,component_a5ae5033bfd5,2,f2871|A,158
data/DIPS-Plus/final/raw/gs/4gsc.pdb3_0.dill,train,component_845ae8bc2499,2,f24379|B,5
data/DIPS-Plus/final/raw/sw/1swn.pdb1_2.dill,train,component_1c20fc5dbb94,2,f2215|A,117
data/DIPS-Plus/final/raw/hn/3hnj.pdb1_3.dill,train,component_94da1bcf6fc9,2,f1571|A,35
data/DIPS-Plus/final/raw/mm/4mmx.pdb1_0.dill,train,component_36fd2863bd29,2,f14467|A;f14467|B,74
data/DIPS-Plus/final/raw/ot/4ota.pdb1_11.dill,train,component_b1b6bd00f6e8,2,f9213|A,38
data/DIPS-Plus/final/raw/pw/1pwb.pdb1_1.dill,train,component_e1be99cb7b48,2,f5555|B,65
data/DIPS-Plus/final/raw/ls/3lsv.pdb1_2.dill,train,component_83983bc0ac2e,2,f7264|A,65
data/DIPS-Plus/final/raw/gk/4gk7.pdb1_58.dill,train,component_434b4b95b4fb,2,f2804|L;f4169|M,5298
data/DIPS-Plus/final/raw/jj/2jj2.pdb1_10.dill,train,component_94adb57dc428,2,f22903|P;f8518|B,140
data/DIPS-Plus/final/raw/mn/3mnn.pdb1_10.dill,train,component_ac9b67d94fe0,2,f7890|H;f7892|E,540
data/DIPS-Plus/final/raw/a0/2a0f.pdb1_0.dill,train,component_682cfaf7b9cd,2,f19|A;f977|B,88
data/DIPS-Plus/final/raw/ob/2oba.pdb1_2.dill,train,component_7bb45269bec2,2,f13744|I,23
data/DIPS-Plus/final/raw/hq/3hq2.pdb2_0.dill,train,component_e6c41ad4bf54,2,f12942|A,5
data/DIPS-Plus/final/raw/jq/3jqo.pdb1_120.dill,train,component_3f95699cb5e0,2,f16329|J,88
data/DIPS-Plus/final/raw/dc/1dch.pdb2_4.dill,train,component_134aa26bc57a,2,f36586|A,7
data/DIPS-Plus/final/raw/ts/4tsy.pdb1_0.dill,train,component_0a2299601483,2,f32412|A,4
data/DIPS-Plus/final/raw/a2/1a2z.pdb1_2.dill,train,component_8dfd740b41d5,2,f106|A,16
data/DIPS-Plus/final/raw/lq/4lqi.pdb1_42.dill,train,component_434b4b95b4fb,2,f2801|K;f2804|L,5298
data/DIPS-Plus/final/raw/is/3is8.pdb1_51.dill,train,component_34e475982e70,2,f21297|P,468
data/DIPS-Plus/final/raw/un/3uno.pdb1_33.dill,train,component_9bc6e7528b91,2,f33804|A,60
data/DIPS-Plus/final/raw/a6/2a6e.pdb1_9.dill,train,component_68a1d5712cb4,2,f10084|N;f10086|P,107
data/DIPS-Plus/final/raw/ib/1ibv.pdb1_10.dill,train,component_13fcfea43d5e,2,f14085|A,24
data/DIPS-Plus/final/raw/gn/2gnt.pdb1_0.dill,train,component_3846fef223eb,2,f34008|A,87
data/DIPS-Plus/final/raw/xx/1xxb.pdb1_8.dill,train,component_bc37471ea01d,2,f9029|D,56
data/DIPS-Plus/final/raw/xw/1xwo.pdb1_3.dill,train,component_bc632c4ac5e9,2,f7220|B,31
data/DIPS-Plus/final/raw/dw/2dwz.pdb2_0.dill,train,component_3317eff26aa7,2,f6451|A;f6451|B,8
data/DIPS-Plus/final/raw/na/4nah.pdb1_12.dill,train,component_40a8bd2c7c31,2,f21062|B,37
data/DIPS-Plus/final/raw/x4/4x4d.pdb1_0.dill,train,component_4f64bd1d6e88,2,f10016|M,19
data/DIPS-Plus/final/raw/lk/4lk6.pdb2_4.dill,train,component_912fb28b6367,2,f469|A,42
data/DIPS-Plus/final/raw/fz/3fz3.pdb1_14.dill,train,component_988ee4202916,2,f9671|B,35
data/DIPS-Plus/final/raw/zw/3zwp.pdb1_0.dill,train,component_163de7bead8a,2,f41944|B,14
data/DIPS-Plus/final/raw/fz/1fzw.pdb2_2.dill,train,component_a49032d130ba,2,f1918|A,67
data/DIPS-Plus/final/raw/xi/1xim.pdb1_1.dill,train,component_9eb6ce74d869,2,f5944|A,56
data/DIPS-Plus/final/raw/tr/3tr4.pdb1_10.dill,train,component_8fc540cc2cf9,2,f26571|A,82
data/DIPS-Plus/final/raw/i3/3i3b.pdb1_5.dill,train,component_1dbb8bb845fd,2,f22658|A,94
data/DIPS-Plus/final/raw/wg/3wg7.pdb1_24.dill,train,component_37ee44355407,2,f22687|I;f699|D,252
data/DIPS-Plus/final/raw/yx/4yxw.pdb1_12.dill,train,component_94adb57dc428,2,f22903|P;f8518|B,140
data/DIPS-Plus/final/raw/eh/3ehw.pdb2_1.dill,train,component_7eb86cefcaf9,2,f7554|A,51
data/DIPS-Plus/final/raw/v5/1v54.pdb1_4.dill,train,component_37ee44355407,2,f19268|A;f22683|T,252
data/DIPS-Plus/final/raw/qj/1qjx.pdb1_1.dill,train,component_43bde24ea006,2,f36726|C;f4009|A,157
data/DIPS-Plus/final/raw/oa/3oaa.pdb4_8.dill,train,component_94adb57dc428,2,f16078|C;f8518|B,140
data/DIPS-Plus/final/raw/ga/1gav.pdb1_106.dill,train,component_eec1106aefa3,2,f1310|A,112
data/DIPS-Plus/final/raw/un/1un0.pdb2_0.dill,train,component_e0cf59bcb992,1,f33508|A,6
data/DIPS-Plus/final/raw/tl/3tlt.pdb1_2.dill,train,component_83983bc0ac2e,2,f7264|A,65
data/DIPS-Plus/final/raw/m8/1m8v.pdb1_0.dill,train,component_37decb0b4472,2,f31907|A,63
data/DIPS-Plus/final/raw/uw/1uwa.pdb1_5.dill,train,component_26289733d6da,2,f29327|B,423
data/DIPS-Plus/final/raw/iz/4izn.pdb3_5.dill,train,component_7dc74917b25c,2,f17358|D,139
data/DIPS-Plus/final/raw/bl/3blx.pdb2_2.dill,train,component_797ee778df31,2,f2605|E;f5297|C,60
data/DIPS-Plus/final/raw/he/4he8.pdb2_9.dill,train,component_f12a7ad4c5c8,2,f12292|I;f12294|E,98
data/DIPS-Plus/final/raw/by/2byx.pdb1_0.dill,train,component_a97e6d8a06f7,2,f35742|A,33
data/DIPS-Plus/final/raw/kw/4kwf.pdb1_3.dill,train,component_b303ed22c9ea,2,f12175|A,165
data/DIPS-Plus/final/raw/gt/2gtl.pdb1_25.dill,train,component_f55b8deebc9e,2,f36267|C,58
data/DIPS-Plus/final/raw/j2/1j2q.pdb1_27.dill,train,component_434b4b95b4fb,2,f16443|I,5298
data/DIPS-Plus/final/raw/iv/1ivq.pdb1_0.dill,train,component_3fd789c4cddc,2,f956|A,233
data/DIPS-Plus/final/raw/dq/1dq8.pdb1_0.dill,train,component_ec878626cba7,2,f3972|A,66
data/DIPS-Plus/final/raw/qw/4qwl.pdb1_54.dill,train,component_434b4b95b4fb,2,f2796|H,5298
data/DIPS-Plus/final/raw/r6/4r67.pdb1_84.dill,train,component_434b4b95b4fb,2,f2797|I;f29082|K,5298
data/DIPS-Plus/final/raw/ej/2ej0.pdb1_0.dill,train,component_7e417d19bd9a,2,f7594|B,60
data/DIPS-Plus/final/raw/hp/2hpe.pdb1_0.dill,train,component_3fd789c4cddc,2,f956|A,233
data/DIPS-Plus/final/raw/ks/1ksx.pdb1_2.dill,train,component_b6096cca396b,2,f17674|A,4
data/DIPS-Plus/final/raw/yb/2ybv.pdb1_44.dill,train,component_26289733d6da,2,f29327|B,423
data/DIPS-Plus/final/raw/hr/4hrd.pdb1_52.dill,train,component_434b4b95b4fb,2,f2796|H;f4169|M,5298
data/DIPS-Plus/final/raw/k9/3k92.pdb1_5.dill,train,component_285b6b6a5917,2,f13098|A,63
data/DIPS-Plus/final/raw/q0/3q0e.pdb1_0.dill,train,component_fd566c02298b,2,f24963|A,9
data/DIPS-Plus/final/raw/d2/2d2o.pdb1_0.dill,train,component_041da684bee6,2,f5187|A,6
data/DIPS-Plus/final/raw/cv/4cvy.pdb2_0.dill,train,component_f8ae98f923f8,2,f38691|F,17
data/DIPS-Plus/final/raw/ot/4otb.pdb1_0.dill,train,component_b1b6bd00f6e8,2,f9213|A,38
data/DIPS-Plus/final/raw/hw/2hwc.pdb1_1.dill,train,component_43bde24ea006,2,f36726|C;f4009|A,157
data/DIPS-Plus/final/raw/qz/4qzx.pdb1_16.dill,train,component_434b4b95b4fb,2,f2795|A,5298
data/DIPS-Plus/final/raw/k2/3k2x.pdb1_1.dill,train,component_9001d74170f4,2,f14242|A,82
data/DIPS-Plus/final/raw/ah/3ahp.pdb1_1.dill,train,component_21589158f2a4,2,f935|B,6
data/DIPS-Plus/final/raw/by/2bys.pdb2_3.dill,train,component_b41a5248b4e1,2,f30963|C,270
data/DIPS-Plus/final/raw/y7/4y7y.pdb1_17.dill,train,component_434b4b95b4fb,2,f2795|A;f29082|K,5298
data/DIPS-Plus/final/raw/wa/1wa3.pdb2_0.dill,train,component_6c806abe3279,2,f7001|C,24
data/DIPS-Plus/final/raw/ju/4jus.pdb1_3.dill,train,component_4022becada14,2,f16690|B,4
data/DIPS-Plus/final/raw/y9/4y9z.pdb1_32.dill,train,component_434b4b95b4fb,2,f2795|A;f2801|K,5298
data/DIPS-Plus/final/raw/r6/4r67.pdb1_16.dill,train,component_434b4b95b4fb,2,f2795|A,5298
data/DIPS-Plus/final/raw/iy/2iy4.pdb1_21.dill,train,component_614b434b39fd,2,f33438|G,199
data/DIPS-Plus/final/raw/gh/1gh0.pdb2_24.dill,train,component_2bafc3b54369,2,f18666|B;f34591|A,203
data/DIPS-Plus/final/raw/ox/2ox4.pdb1_11.dill,train,component_d31dd9e68a46,2,f23658|C,57
data/DIPS-Plus/final/raw/m6/4m6b.pdb2_0.dill,train,component_ac9b67d94fe0,2,f19329|D;f19329|F,540
data/DIPS-Plus/final/raw/yc/1yce.pdb1_10.dill,train,component_e0c0fa47e971,2,f2377|J,84
data/DIPS-Plus/final/raw/oc/1occ.pdb1_50.dill,train,component_37ee44355407,2,f1406|S;f19268|A,252
data/DIPS-Plus/final/raw/tb/1tb3.pdb3_0.dill,train,component_b56ca64d848d,2,f31420|A,21
data/DIPS-Plus/final/raw/ux/3uxy.pdb5_0.dill,train,component_71c3501043a3,2,f22849|A,99
data/DIPS-Plus/final/raw/gt/2gtd.pdb4_8.dill,train,component_c2e52ddc6e8d,2,f2369|A,15
data/DIPS-Plus/final/raw/c6/2c6q.pdb2_1.dill,train,component_dc08328795a4,2,f3696|B,16
data/DIPS-Plus/final/raw/st/3stc.pdb1_5.dill,train,component_279e342b360e,2,f16650|B,59
data/DIPS-Plus/final/raw/pi/4pi2.pdb1_15.dill,train,component_ffd34fa8cb6f,2,f24527|A;f24527|B,18
data/DIPS-Plus/final/raw/qh/2qhd.pdb1_0.dill,train,component_ac5b27933711,2,f1221|A,56
data/DIPS-Plus/final/raw/un/3une.pdb2_3.dill,train,component_434b4b95b4fb,2,f2795|A;f2801|K,5298
data/DIPS-Plus/final/raw/rs/1rsc.pdb1_44.dill,train,component_26289733d6da,2,f34169|F,423
data/DIPS-Plus/final/raw/iu/2iuo.pdb1_10.dill,train,component_5793195ce137,2,f14976|A,125
data/DIPS-Plus/final/raw/hy/1hy2.pdb1_2.dill,train,component_1c20fc5dbb94,2,f2215|A,117
data/DIPS-Plus/final/raw/rz/4rz4.pdb1_7.dill,train,component_2ffc152ff289,2,f30521|E,70
data/DIPS-Plus/final/raw/af/3afa.pdb1_8.dill,train,component_ac9b67d94fe0,2,f7892|E;f7893|G,540
data/DIPS-Plus/final/raw/v7/2v7p.pdb1_0.dill,train,component_bd21bbc9c2d7,2,f1048|D,197
data/DIPS-Plus/final/raw/to/3tos.pdb7_6.dill,train,component_00b2b89f271a,2,f32159|B,89
data/DIPS-Plus/final/raw/er/3erz.pdb2_0.dill,train,component_b132faf248c3,2,f8960|A,166
data/DIPS-Plus/final/raw/ya/1ya7.pdb1_19.dill,train,component_434b4b95b4fb,2,f2795|A,5298
data/DIPS-Plus/final/raw/pl/4plw.pdb1_5.dill,train,component_bd21bbc9c2d7,2,f1048|D,197
data/DIPS-Plus/final/raw/cg/5cgg.pdb1_5.dill,train,component_434b4b95b4fb,2,f2795|A,5298
data/DIPS-Plus/final/raw/i0/3i04.pdb1_4.dill,train,component_6c61d2cae9b2,2,f13662|A;f13663|M,23
data/DIPS-Plus/final/raw/et/4etp.pdb1_0.dill,train,component_fe7decf9d5ff,2,f8020|A;f8020|B,9
data/DIPS-Plus/final/raw/cc/3cc2.pdb1_15.dill,train,component_d0b1705c8b0d,2,f1198|E;f3894|U,61
data/DIPS-Plus/final/raw/qv/4qv7.pdb1_72.dill,train,component_434b4b95b4fb,2,f2795|A;f29082|K,5298
data/DIPS-Plus/final/raw/vd/3vd3.pdb1_5.dill,train,component_1dbb8bb845fd,2,f22658|A,94
data/DIPS-Plus/final/raw/ty/3ty6.pdb1_5.dill,train,component_556017846b05,2,f40942|A,61
data/DIPS-Plus/final/raw/i5/1i5l.pdb1_3.dill,train,component_37decb0b4472,2,f31907|A,63
data/DIPS-Plus/final/raw/sy/3sy8.pdb2_3.dill,train,component_143cda1e4e0a,2,f31403|B,14
data/DIPS-Plus/final/raw/y8/4y8q.pdb1_55.dill,train,component_434b4b95b4fb,2,f2796|H,5298
data/DIPS-Plus/final/raw/e7/4e79.pdb1_1.dill,train,component_30a5eed3b2c3,2,f7174|B,93
data/DIPS-Plus/final/raw/rz/4rz4.pdb1_20.dill,train,component_2ffc152ff289,2,f30521|E,70
data/DIPS-Plus/final/raw/pg/2pga.pdb1_3.dill,train,component_302a40209e0a,2,f19434|A,136
data/DIPS-Plus/final/raw/pr/2prr.pdb1_1.dill,train,component_7e5117f4f5ca,2,f25011|D,19
data/DIPS-Plus/final/raw/sq/3sq6.pdb2_3.dill,train,component_b41a5248b4e1,2,f30963|C,270
data/DIPS-Plus/final/raw/fj/4fj0.pdb3_1.dill,train,component_71c3501043a3,2,f9776|A,99
data/DIPS-Plus/final/raw/gh/1gh0.pdb1_6.dill,train,component_2bafc3b54369,2,f18666|B;f34591|A,203
data/DIPS-Plus/final/raw/ce/5cev.pdb1_2.dill,train,component_0a57b0b3a98c,2,f13046|A,69
data/DIPS-Plus/final/raw/bh/1bhn.pdb1_10.dill,train,component_ed40f3402ed5,2,f38315|A,207
data/DIPS-Plus/final/raw/un/3une.pdb1_7.dill,train,component_434b4b95b4fb,2,f2795|A;f2797|I,5298
data/DIPS-Plus/final/raw/bv/2bvc.pdb1_4.dill,train,component_8e4f5fa9fcad,2,f13290|A,180
data/DIPS-Plus/final/raw/gq/1gqm.pdb2_3.dill,train,component_25ff2e76c131,2,f10593|L,56
data/DIPS-Plus/final/raw/ei/4eil.pdb3_0.dill,train,component_b38398478740,2,f33464|A,61
data/DIPS-Plus/final/raw/bk/2bk3.pdb1_0.dill,train,component_9f50b4de2c3b,2,f2498|A,17
data/DIPS-Plus/final/raw/mi/3mi0.pdb1_64.dill,train,component_227343122cc0,2,f19832|R,238
data/DIPS-Plus/final/raw/xb/4xby.pdb2_0.dill,train,component_c324d1563f1d,2,f29267|B,9
data/DIPS-Plus/final/raw/po/2poz.pdb1_11.dill,train,component_d31dd9e68a46,2,f23658|C,57
data/DIPS-Plus/final/raw/lw/1lw5.pdb1_4.dill,train,component_fa1949aee23a,2,f9205|D,24
data/DIPS-Plus/final/raw/gu/4gum.pdb3_2.dill,train,component_c34aab602920,2,f10342|A,67
data/DIPS-Plus/final/raw/ua/4ua2.pdb3_0.dill,train,component_e1fd71551543,2,f33044|B,2
data/DIPS-Plus/final/raw/mr/4mrt.pdb1_0.dill,train,component_c9528d68aa97,2,f20275|A;f20275|C,4
data/DIPS-Plus/final/raw/n0/4n0h.pdb1_1.dill,train,component_a5d5f52db26b,2,f20524|F;f5775|A,18
data/DIPS-Plus/final/raw/zc/2zcy.pdb1_59.dill,train,component_434b4b95b4fb,2,f2796|H;f4169|M,5298
data/DIPS-Plus/final/raw/qw/4qw1.pdb1_34.dill,train,component_434b4b95b4fb,2,f2796|H;f2804|L,5298
data/DIPS-Plus/final/raw/a6/3a60.pdb1_0.dill,train,component_e57002389156,2,f22005|A,18
data/DIPS-Plus/final/raw/hd/3hd7.pdb1_3.dill,train,component_106141c15917,2,f12258|F;f20785|C,47
data/DIPS-Plus/final/raw/vh/1vhw.pdb1_5.dill,train,component_dab9bbfc1f61,2,f22889|A,83
data/DIPS-Plus/final/raw/ql/4qls.pdb1_49.dill,train,component_434b4b95b4fb,2,f2796|H;f4169|M,5298
data/DIPS-Plus/final/raw/e1/3e1q.pdb1_2.dill,train,component_34e475982e70,2,f21297|P,468
data/DIPS-Plus/final/raw/a5/2a57.pdb2_7.dill,train,component_cadf81625f43,2,f3575|A,95
data/DIPS-Plus/final/raw/mg/3mg8.pdb1_62.dill,train,component_434b4b95b4fb,2,f2795|A,5298
data/DIPS-Plus/final/raw/wa/1wap.pdb1_12.dill,train,component_b93d01259209,2,f11380|M,68
data/DIPS-Plus/final/raw/qw/4qw1.pdb1_62.dill,train,component_434b4b95b4fb,2,f2795|A;f2797|I,5298
data/DIPS-Plus/final/raw/re/3re7.pdb1_16.dill,train,component_b132faf248c3,2,f8960|A,166
data/DIPS-Plus/final/raw/eu/4eud.pdb1_0.dill,train,component_be17a2c7954f,2,f8051|A,9
data/DIPS-Plus/final/raw/za/2zaf.pdb1_1.dill,train,component_47342423dbd9,2,f3405|A,17
data/DIPS-Plus/final/raw/ll/1llu.pdb2_3.dill,train,component_00312b433d12,2,f16699|A,65
data/DIPS-Plus/final/raw/bp/1bpw.pdb1_5.dill,train,component_a5ae5033bfd5,2,f2871|A,158
data/DIPS-Plus/final/raw/fl/4flc.pdb1_1.dill,train,component_5cb3e751e57e,2,f9185|B,18
data/DIPS-Plus/final/raw/ju/4jus.pdb1_0.dill,train,component_4022becada14,2,f16690|B,4
data/DIPS-Plus/final/raw/e1/3e1q.pdb1_13.dill,train,component_34e475982e70,2,f21297|P,468
data/DIPS-Plus/final/raw/kq/4kqw.pdb1_0.dill,train,component_c6f31525b78d,2,f37835|B,9
data/DIPS-Plus/final/raw/it/3ity.pdb1_5.dill,train,component_37d8b7994257,2,f19099|C,36
data/DIPS-Plus/final/raw/oa/3oac.pdb1_4.dill,train,component_a42087564e88,2,f1334|B;f17657|B,23
data/DIPS-Plus/final/raw/mm/3mmc.pdb1_4.dill,train,component_8ef3f8302a97,2,f23442|B,41
data/DIPS-Plus/final/raw/gd/2gdf.pdb1_2.dill,train,component_b4de1901de2f,2,f1702|A,48
data/DIPS-Plus/final/raw/ho/3hou.pdb1_23.dill,train,component_5c83bf74bad8,2,f207|D;f216|G,407
data/DIPS-Plus/final/raw/g8/2g82.pdb1_5.dill,train,component_33df824bc6ed,2,f6159|A,186
data/DIPS-Plus/final/raw/an/1an9.pdb1_0.dill,train,component_398a2e8f6816,2,f36483|A,43
data/DIPS-Plus/final/raw/h4/4h4l.pdb2_11.dill,train,component_75741e942358,2,f2774|A,21
data/DIPS-Plus/final/raw/f7/1f7q.pdb1_1.dill,train,component_e8a9f012d435,2,f8568|A,3
data/DIPS-Plus/final/raw/z3/2z3b.pdb1_5.dill,train,component_556017846b05,2,f40942|A,61
data/DIPS-Plus/final/raw/v4/2v4y.pdb1_3.dill,train,component_61f27b63d82f,2,f7719|A,24
data/DIPS-Plus/final/raw/qv/4qvw.pdb1_42.dill,train,component_434b4b95b4fb,2,f2801|K;f2804|L,5298
data/DIPS-Plus/final/raw/qi/4qid.pdb1_0.dill,train,component_6b2bfbcb2d64,2,f25859|A,14
data/DIPS-Plus/final/raw/wu/4wu8.pdb1_7.dill,train,component_ac9b67d94fe0,2,f19329|D;f7890|H,540
data/DIPS-Plus/final/raw/to/4to5.pdb1_3.dill,train,component_cbd647f8551e,2,f30343|B,53
data/DIPS-Plus/final/raw/iv/1iv2.pdb2_2.dill,train,component_9001d74170f4,2,f14242|A,82
data/DIPS-Plus/final/raw/n9/1n9r.pdb2_1.dill,train,component_d114c8e810d2,2,f8593|I,47
data/DIPS-Plus/final/raw/um/4um3.pdb6_4.dill,train,component_b41a5248b4e1,2,f30963|C,270
data/DIPS-Plus/final/raw/ib/1ibu.pdb1_0.dill,train,component_13fcfea43d5e,2,f14073|B;f14085|A,24
data/DIPS-Plus/final/raw/bo/5bou.pdb1_17.dill,train,component_434b4b95b4fb,2,f2795|A;f29082|K,5298
data/DIPS-Plus/final/raw/r7/4r7w.pdb4_6.dill,train,component_beb4e4b6eda0,2,f29177|D,11
data/DIPS-Plus/final/raw/l5/4l5y.pdb2_0.dill,train,component_5ef477b65350,2,f18141|B,21
data/DIPS-Plus/final/raw/r6/4r67.pdb1_59.dill,train,component_434b4b95b4fb,2,f2795|A;f29073|G,5298
data/DIPS-Plus/final/raw/pr/7prc.pdb1_3.dill,train,component_83d04836fea7,2,f5266|M;f6540|H,147
data/DIPS-Plus/final/raw/wo/1woi.pdb1_6.dill,train,component_ca98b9c20a85,2,f21414|A,33
data/DIPS-Plus/final/raw/wi/3wir.pdb1_0.dill,train,component_16d5540b1084,2,f17750|E,3
data/DIPS-Plus/final/raw/c1/2c12.pdb1_4.dill,train,component_47342423dbd9,2,f3405|A,17
data/DIPS-Plus/final/raw/qz/4qzx.pdb1_32.dill,train,component_434b4b95b4fb,2,f2796|H,5298
data/DIPS-Plus/final/raw/d1/1d1v.pdb1_0.dill,train,component_84c7923e0c4e,2,f5160|A,130
data/DIPS-Plus/final/raw/gl/2glp.pdb1_2.dill,train,component_daeaa15c9da4,2,f2037|A,68
data/DIPS-Plus/final/raw/yg/1yg6.pdb1_40.dill,train,component_1ec8d5ee7899,2,f31896|E,232
data/DIPS-Plus/final/raw/ty/3ty6.pdb1_0.dill,train,component_556017846b05,2,f40942|A,61
data/DIPS-Plus/final/raw/n5/3n5i.pdb1_3.dill,train,component_d99565ce12eb,2,f20699|D,18
data/DIPS-Plus/final/raw/af/2af4.pdb1_0.dill,train,component_3b76fa3f2618,2,f814|C,5
data/DIPS-Plus/final/raw/hf/3hf9.pdb1_15.dill,train,component_227343122cc0,2,f19841|F,238
data/DIPS-Plus/final/raw/qv/4qv3.pdb1_32.dill,train,component_434b4b95b4fb,2,f2796|H,5298
data/DIPS-Plus/final/raw/to/3tos.pdb1_5.dill,train,component_00b2b89f271a,2,f32159|B,89
data/DIPS-Plus/final/raw/xr/2xr8.pdb1_0.dill,train,component_cc2db7ce7b0d,2,f10306|A;f38348|B,188
data/DIPS-Plus/final/raw/cv/2cvd.pdb2_0.dill,train,component_bf080fa75e5c,2,f23139|A,54
data/DIPS-Plus/final/raw/hy/3hye.pdb1_82.dill,train,component_434b4b95b4fb,2,f2795|A;f2801|K,5298
data/DIPS-Plus/final/raw/zy/1zy8.pdb2_2.dill,train,component_62b5c47414b7,2,f34555|A;f42047|L,23
data/DIPS-Plus/final/raw/is/3is8.pdb1_62.dill,train,component_34e475982e70,2,f21297|P,468
data/DIPS-Plus/final/raw/af/5afk.pdb1_2.dill,train,component_b41a5248b4e1,2,f30963|C,270
data/DIPS-Plus/final/raw/ez/3ezq.pdb3_1.dill,train,component_f4365caec4e3,2,f8260|A,12
data/DIPS-Plus/final/raw/ab/3abm.pdb1_0.dill,train,component_37ee44355407,2,f19268|A;f19268|B,252
data/DIPS-Plus/final/raw/xj/2xjo.pdb1_14.dill,train,component_614b434b39fd,2,f33438|G,199
data/DIPS-Plus/final/raw/ow/4ow2.pdb2_0.dill,train,component_e5894bcf6b9a,2,f23640|A,3
data/DIPS-Plus/final/raw/vq/1vq9.pdb1_7.dill,train,component_d0b1705c8b0d,2,f1198|A;f1198|E,61
data/DIPS-Plus/final/raw/oy/2oy9.pdb1_0.dill,train,component_8a35daf19d46,2,f23731|A,1
data/DIPS-Plus/final/raw/n3/1n33.pdb1_7.dill,train,component_2769bc9bd428,2,f1361|H;f40338|E,66
data/DIPS-Plus/final/raw/iw/3iwp.pdb2_1.dill,train,component_5818656732fd,2,f15166|A,21
data/DIPS-Plus/final/raw/gv/3gvk.pdb1_2.dill,train,component_f9c9e7fc9508,2,f11623|B,6
data/DIPS-Plus/final/raw/sv/1svm.pdb1_5.dill,train,component_e31b16462325,2,f31268|A,8
data/DIPS-Plus/final/raw/us/3usu.pdb1_3.dill,train,component_3846fef223eb,2,f34008|A,87
data/DIPS-Plus/final/raw/gm/1gm7.pdb1_0.dill,train,component_f6cdd67be66f,2,f6972|A;f6972|B,13
data/DIPS-Plus/final/raw/vg/3vgt.pdb2_0.dill,train,component_ed40f3402ed5,2,f38315|A,207
data/DIPS-Plus/final/raw/hk/1hkx.pdb1_6.dill,train,component_4b75afe38a4c,2,f12769|E,27
data/DIPS-Plus/final/raw/as/4asu.pdb1_0.dill,train,component_94adb57dc428,2,f16078|C;f8518|B,140
data/DIPS-Plus/final/raw/p6/1p65.pdb1_0.dill,train,component_e3af17976d83,2,f24045|A,1
data/DIPS-Plus/final/raw/dd/2dd5.pdb1_7.dill,train,component_d97ae9e83559,2,f5626|H;f913|A,213
data/DIPS-Plus/final/raw/y8/4y8j.pdb1_31.dill,train,component_434b4b95b4fb,2,f2796|H;f2797|I,5298
data/DIPS-Plus/final/raw/ls/3lsv.pdb1_1.dill,train,component_83983bc0ac2e,2,f7264|A,65
data/DIPS-Plus/final/raw/ul/3ulp.pdb1_0.dill,train,component_0cacd6837131,2,f7881|B,21
data/DIPS-Plus/final/raw/mr/1mr7.pdb2_1.dill,train,component_c58b65bc29fb,2,f17652|A,38
data/DIPS-Plus/final/raw/rl/4rld.pdb6_0.dill,train,component_581c03dede8c,2,f29922|C,1
data/DIPS-Plus/final/raw/gl/2glv.pdb1_5.dill,train,component_daeaa15c9da4,2,f2037|A,68
data/DIPS-Plus/final/raw/cg/5cgg.pdb1_41.dill,train,component_434b4b95b4fb,2,f2801|K;f29082|K,5298
data/DIPS-Plus/final/raw/i5/1i5l.pdb2_4.dill,train,component_37decb0b4472,2,f31907|A,63
data/DIPS-Plus/final/raw/hg/4hgq.pdb2_4.dill,train,component_a65200ab998f,2,f21077|C,59
data/DIPS-Plus/final/raw/cp/1cpj.pdb1_0.dill,train,component_6989ae3ca87d,2,f17198|A,4
data/DIPS-Plus/final/raw/cp/1cpc.pdb6_0.dill,train,component_2bafc3b54369,2,f18666|B;f34591|A,203
data/DIPS-Plus/final/raw/fm/2fm5.pdb1_5.dill,train,component_9b1c7686fa55,2,f31051|B,16
data/DIPS-Plus/final/raw/fp/4fpr.pdb6_2.dill,train,component_dddc38c79132,2,f9431|A,6
data/DIPS-Plus/final/raw/oz/3ozf.pdb1_0.dill,train,component_528b1d60c169,2,f23787|B,37
data/DIPS-Plus/final/raw/hb/3hb9.pdb1_1.dill,train,component_68d9fba6bb24,2,f12198|A,41
data/DIPS-Plus/final/raw/tw/4tw1.pdb1_4.dill,train,component_1f5ab24da17d,2,f1172|A;f32607|D,29
data/DIPS-Plus/final/raw/a9/2a9j.pdb1_0.dill,train,component_e35cfaeb65b6,2,f11968|A,13
data/DIPS-Plus/final/raw/mq/3mqt.pdb2_1.dill,train,component_fbe663e4e5fe,2,f20205|E,48
data/DIPS-Plus/final/raw/bs/2bs2.pdb1_1.dill,train,component_c06dbf9cc75a,2,f3009|A,141
data/DIPS-Plus/final/raw/gf/4gf5.pdb1_4.dill,train,component_00b2b89f271a,2,f32159|B,89
data/DIPS-Plus/final/raw/fl/3flp.pdb1_14.dill,train,component_fe4cbb351363,2,f9155|A,28
data/DIPS-Plus/final/raw/et/4etw.pdb2_0.dill,train,component_30a5eed3b2c3,2,f7644|E;f8022|C,93
data/DIPS-Plus/final/raw/z7/1z7m.pdb2_2.dill,train,component_e28319b87cf0,2,f22392|A;f41107|B,22
data/DIPS-Plus/final/raw/qw/4qwi.pdb1_79.dill,train,component_434b4b95b4fb,2,f2795|A;f4169|M,5298
data/DIPS-Plus/final/raw/c3/2c38.pdb2_0.dill,train,component_4fd5113f9f3d,2,f2174|A;f3506|P,50
data/DIPS-Plus/final/raw/j1/1j1j.pdb1_4.dill,train,component_fef8c8c58051,2,f1605|A,28
data/DIPS-Plus/final/raw/oj/2oj6.pdb2_2.dill,train,component_dbee5830573a,2,f30822|B,27
data/DIPS-Plus/final/raw/iy/2iy4.pdb2_17.dill,train,component_614b434b39fd,2,f33438|G,199
data/DIPS-Plus/final/raw/u6/4u6u.pdb1_0.dill,train,component_d469448ceafe,2,f32954|A;f32955|D,3
data/DIPS-Plus/final/raw/qv/4qvw.pdb1_71.dill,train,component_434b4b95b4fb,2,f2795|A,5298
data/DIPS-Plus/final/raw/hp/1hps.pdb1_0.dill,train,component_3fd789c4cddc,2,f956|A,233
data/DIPS-Plus/final/raw/gx/4gxa.pdb1_0.dill,train,component_e596fd42c9fd,2,f11695|A,2
data/DIPS-Plus/final/raw/fo/1fou.pdb1_7.dill,train,component_a6c219863748,2,f9320|A,42
data/DIPS-Plus/final/raw/uw/1uwa.pdb1_39.dill,train,component_26289733d6da,2,f29327|B,423
data/DIPS-Plus/final/raw/fg/2fg6.pdb3_1.dill,train,component_9ecd8d6df6c3,2,f8943|X,17
data/DIPS-Plus/final/raw/ru/8ruc.pdb1_13.dill,train,component_26289733d6da,2,f34169|F,423
data/DIPS-Plus/final/raw/dj/1dju.pdb1_0.dill,train,component_c8cd04956916,2,f37997|C,13
data/DIPS-Plus/final/raw/jt/3jtl.pdb1_31.dill,train,component_434b4b95b4fb,2,f2795|A,5298
data/DIPS-Plus/final/raw/q8/3q83.pdb1_2.dill,train,component_ed40f3402ed5,2,f38315|A,207
data/DIPS-Plus/final/raw/ix/3ixq.pdb1_5.dill,train,component_13210147afb3,2,f8611|A,23
data/DIPS-Plus/final/raw/aj/4aj1.pdb1_2.dill,train,component_bd21bbc9c2d7,2,f1048|D,197
data/DIPS-Plus/final/raw/y9/4y9z.pdb1_93.dill,train,component_434b4b95b4fb,2,f29073|G;f4169|M,5298
data/DIPS-Plus/final/raw/gu/4gu7.pdb2_0.dill,train,component_68dcf140a5f0,2,f11548|B,9
data/DIPS-Plus/final/raw/vp/1vpx.pdb2_18.dill,train,component_2ffc152ff289,2,f30521|E,70
data/DIPS-Plus/final/raw/ew/2ewc.pdb1_15.dill,train,component_74a4db36a680,2,f8105|B,39
data/DIPS-Plus/final/raw/gl/3gli.pdb2_1.dill,train,component_7f22ec099057,2,f10995|E;f11014|F,25
data/DIPS-Plus/final/raw/zc/2zcy.pdb1_50.dill,train,component_434b4b95b4fb,2,f29082|K,5298
data/DIPS-Plus/final/raw/fb/1fbx.pdb2_0.dill,train,component_b87eafd06a6a,2,f8796|A,44
data/DIPS-Plus/final/raw/m5/1m5q.pdb2_18.dill,train,component_b7a9679c0a27,2,f19277|W,28
data/DIPS-Plus/final/raw/qv/1qvf.pdb1_19.dill,train,component_1ba2a79cf448,2,f35806|R;f3897|V,50
data/DIPS-Plus/final/raw/y7/2y75.pdb3_0.dill,train,component_24fef05f0c0d,2,f38854|E,5
data/DIPS-Plus/final/raw/qv/4qvq.pdb1_7.dill,train,component_434b4b95b4fb,2,f2795|A;f2797|I,5298
data/DIPS-Plus/final/raw/y8/4y81.pdb1_96.dill,train,component_434b4b95b4fb,2,f2804|L;f4169|M,5298
data/DIPS-Plus/final/raw/iq/3iqf.pdb1_11.dill,train,component_8db84e2de63f,2,f14631|A,90
data/DIPS-Plus/final/raw/w6/1w6u.pdb1_3.dill,train,component_6a138b8472f5,2,f35899|A,62
data/DIPS-Plus/final/raw/e1/3e1l.pdb1_23.dill,train,component_34e475982e70,2,f21297|P,468
data/DIPS-Plus/final/raw/p6/4p6y.pdb1_1.dill,train,component_7dab729107ae,2,f24066|A,18
data/DIPS-Plus/final/raw/rc/1rco.pdb1_6.dill,train,component_26289733d6da,2,f29327|B;f34169|F,423
data/DIPS-Plus/final/raw/uw/1uwa.pdb1_47.dill,train,component_26289733d6da,2,f34169|F,423
data/DIPS-Plus/final/raw/qb/3qb7.pdb2_0.dill,train,component_272bd24d9d54,2,f25850|B;f7927|G,16
data/DIPS-Plus/final/raw/fp/1fpy.pdb1_2.dill,train,component_8e4f5fa9fcad,2,f13290|A,180
data/DIPS-Plus/final/raw/cv/2cvl.pdb1_0.dill,train,component_9b9e11ff6466,2,f21654|E,58
data/DIPS-Plus/final/raw/qv/4qv3.pdb1_39.dill,train,component_434b4b95b4fb,2,f2801|K;f29082|K,5298
data/DIPS-Plus/final/raw/qw/4qwr.pdb1_0.dill,train,component_434b4b95b4fb,2,f2795|A,5298
data/DIPS-Plus/final/raw/y5/2y5l.pdb1_5.dill,train,component_0eed9e9060e3,2,f29504|A,46
data/DIPS-Plus/final/raw/ry/1ryp.pdb1_43.dill,train,component_434b4b95b4fb,2,f2796|H;f4169|M,5298
data/DIPS-Plus/final/raw/l9/1l9r.pdb1_0.dill,train,component_c550b88ac14c,2,f24927|B,60
data/DIPS-Plus/final/raw/d1/1d1s.pdb3_0.dill,train,component_67c7295ba7b6,2,f11019|A,33
data/DIPS-Plus/final/raw/j2/1j21.pdb1_5.dill,train,component_0d506d1e80cb,2,f15437|A,30
data/DIPS-Plus/final/raw/gi/4gi0.pdb1_1.dill,train,component_a2c2ea65d466,2,f37722|A,18
data/DIPS-Plus/final/raw/cm/4cmy.pdb1_26.dill,train,component_13909753b42e,2,f3175|A,203
data/DIPS-Plus/final/raw/is/4ism.pdb1_8.dill,train,component_cd38d549f724,2,f14889|D,85
data/DIPS-Plus/final/raw/rb/4rbu.pdb1_0.dill,train,component_a15dd122f891,2,f29364|B,21
data/DIPS-Plus/final/raw/n8/3n82.pdb2_2.dill,train,component_b303ed22c9ea,2,f12175|A,165
data/DIPS-Plus/final/raw/nu/2nuu.pdb3_30.dill,train,component_6a6120c768fa,2,f15800|C,175
data/DIPS-Plus/final/raw/re/3re7.pdb1_0.dill,train,component_b132faf248c3,2,f8960|A,166
data/DIPS-Plus/final/raw/z1/4z1l.pdb1_37.dill,train,component_434b4b95b4fb,2,f2797|I;f2801|K,5298
data/DIPS-Plus/final/raw/jq/3jqo.pdb1_48.dill,train,component_3f95699cb5e0,2,f16329|J,88
data/DIPS-Plus/final/raw/a9/3a98.pdb2_0.dill,train,component_0a2277bf5a4e,2,f568|A;f568|B,3
data/DIPS-Plus/final/raw/fb/3fbb.pdb1_1.dill,train,component_ed40f3402ed5,2,f38315|A,207
data/DIPS-Plus/final/raw/hr/3hrd.pdb1_6.dill,train,component_2d00407acdf9,2,f13122|G;f30859|A,94
data/DIPS-Plus/final/raw/v5/3v5n.pdb1_5.dill,train,component_d0cc255a8b25,2,f6367|A,12
data/DIPS-Plus/final/raw/um/4ump.pdb1_0.dill,train,component_00265175198a,2,f5213|D,82
data/DIPS-Plus/final/raw/zn/2zny.pdb5_0.dill,train,component_380c0d9a670b,2,f13976|A,12
data/DIPS-Plus/final/raw/yh/4yhh.pdb1_5.dill,train,component_f29742d67d58,2,f1365|C;f40332|J,80
data/DIPS-Plus/final/raw/g0/1g0u.pdb1_69.dill,train,component_434b4b95b4fb,2,f2795|A;f2804|L,5298
data/DIPS-Plus/final/raw/j7/4j76.pdb1_0.dill,train,component_9bbfef1f6440,2,f29050|A,10
data/DIPS-Plus/final/raw/hn/4hnz.pdb1_19.dill,train,component_556017846b05,2,f40942|A,61
data/DIPS-Plus/final/raw/nd/1ndo.pdb1_0.dill,train,component_cc2db7ce7b0d,2,f10306|A;f2665|B,188
data/DIPS-Plus/final/raw/y9/4y9z.pdb1_100.dill,train,component_434b4b95b4fb,2,f2801|K;f29082|K,5298
data/DIPS-Plus/final/raw/r8/1r8y.pdb1_5.dill,train,component_17968867022d,2,f5168|A,17
data/DIPS-Plus/final/raw/pv/3pv3.pdb1_1.dill,train,component_af1cb46ba5e0,2,f25178|A,36
data/DIPS-Plus/final/raw/r8/2r8y.pdb1_3.dill,train,component_a65200ab998f,2,f21077|C,59
data/DIPS-Plus/final/raw/wk/2wkk.pdb1_0.dill,train,component_d098464d815e,2,f852|A,19
data/DIPS-Plus/final/raw/of/3of3.pdb2_7.dill,train,component_dab9bbfc1f61,2,f22889|A,83
data/DIPS-Plus/final/raw/pe/4pel.pdb2_0.dill,train,component_f6cdd67be66f,2,f6972|A;f6972|B,13
data/DIPS-Plus/final/raw/gt/2gtl.pdb1_13.dill,train,component_f55b8deebc9e,2,f36267|C,58
data/DIPS-Plus/final/raw/lk/3lkt.pdb1_2.dill,train,component_fbbd8ff1594b,2,f3131|B,134
data/DIPS-Plus/final/raw/of/2of9.pdb1_0.dill,train,component_d61f9329eedb,2,f326|A,27
data/DIPS-Plus/final/raw/ad/1ad1.pdb1_0.dill,train,component_fa015c11cc4e,2,f38825|B,6
data/DIPS-Plus/final/raw/qi/4qiw.pdb1_8.dill,train,component_5c83bf74bad8,2,f11473|B;f26252|A,407
data/DIPS-Plus/final/raw/tj/3tji.pdb1_0.dill,train,component_948c92b4075f,2,f31682|A,90
data/DIPS-Plus/final/raw/pj/3pja.pdb1_12.dill,train,component_fef8c8c58051,2,f1605|A,28
data/DIPS-Plus/final/raw/po/4pog.pdb1_3.dill,train,component_a7353d5cffd6,2,f24888|A,33
data/DIPS-Plus/final/raw/bl/3blv.pdb1_4.dill,train,component_797ee778df31,2,f2605|E;f5297|C,60
data/DIPS-Plus/final/raw/k0/3k0a.pdb1_2.dill,train,component_37f0b5ae4539,2,f16826|F,60
data/DIPS-Plus/final/raw/nn/4nnw.pdb1_78.dill,train,component_434b4b95b4fb,2,f2795|A;f2804|L,5298
data/DIPS-Plus/final/raw/ji/4ji1.pdb1_18.dill,train,component_f2debe2131e3,2,f1364|M;f9092|S,25
data/DIPS-Plus/final/raw/hw/1hwj.pdb1_5.dill,train,component_ec878626cba7,2,f3972|A,66
data/DIPS-Plus/final/raw/fz/4fzc.pdb1_66.dill,train,component_434b4b95b4fb,2,f2795|A;f2797|I,5298
data/DIPS-Plus/final/raw/qx/4qxj.pdb1_80.dill,train,component_434b4b95b4fb,2,f2796|H;f29073|G,5298
data/DIPS-Plus/final/raw/go/3god.pdb3_0.dill,train,component_c882d6a2b80f,2,f11114|A,3
data/DIPS-Plus/final/raw/p8/2p8s.pdb1_0.dill,train,component_8882f1b79439,2,f371|B,62
data/DIPS-Plus/final/raw/nq/1nqx.pdb1_4.dill,train,component_cadf81625f43,2,f3575|A,95
data/DIPS-Plus/final/raw/ke/1kee.pdb1_6.dill,train,component_8beb8fb68c94,2,f19317|A;f3480|B,35
data/DIPS-Plus/final/raw/w0/1w0c.pdb1_0.dill,train,component_05639143620e,2,f35729|A,109
data/DIPS-Plus/final/raw/ys/4ysx.pdb1_4.dill,train,component_c06dbf9cc75a,2,f35446|H;f40638|F,141
data/DIPS-Plus/final/raw/fq/3fq3.pdb1_2.dill,train,component_8fc540cc2cf9,2,f26571|A,82
data/DIPS-Plus/final/raw/dx/2dxb.pdb1_27.dill,train,component_d97ae9e83559,2,f5626|H,213
data/DIPS-Plus/final/raw/gk/1gk8.pdb1_11.dill,train,component_26289733d6da,2,f29327|B;f34169|F,423
data/DIPS-Plus/final/raw/qw/4qw0.pdb1_83.dill,train,component_434b4b95b4fb,2,f2795|A;f2796|H,5298
data/DIPS-Plus/final/raw/a1/5a12.pdb1_1.dill,train,component_ca3fd3609752,2,f95|A,55
data/DIPS-Plus/final/raw/lr/3lrx.pdb3_0.dill,train,component_40d0db14cc31,2,f18789|A,17
data/DIPS-Plus/final/raw/qv/4qvl.pdb1_40.dill,train,component_434b4b95b4fb,2,f29082|K,5298
data/DIPS-Plus/final/raw/d4/3d4n.pdb1_0.dill,train,component_d0046547e456,2,f14495|B,32
data/DIPS-Plus/final/raw/zl/2zl2.pdb1_1.dill,train,component_1ec8d5ee7899,2,f31896|E,232
data/DIPS-Plus/final/raw/e1/3e1j.pdb1_8.dill,train,component_34e475982e70,2,f21297|P,468
data/DIPS-Plus/final/raw/k0/3k09.pdb1_0.dill,train,component_37f0b5ae4539,2,f16826|F,60
data/DIPS-Plus/final/raw/j5/2j5i.pdb2_14.dill,train,component_d8f5fd979c61,2,f28738|A,45
data/DIPS-Plus/final/raw/iw/3iwp.pdb2_4.dill,train,component_5818656732fd,2,f15166|A,21
data/DIPS-Plus/final/raw/re/3re7.pdb1_5.dill,train,component_b132faf248c3,2,f8960|A,166
data/DIPS-Plus/final/raw/yk/1yko.pdb1_8.dill,train,component_fbbd8ff1594b,2,f3131|B,134
data/DIPS-Plus/final/raw/al/4alk.pdb1_2.dill,train,component_df3872073053,2,f2927|A,228
data/DIPS-Plus/final/raw/j4/2j4u.pdb2_3.dill,train,component_bf8c1cfb23b9,2,f37929|D,32
data/DIPS-Plus/final/raw/ct/1ct9.pdb1_0.dill,train,component_2e330cab3ee1,2,f4842|A,2
data/DIPS-Plus/final/raw/wn/3wnr.pdb1_0.dill,train,component_c34aab602920,2,f10342|A,67
data/DIPS-Plus/final/raw/pj/4pj1.pdb1_63.dill,train,component_99d8a06d10be,2,f24607|Z,184
data/DIPS-Plus/final/raw/jh/4jhx.pdb1_1.dill,train,component_cb48ab626ec2,2,f1196|A,77
data/DIPS-Plus/final/raw/lw/1lw1.pdb1_1.dill,train,component_23307809c7c5,2,f18949|A,6
data/DIPS-Plus/final/raw/k0/3k09.pdb1_2.dill,train,component_37f0b5ae4539,2,f16826|F,60
data/DIPS-Plus/final/raw/ew/2ewc.pdb1_5.dill,train,component_74a4db36a680,2,f8105|B,39
data/DIPS-Plus/final/raw/u8/3u8j.pdb1_4.dill,train,component_b41a5248b4e1,2,f30963|C,270
data/DIPS-Plus/final/raw/vg/2vg1.pdb1_0.dill,train,component_f6e02db5a3ce,2,f34967|A,9
data/DIPS-Plus/final/raw/ya/1ya7.pdb1_34.dill,train,component_434b4b95b4fb,2,f16440|R;f2795|A,5298
data/DIPS-Plus/final/raw/pq/3pq7.pdb1_3.dill,train,component_a11e21e9d011,2,f10539|A,208
data/DIPS-Plus/final/raw/ux/3uxy.pdb1_1.dill,train,component_71c3501043a3,2,f22849|A,99
data/DIPS-Plus/final/raw/gl/3gli.pdb1_1.dill,train,component_7f22ec099057,2,f10995|E;f11014|F,25
data/DIPS-Plus/final/raw/j4/2j4u.pdb1_0.dill,train,component_bf8c1cfb23b9,2,f37929|D,32
data/DIPS-Plus/final/raw/e1/3e1l.pdb1_19.dill,train,component_34e475982e70,2,f21297|P,468
data/DIPS-Plus/final/raw/ry/1ryw.pdb1_4.dill,train,component_5b5671471ba4,2,f21050|A,25
data/DIPS-Plus/final/raw/j2/1j2q.pdb1_13.dill,train,component_434b4b95b4fb,2,f2795|A,5298
data/DIPS-Plus/final/raw/rz/4rz4.pdb1_1.dill,train,component_2ffc152ff289,2,f30521|E,70
data/DIPS-Plus/final/raw/mi/3mi0.pdb1_17.dill,train,component_227343122cc0,2,f19832|R,238
data/DIPS-Plus/final/raw/qb/3qbi.pdb1_0.dill,train,component_6b2bfbcb2d64,2,f25859|A,14
data/DIPS-Plus/final/raw/w8/3w88.pdb1_0.dill,train,component_f5a299e7e370,2,f7458|B,31
data/DIPS-Plus/final/raw/r4/1r4q.pdb3_35.dill,train,component_d4b18a678d13,2,f10247|A;f10247|B,73
data/DIPS-Plus/final/raw/s2/4s2n.pdb2_0.dill,train,component_d74df24aa71a,2,f29906|B,28
data/DIPS-Plus/final/raw/ue/3ue6.pdb4_12.dill,train,component_71c5c6d68728,2,f33163|E,30
data/DIPS-Plus/final/raw/vu/2vum.pdb1_4.dill,train,component_5c83bf74bad8,2,f11473|A;f3543|F,407
data/DIPS-Plus/final/raw/ft/1fth.pdb1_0.dill,train,component_30a5eed3b2c3,2,f8597|A,93
data/DIPS-Plus/final/raw/yu/1yud.pdb3_0.dill,train,component_98d93687aad5,2,f19224|C,9
data/DIPS-Plus/final/raw/ql/4qlq.pdb1_71.dill,train,component_434b4b95b4fb,2,f2795|A,5298
data/DIPS-Plus/final/raw/d9/4d9f.pdb2_0.dill,train,component_8a34fddca011,2,f8381|C,44
data/DIPS-Plus/final/raw/a6/2a69.pdb1_0.dill,train,component_68a1d5712cb4,2,f23060|A,107
data/DIPS-Plus/final/raw/y7/4y77.pdb1_16.dill,train,component_434b4b95b4fb,2,f2795|A,5298
data/DIPS-Plus/final/raw/w4/1w4b.pdb1_1.dill,train,component_23aee92d3fbc,2,f35841|A,10
data/DIPS-Plus/final/raw/gt/2gtl.pdb1_2.dill,train,component_f55b8deebc9e,2,f36267|C,58
data/DIPS-Plus/final/raw/m0/3m0g.pdb1_0.dill,train,component_a42087564e88,2,f1334|B,23
data/DIPS-Plus/final/raw/wt/3wti.pdb1_3.dill,train,component_b41a5248b4e1,2,f30963|C,270
data/DIPS-Plus/final/raw/gg/1gg9.pdb1_1.dill,train,component_a11e21e9d011,2,f10539|A,208
data/DIPS-Plus/final/raw/qw/4qwl.pdb1_42.dill,train,component_434b4b95b4fb,2,f2801|K;f2804|L,5298
data/DIPS-Plus/final/raw/qv/4qvw.pdb1_82.dill,train,component_434b4b95b4fb,2,f2796|H;f29073|G,5298
data/DIPS-Plus/final/raw/rc/3rcy.pdb1_13.dill,train,component_d31dd9e68a46,2,f23658|C,57
data/DIPS-Plus/final/raw/um/4umn.pdb1_0.dill,train,component_fabb409201c8,2,f31588|A,4
data/DIPS-Plus/final/raw/uw/1uw6.pdb3_2.dill,train,component_b41a5248b4e1,2,f30963|C,270
data/DIPS-Plus/final/raw/gk/1gk8.pdb1_13.dill,train,component_26289733d6da,2,f34169|F,423
data/DIPS-Plus/final/raw/iq/3iqf.pdb1_3.dill,train,component_8db84e2de63f,2,f14631|A,90
data/DIPS-Plus/final/raw/dd/2dd4.pdb1_14.dill,train,component_d97ae9e83559,2,f5626|H;f913|A,213
data/DIPS-Plus/final/raw/xs/1xsk.pdb1_8.dill,train,component_8f3cf5b9b5d8,2,f38415|A,27
data/DIPS-Plus/final/raw/bo/2bo7.pdb2_4.dill,train,component_cf6a6d240453,2,f2753|A,14
data/DIPS-Plus/final/raw/vb/2vbf.pdb1_0.dill,train,component_f6f3f00bbc9b,2,f37087|X,30
data/DIPS-Plus/final/raw/i0/4i0u.pdb1_2.dill,train,component_ad983fa269a7,2,f13677|B,20
data/DIPS-Plus/final/raw/aj/4ajo.pdb1_0.dill,train,component_bd21bbc9c2d7,2,f1048|D,197
data/DIPS-Plus/final/raw/ue/1ue5.pdb1_0.dill,train,component_0cacd6837131,2,f7881|B,21
data/DIPS-Plus/final/raw/rs/1rsc.pdb1_31.dill,train,component_26289733d6da,2,f29327|B;f34169|F,423
data/DIPS-Plus/final/raw/hf/3hf2.pdb1_0.dill,train,component_ded752c82f38,2,f36485|A,4
data/DIPS-Plus/final/raw/aq/3aqc.pdb1_0.dill,train,component_a42087564e88,2,f1334|A;f1334|B,23
data/DIPS-Plus/final/raw/bz/2bzr.pdb1_0.dill,train,component_e7e5159aa329,2,f14039|A,64
data/DIPS-Plus/final/raw/qv/4qv7.pdb1_77.dill,train,component_434b4b95b4fb,2,f2795|A;f29073|G,5298
data/DIPS-Plus/final/raw/pu/4pu6.pdb1_0.dill,train,component_a9de9500cfca,2,f16926|B;f41245|A,30
data/DIPS-Plus/final/raw/ga/1gav.pdb1_6.dill,train,component_eec1106aefa3,2,f1310|A,112
data/DIPS-Plus/final/raw/qm/2qm6.pdb1_5.dill,train,component_68e26018f88e,2,f34442|C;f41155|B,16
data/DIPS-Plus/final/raw/wv/2wvd.pdb1_0.dill,train,component_00a566504678,2,f3858|B,16
data/DIPS-Plus/final/raw/kp/4kpl.pdb3_0.dill,train,component_948c92b4075f,2,f31682|A,90
data/DIPS-Plus/final/raw/iw/1iwp.pdb1_6.dill,train,component_2b192e9cc34f,2,f15139|A;f15139|B,32
data/DIPS-Plus/final/raw/rs/1rsc.pdb1_9.dill,train,component_26289733d6da,2,f29327|B,423
data/DIPS-Plus/final/raw/jq/3jqj.pdb1_8.dill,train,component_98d8f3e4dcd8,2,f16280|B,31
data/DIPS-Plus/final/raw/ld/1ldy.pdb2_0.dill,train,component_67c7295ba7b6,2,f11019|A,33
data/DIPS-Plus/final/raw/un/3une.pdb2_53.dill,train,component_434b4b95b4fb,2,f2797|I;f29082|K,5298
data/DIPS-Plus/final/raw/ml/1mld.pdb3_2.dill,train,component_f2bab4f7d4cf,2,f5812|A,25
data/DIPS-Plus/final/raw/hf/4hfb.pdb1_2.dill,train,component_83983bc0ac2e,2,f7264|A,65
data/DIPS-Plus/final/raw/wd/2wdq.pdb3_3.dill,train,component_c06dbf9cc75a,2,f21270|D;f40638|F,141
data/DIPS-Plus/final/raw/hf/3hf9.pdb1_59.dill,train,component_227343122cc0,2,f19832|R;f19841|F,238
data/DIPS-Plus/final/raw/qx/3qxg.pdb1_0.dill,train,component_24768e8d241e,2,f28368|B,14
data/DIPS-Plus/final/raw/is/3is7.pdb1_16.dill,train,component_34e475982e70,2,f21297|P,468
data/DIPS-Plus/final/raw/sw/1swn.pdb1_0.dill,train,component_1c20fc5dbb94,2,f2215|A,117
data/DIPS-Plus/final/raw/nn/4nnw.pdb1_31.dill,train,component_434b4b95b4fb,2,f2796|H;f2797|I,5298
data/DIPS-Plus/final/raw/qz/4qz6.pdb1_35.dill,train,component_434b4b95b4fb,2,f2796|H;f4169|M,5298
data/DIPS-Plus/final/raw/xs/2xsj.pdb1_1.dill,train,component_8ef3f8302a97,2,f333|B;f38460|A,41
data/DIPS-Plus/final/raw/qn/1qnw.pdb1_1.dill,train,component_3846fef223eb,2,f34008|A,87
data/DIPS-Plus/final/raw/f8/2f80.pdb1_0.dill,train,component_3fd789c4cddc,2,f956|A,233
data/DIPS-Plus/final/raw/a2/3a2v.pdb1_2.dill,train,component_96118546a2e5,2,f136|F,129
data/DIPS-Plus/final/raw/dw/1dw9.pdb1_19.dill,train,component_5793195ce137,2,f14976|A,125
data/DIPS-Plus/final/raw/x1/4x14.pdb1_0.dill,train,component_7c391b4877fe,2,f4670|D,115
data/DIPS-Plus/final/raw/zx/1zxi.pdb1_1.dill,train,component_2d00407acdf9,2,f6829|A;f8916|C,94
data/DIPS-Plus/final/raw/x1/2x17.pdb1_28.dill,train,component_13909753b42e,2,f3175|A,203
data/DIPS-Plus/final/raw/cg/5cgg.pdb1_64.dill,train,component_434b4b95b4fb,2,f2795|A;f2797|I,5298
data/DIPS-Plus/final/raw/rs/4rsu.pdb1_3.dill,train,component_788dd125f09d,2,f30104|J;f503|A,65
data/DIPS-Plus/final/raw/vg/3vgv.pdb1_0.dill,train,component_ed40f3402ed5,2,f38315|A,207
data/DIPS-Plus/final/raw/ty/1tyf.pdb1_33.dill,train,component_1ec8d5ee7899,2,f31896|E,232
data/DIPS-Plus/final/raw/fq/3fq3.pdb1_4.dill,train,component_8fc540cc2cf9,2,f26571|A,82
data/DIPS-Plus/final/raw/p1/4p18.pdb1_34.dill,train,component_b132faf248c3,2,f8960|A,166
data/DIPS-Plus/final/raw/h1/3h1h.pdb1_14.dill,train,component_126d56e92e9e,2,f2180|E;f9614|M,292
data/DIPS-Plus/final/raw/ql/4qls.pdb1_42.dill,train,component_434b4b95b4fb,2,f2801|K;f2804|L,5298
data/DIPS-Plus/final/raw/zl/2zl3.pdb1_17.dill,train,component_1ec8d5ee7899,2,f31896|E,232
data/DIPS-Plus/final/raw/jr/3jrm.pdb1_49.dill,train,component_434b4b95b4fb,2,f16440|R,5298
data/DIPS-Plus/final/raw/um/4uma.pdb1_5.dill,train,component_2248216eb295,2,f22926|D,34
data/DIPS-Plus/final/raw/gn/1gn2.pdb2_1.dill,train,component_572e19caf78d,2,f1061|B,90
data/DIPS-Plus/final/raw/fi/2fix.pdb1_0.dill,train,component_0eed9e9060e3,2,f29504|A,46
data/DIPS-Plus/final/raw/jt/4jt0.pdb1_14.dill,train,component_434b4b95b4fb,2,f2795|A;f2797|I,5298
data/DIPS-Plus/final/raw/p1/4p18.pdb1_16.dill,train,component_b132faf248c3,2,f8960|A,166
data/DIPS-Plus/final/raw/wx/1wx0.pdb1_21.dill,train,component_2ffc152ff289,2,f30521|E,70
data/DIPS-Plus/final/raw/r0/4r02.pdb1_0.dill,train,component_434b4b95b4fb,2,f2795|A,5298
data/DIPS-Plus/final/raw/kd/3kdd.pdb1_0.dill,train,component_3fd789c4cddc,2,f956|A,233
data/DIPS-Plus/final/raw/ej/2ejv.pdb1_0.dill,train,component_d688d8dc7f9f,2,f24743|A,20
data/DIPS-Plus/final/raw/bw/5bw2.pdb1_0.dill,train,component_b41a5248b4e1,2,f30963|C,270
data/DIPS-Plus/final/raw/y7/4y77.pdb1_43.dill,train,component_434b4b95b4fb,2,f2801|K;f29082|K,5298
data/DIPS-Plus/final/raw/o4/4o4o.pdb1_0.dill,train,component_c339eaf0e2f8,2,f22364|A,7
data/DIPS-Plus/final/raw/x1/1x10.pdb1_2.dill,train,component_8dfd740b41d5,2,f106|A,16
data/DIPS-Plus/final/raw/vy/2vyx.pdb1_15.dill,train,component_4f43cac80945,2,f5728|A,32
data/DIPS-Plus/final/raw/o1/3o1q.pdb2_0.dill,train,component_00940c147bc1,2,f22267|C,1
data/DIPS-Plus/final/raw/bc/1bcc.pdb1_19.dill,train,component_126d56e92e9e,2,f2180|E;f2318|G,292
data/DIPS-Plus/final/raw/nc/4nct.pdb5_2.dill,train,component_9693771b8eb5,2,f768|A,15
data/DIPS-Plus/final/raw/ig/1igq.pdb2_0.dill,train,component_588b4973503a,2,f14268|B,2
data/DIPS-Plus/final/raw/a6/2a6e.pdb1_5.dill,train,component_68a1d5712cb4,2,f10084|N;f380|C,107
data/DIPS-Plus/final/raw/qw/4qwi.pdb1_53.dill,train,component_434b4b95b4fb,2,f2796|H;f4169|M,5298
data/DIPS-Plus/final/raw/ss/1ssd.pdb1_0.dill,train,component_c881404517be,2,f34234|A,58
data/DIPS-Plus/final/raw/c3/4c3x.pdb1_0.dill,train,component_0f787169736e,2,f3562|A,12
data/DIPS-Plus/final/raw/qv/4qv5.pdb1_39.dill,train,component_434b4b95b4fb,2,f2801|K;f29082|K,5298
data/DIPS-Plus/final/raw/un/3une.pdb2_77.dill,train,component_434b4b95b4fb,2,f2795|A;f2797|I,5298
data/DIPS-Plus/final/raw/ld/4ld4.pdb1_0.dill,train,component_a23342ab1d8f,2,f10107|A,6
data/DIPS-Plus/final/raw/p9/4p9c.pdb1_0.dill,train,component_0b695c801e73,2,f35857|E,24
data/DIPS-Plus/final/raw/g6/1g63.pdb1_15.dill,train,component_a000a536bbd4,2,f10000|A,19
data/DIPS-Plus/final/raw/tw/1twh.pdb1_12.dill,train,component_5c83bf74bad8,2,f11473|B;f210|K,407
data/DIPS-Plus/final/raw/cw/3cw7.pdb1_1.dill,train,component_079b5508a91b,2,f4965|A,4
data/DIPS-Plus/final/raw/gs/4gs7.pdb1_0.dill,train,component_272bd24d9d54,2,f25065|A;f7927|F,16
data/DIPS-Plus/final/raw/y8/4y8u.pdb1_73.dill,train,component_434b4b95b4fb,2,f2795|A;f2797|I,5298
data/DIPS-Plus/final/raw/zc/2zcy.pdb1_89.dill,train,component_434b4b95b4fb,2,f2797|I;f29082|K,5298
data/DIPS-Plus/final/raw/mq/3mqt.pdb3_14.dill,train,component_fbe663e4e5fe,2,f20205|E,48
data/DIPS-Plus/final/raw/b3/1b33.pdb1_9.dill,train,component_2bafc3b54369,2,f18666|B;f34591|A,203
data/DIPS-Plus/final/raw/y7/4y7y.pdb1_43.dill,train,component_434b4b95b4fb,2,f2801|K;f29082|K,5298
data/DIPS-Plus/final/raw/hd/4hdf.pdb1_0.dill,train,component_3fd789c4cddc,2,f956|A,233
data/DIPS-Plus/final/raw/lk/4lk5.pdb1_1.dill,train,component_7162c1fd9f33,2,f10044|A,66
data/DIPS-Plus/final/raw/ks/3ksl.pdb1_0.dill,train,component_3ead7104c7fc,2,f18291|B;f5424|A,45
data/DIPS-Plus/final/raw/k5/1k57.pdb2_0.dill,train,component_d74df24aa71a,2,f29906|B,28
data/DIPS-Plus/final/raw/du/4dug.pdb1_5.dill,train,component_37f0b5ae4539,2,f16826|F,60
data/DIPS-Plus/final/raw/r1/1r15.pdb3_0.dill,train,component_163de7bead8a,2,f41944|B,14
data/DIPS-Plus/final/raw/e0/4e0i.pdb1_0.dill,train,component_73c85dfa057a,2,f6809|A,2
data/DIPS-Plus/final/raw/fi/4fir.pdb1_5.dill,train,component_e73226e81786,2,f9078|A,18
data/DIPS-Plus/final/raw/rs/1rsc.pdb1_40.dill,train,component_26289733d6da,2,f34169|F,423
data/DIPS-Plus/final/raw/sh/3sh1.pdb2_0.dill,train,component_b41a5248b4e1,2,f30963|C,270
data/DIPS-Plus/final/raw/fm/4fmh.pdb6_13.dill,train,component_7c391b4877fe,2,f4670|D,115
data/DIPS-Plus/final/raw/tr/3tru.pdb1_1.dill,train,component_b1a94b9c325b,2,f4989|C,18
data/DIPS-Plus/final/raw/qm/2qmi.pdb1_2.dill,train,component_2519617e47eb,2,f26595|A,15
data/DIPS-Plus/final/raw/ia/3ias.pdb2_6.dill,train,component_f12a7ad4c5c8,2,f12303|D;f12304|F,98
data/DIPS-Plus/final/raw/ca/1ca4.pdb1_1.dill,train,component_25609117920d,2,f3842|A,21
data/DIPS-Plus/final/raw/ew/2ewc.pdb3_11.dill,train,component_74a4db36a680,2,f8105|B,39
data/DIPS-Plus/final/raw/bo/2bo4.pdb1_5.dill,train,component_cf6a6d240453,2,f2753|A,14
data/DIPS-Plus/final/raw/as/3asj.pdb1_0.dill,train,component_2846ea4d9067,2,f35209|A,24
data/DIPS-Plus/final/raw/uo/4uoz.pdb1_0.dill,train,component_d0d791c5337b,2,f33919|A,21
data/DIPS-Plus/final/raw/to/4to9.pdb1_60.dill,train,component_34e475982e70,2,f21297|P,468
data/DIPS-Plus/final/raw/q0/1q0g.pdb2_3.dill,train,component_6cd3e9a70f54,2,f10012|A,54
data/DIPS-Plus/final/raw/ia/4iap.pdb3_0.dill,train,component_041e7ff620e6,2,f30302|A,19
data/DIPS-Plus/final/raw/q0/1q0g.pdb2_11.dill,train,component_6cd3e9a70f54,2,f10012|A,54
data/DIPS-Plus/final/raw/lf/4lf9.pdb1_15.dill,train,component_f29742d67d58,2,f1362|N;f40332|J,80
data/DIPS-Plus/final/raw/iv/2ivf.pdb1_0.dill,train,component_6a8529229944,2,f15080|A;f7498|B,30
data/DIPS-Plus/final/raw/um/1umn.pdb1_17.dill,train,component_614b434b39fd,2,f33438|G,199
data/DIPS-Plus/final/raw/qw/2qw6.pdb1_0.dill,train,component_ac2436d693b3,2,f25204|D,8
data/DIPS-Plus/final/raw/y8/4y80.pdb1_78.dill,train,component_434b4b95b4fb,2,f2795|A;f29082|K,5298
data/DIPS-Plus/final/raw/e1/3e1q.pdb1_12.dill,train,component_34e475982e70,2,f21297|P,468
data/DIPS-Plus/final/raw/mg/3mgp.pdb1_8.dill,train,component_ac9b67d94fe0,2,f19329|D;f7892|E,540
data/DIPS-Plus/final/raw/is/3is8.pdb1_63.dill,train,component_34e475982e70,2,f21297|P,468
data/DIPS-Plus/final/raw/tm/4tm3.pdb1_2.dill,train,component_78866eb88d5c,2,f32045|A,18
data/DIPS-Plus/final/raw/ax/3axm.pdb1_27.dill,train,component_26289733d6da,2,f29327|B,423
data/DIPS-Plus/final/raw/vq/1vqm.pdb1_13.dill,train,component_5ec79613834f,2,f1203|B;f3892|J,30
data/DIPS-Plus/final/raw/v5/3v5i.pdb1_0.dill,train,component_1ec8d5ee7899,2,f31896|E,232
data/DIPS-Plus/final/raw/un/3une.pdb2_10.dill,train,component_434b4b95b4fb,2,f2795|A;f2804|L,5298
data/DIPS-Plus/final/raw/p5/2p5v.pdb1_4.dill,train,component_7f463fd7a210,2,f11275|C,43
data/DIPS-Plus/final/raw/hf/3hf9.pdb1_63.dill,train,component_227343122cc0,2,f19832|R,238
data/DIPS-Plus/final/raw/z7/1z7m.pdb2_4.dill,train,component_e28319b87cf0,2,f22392|A,22
data/DIPS-Plus/final/raw/ec/1ec8.pdb1_0.dill,train,component_723d9d0b8353,2,f20458|A,35
data/DIPS-Plus/final/raw/w6/1w6s.pdb1_0.dill,train,component_95001a1066d9,2,f18781|A;f18781|B,19
data/DIPS-Plus/final/raw/qz/4qzx.pdb1_20.dill,train,component_434b4b95b4fb,2,f2795|A;f2801|K,5298
data/DIPS-Plus/final/raw/q0/1q0g.pdb1_8.dill,train,component_6cd3e9a70f54,2,f10012|A,54
data/DIPS-Plus/final/raw/eh/3ehk.pdb1_2.dill,train,component_988ee4202916,2,f9671|B,35
data/DIPS-Plus/final/raw/c3/2c35.pdb1_0.dill,train,component_5c83bf74bad8,2,f216|G;f3496|A,407
data/DIPS-Plus/final/raw/yh/1yha.pdb1_0.dill,train,component_f7539932ec1c,2,f40295|A,1
data/DIPS-Plus/final/raw/d3/3d31.pdb2_0.dill,train,component_2007ca0101c7,2,f5256|C;f9906|1,117
data/DIPS-Plus/final/raw/al/4al4.pdb1_2.dill,train,component_bd21bbc9c2d7,2,f1048|D,197
data/DIPS-Plus/final/raw/u6/4u6i.pdb1_2.dill,train,component_3b4c58b02ad9,2,f32081|C,6
data/DIPS-Plus/final/raw/vg/2vgf.pdb1_1.dill,train,component_f9e0ba46df49,2,f31508|A,100
data/DIPS-Plus/final/raw/vu/2vum.pdb1_19.dill,train,component_5c83bf74bad8,2,f11473|B;f211|L,407
data/DIPS-Plus/final/raw/c4/4c4u.pdb4_3.dill,train,component_74d9bcbfa744,2,f16023|A,36
data/DIPS-Plus/final/raw/oh/2ohd.pdb1_12.dill,train,component_98d8f3e4dcd8,2,f16280|B,31
data/DIPS-Plus/final/raw/sq/3sq9.pdb2_1.dill,train,component_b41a5248b4e1,2,f30963|C,270
data/DIPS-Plus/final/raw/wl/3wlf.pdb1_0.dill,train,component_00312b433d12,2,f16699|A,65
data/DIPS-Plus/final/raw/jq/1jqy.pdb1_3.dill,train,component_1f1c38cca328,2,f18896|F,98
data/DIPS-Plus/final/raw/fp/2fpe.pdb5_3.dill,train,component_d38e8919299a,2,f9387|A,18
data/DIPS-Plus/final/raw/ql/4qls.pdb1_80.dill,train,component_434b4b95b4fb,2,f2795|A;f29073|G,5298
data/DIPS-Plus/final/raw/u1/1u1z.pdb1_3.dill,train,component_daeaa15c9da4,2,f2037|A,68
data/DIPS-Plus/final/raw/nz/1nzz.pdb2_1.dill,train,component_b303ed22c9ea,2,f12175|A,165
data/DIPS-Plus/final/raw/lf/4lf8.pdb1_1.dill,train,component_2769bc9bd428,2,f1361|H;f6309|B,66
data/DIPS-Plus/final/raw/a1/5a12.pdb1_4.dill,train,component_ca3fd3609752,2,f95|A,55
data/DIPS-Plus/final/raw/kr/1kru.pdb1_0.dill,train,component_c58b65bc29fb,2,f17652|A,38
data/DIPS-Plus/final/raw/jl/4jly.pdb1_8.dill,train,component_ab96116ec5ce,2,f16171|A,36
data/DIPS-Plus/final/raw/e4/3e47.pdb1_77.dill,train,component_434b4b95b4fb,2,f2795|A;f29082|K,5298
data/DIPS-Plus/final/raw/a0/4a0m.pdb2_0.dill,train,component_a5ae5033bfd5,2,f2871|A,158
data/DIPS-Plus/final/raw/hi/1hiy.pdb1_1.dill,train,component_ed40f3402ed5,2,f38315|A,207
data/DIPS-Plus/final/raw/wb/1wbh.pdb1_2.dill,train,component_6c806abe3279,2,f7001|C,24
data/DIPS-Plus/final/raw/y8/4y8j.pdb1_15.dill,train,component_434b4b95b4fb,2,f2795|A;f29082|K,5298
data/DIPS-Plus/final/raw/xq/2xq1.pdb3_1.dill,train,component_a11e21e9d011,2,f10539|A,208
data/DIPS-Plus/final/raw/qv/4qv4.pdb1_85.dill,train,component_434b4b95b4fb,2,f2796|H;f2797|I,5298
data/DIPS-Plus/final/raw/is/3is7.pdb1_23.dill,train,component_34e475982e70,2,f21297|P,468
data/DIPS-Plus/final/raw/fm/4fmh.pdb6_4.dill,train,component_7c391b4877fe,2,f4670|D,115
data/DIPS-Plus/final/raw/qo/1qox.pdb2_9.dill,train,component_60e50b43a481,2,f6817|B,29
data/DIPS-Plus/final/raw/f1/2f1d.pdb2_6.dill,train,component_8008adb06c52,2,f8338|I,20
data/DIPS-Plus/final/raw/bo/2bo7.pdb2_5.dill,train,component_cf6a6d240453,2,f2753|A,14
data/DIPS-Plus/final/raw/iw/4iwg.pdb2_0.dill,train,component_b4fe5ee63c7f,2,f36940|A,38
data/DIPS-Plus/final/raw/b2/2b24.pdb1_2.dill,train,component_cc2db7ce7b0d,2,f10306|A;f38348|B,188
data/DIPS-Plus/final/raw/ms/4ms2.pdb1_5.dill,train,component_8d6cb58087eb,2,f20282|A,30
data/DIPS-Plus/final/raw/ny/2nye.pdb3_0.dill,train,component_f7a9834b1263,2,f26825|G,54
data/DIPS-Plus/final/raw/m1/1m18.pdb1_8.dill,train,component_ac9b67d94fe0,2,f7892|E;f7893|G,540
data/DIPS-Plus/final/raw/r0/4r02.pdb1_25.dill,train,component_434b4b95b4fb,2,f2795|A;f29073|G,5298
data/DIPS-Plus/final/raw/hj/2hjr.pdb8_5.dill,train,component_bd21bbc9c2d7,2,f1048|D,197
data/DIPS-Plus/final/raw/b2/2b24.pdb1_3.dill,train,component_cc2db7ce7b0d,2,f10306|A,188
data/DIPS-Plus/final/raw/qz/4qz4.pdb1_51.dill,train,component_434b4b95b4fb,2,f2796|H;f4169|M,5298
data/DIPS-Plus/final/raw/az/3azi.pdb1_0.dill,train,component_ac9b67d94fe0,2,f7890|H;f7893|G,540
data/DIPS-Plus/final/raw/gr/4grr.pdb1_0.dill,train,component_c34aab602920,2,f10342|A,67
data/DIPS-Plus/final/raw/ia/2ia2.pdb1_0.dill,train,component_6ff082608120,2,f10069|A,16
data/DIPS-Plus/final/raw/o9/3o91.pdb1_4.dill,train,component_b631810637b5,2,f22554|B,19
data/DIPS-Plus/final/raw/fo/4fo8.pdb1_3.dill,train,component_945d72593f41,2,f9359|C,5
data/DIPS-Plus/final/raw/z3/4z3w.pdb1_4.dill,train,component_85cc49ba4f67,2,f40972|C;f40973|F,21
data/DIPS-Plus/final/raw/ib/1ibl.pdb1_7.dill,train,component_2769bc9bd428,2,f1361|H;f40338|E,66
data/DIPS-Plus/final/raw/mj/4mj0.pdb1_0.dill,train,component_7c391b4877fe,2,f4670|D,115
data/DIPS-Plus/final/raw/uz/4uz8.pdb1_0.dill,train,component_89332c9725f0,2,f34377|A,1
data/DIPS-Plus/final/raw/by/2byr.pdb1_1.dill,train,component_b41a5248b4e1,2,f30963|C,270
data/DIPS-Plus/final/raw/oz/3ozf.pdb1_5.dill,train,component_528b1d60c169,2,f23787|B,37
data/DIPS-Plus/final/raw/ea/2eax.pdb1_2.dill,train,component_b1a94b9c325b,2,f4989|C,18
data/DIPS-Plus/final/raw/h1/3h1j.pdb1_44.dill,train,component_126d56e92e9e,2,f9614|M;f9614|N,292
data/DIPS-Plus/final/raw/mg/1mgq.pdb1_2.dill,train,component_37decb0b4472,2,f31907|A,63
data/DIPS-Plus/final/raw/fi/3fig.pdb1_0.dill,train,component_fbaad6d69e71,2,f9069|B,5
data/DIPS-Plus/final/raw/gy/1gyk.pdb1_2.dill,train,component_d8e881717311,2,f11061|A,55
data/DIPS-Plus/final/raw/qw/4qwl.pdb1_48.dill,train,component_434b4b95b4fb,2,f2797|I;f2804|L,5298
data/DIPS-Plus/final/raw/vw/3vwu.pdb1_0.dill,train,component_bac24c35451f,2,f16912|A,109
data/DIPS-Plus/final/raw/ab/3abq.pdb2_0.dill,train,component_cbee435741a6,2,f715|A;f715|B,25
data/DIPS-Plus/final/raw/ru/4rur.pdb1_26.dill,train,component_434b4b95b4fb,2,f29073|G;f4169|M,5298
data/DIPS-Plus/final/raw/fz/4fzc.pdb1_29.dill,train,component_434b4b95b4fb,2,f2795|A;f2796|H,5298
data/DIPS-Plus/final/raw/nl/3nli.pdb1_0.dill,train,component_84c7923e0c4e,2,f5160|A,130
data/DIPS-Plus/final/raw/kr/3krs.pdb1_0.dill,train,component_c881404517be,2,f34234|A,58
data/DIPS-Plus/final/raw/mg/3mg5.pdb1_3.dill,train,component_1c20fc5dbb94,2,f2215|A,117
data/DIPS-Plus/final/raw/dx/2dxb.pdb2_25.dill,train,component_d97ae9e83559,2,f5626|H;f913|A,213
data/DIPS-Plus/final/raw/ao/3aog.pdb2_5.dill,train,component_f1dd75cd53d2,2,f7991|A,78
data/DIPS-Plus/final/raw/fy/3fyu.pdb1_8.dill,train,component_f30f5193da3c,2,f19384|A,61
data/DIPS-Plus/final/raw/j0/1j0d.pdb1_0.dill,train,component_8a34fddca011,2,f8381|C,44
data/DIPS-Plus/final/raw/v5/1v55.pdb1_16.dill,train,component_37ee44355407,2,f19268|B;f22687|I,252
data/DIPS-Plus/final/raw/fz/4fzc.pdb1_34.dill,train,component_434b4b95b4fb,2,f2796|H;f2804|L,5298
data/DIPS-Plus/final/raw/u0/4u07.pdb1_0.dill,train,component_0dd403e04a3c,2,f32773|B,3
data/DIPS-Plus/final/raw/c9/4c9f.pdb2_0.dill,train,component_a2c2ea65d466,2,f37722|A,18
data/DIPS-Plus/final/raw/re/3re7.pdb1_54.dill,train,component_b132faf248c3,2,f8960|A,166
data/DIPS-Plus/final/raw/qw/3qwd.pdb2_2.dill,train,component_1ec8d5ee7899,2,f31896|E,232
data/DIPS-Plus/final/raw/m5/1m5q.pdb2_33.dill,train,component_b7a9679c0a27,2,f19277|W,28
data/DIPS-Plus/final/raw/vv/2vvf.pdb2_0.dill,train,component_b0c874c26289,2,f35530|D,3
data/DIPS-Plus/final/raw/av/2av0.pdb1_0.dill,train,component_6a2eb0609064,2,f13212|B,35
data/DIPS-Plus/final/raw/y8/4y8t.pdb1_42.dill,train,component_434b4b95b4fb,2,f2801|K;f29082|K,5298
data/DIPS-Plus/final/raw/ui/1ui8.pdb1_0.dill,train,component_e0dde2882185,2,f21101|E,25
data/DIPS-Plus/final/raw/qw/4qwf.pdb1_54.dill,train,component_434b4b95b4fb,2,f2796|H,5298
data/DIPS-Plus/final/raw/a9/1a95.pdb1_5.dill,train,component_c286ed626252,2,f550|B,18
data/DIPS-Plus/final/raw/mg/3mg6.pdb1_71.dill,train,component_434b4b95b4fb,2,f2795|A;f2801|K,5298
data/DIPS-Plus/final/raw/c4/5c4i.pdb1_2.dill,train,component_88be8ca32b58,2,f3638|A,12
data/DIPS-Plus/final/raw/ya/4ya3.pdb1_37.dill,train,component_434b4b95b4fb,2,f2797|I;f29082|K,5298
data/DIPS-Plus/final/raw/t6/1t6u.pdb2_9.dill,train,component_6cd3e9a70f54,2,f10012|A,54
data/DIPS-Plus/final/raw/x9/4x9e.pdb1_0.dill,train,component_91c1527a713a,2,f37823|C,18
data/DIPS-Plus/final/raw/ib/1ibv.pdb1_13.dill,train,component_13fcfea43d5e,2,f14073|B,24
data/DIPS-Plus/final/raw/lr/4lrv.pdb2_11.dill,train,component_e665c370889d,2,f18817|A,20
data/DIPS-Plus/final/raw/m8/3m82.pdb1_1.dill,train,component_f30f5193da3c,2,f19384|A,61
data/DIPS-Plus/final/raw/u8/3u8j.pdb2_0.dill,train,component_b41a5248b4e1,2,f30963|C,270
data/DIPS-Plus/final/raw/k9/4k9n.pdb1_2.dill,train,component_80cffab22a92,2,f16676|B,24
data/DIPS-Plus/final/raw/mg/3mg8.pdb1_7.dill,train,component_434b4b95b4fb,2,f2796|H;f4169|M,5298
data/DIPS-Plus/final/raw/p4/3p4t.pdb1_0.dill,train,component_0bc1c7263176,2,f20126|C,45
data/DIPS-Plus/final/raw/f3/1f30.pdb1_9.dill,train,component_bc317fc21d10,2,f10447|A,167
data/DIPS-Plus/final/raw/gk/3gkq.pdb1_2.dill,train,component_bba8c1bbec41,2,f40826|A,12
data/DIPS-Plus/final/raw/de/2dev.pdb1_1.dill,train,component_4f43cac80945,2,f5728|A,32
data/DIPS-Plus/final/raw/x1/3x1v.pdb1_10.dill,train,component_ac9b67d94fe0,2,f7890|H;f7892|E,540
data/DIPS-Plus/final/raw/cc/3cc9.pdb1_0.dill,train,component_66d46fb173b4,2,f8144|A,18
data/DIPS-Plus/final/raw/nv/2nvq.pdb1_3.dill,train,component_5c83bf74bad8,2,f11473|A;f3543|F,407
data/DIPS-Plus/final/raw/nj/3njd.pdb2_0.dill,train,component_02e861d82ba8,2,f21453|B,18
data/DIPS-Plus/final/raw/v4/2v4y.pdb1_11.dill,train,component_61f27b63d82f,2,f7719|A,24
data/DIPS-Plus/final/raw/z1/4z1l.pdb1_14.dill,train,component_434b4b95b4fb,2,f2795|A;f2797|I,5298
data/DIPS-Plus/final/raw/gk/4gkk.pdb1_18.dill,train,component_f2debe2131e3,2,f1364|M;f9092|S,25
data/DIPS-Plus/final/raw/gz/1gz3.pdb1_4.dill,train,component_e700c27a7308,2,f18619|A,55
data/DIPS-Plus/final/raw/pe/3pea.pdb2_1.dill,train,component_293460b030da,2,f10820|B,39
data/DIPS-Plus/final/raw/a6/2a6e.pdb1_7.dill,train,component_68a1d5712cb4,2,f10086|P;f380|C,107
data/DIPS-Plus/final/raw/mm/3mm5.pdb1_3.dill,train,component_8ef3f8302a97,2,f23442|B;f38460|A,41
data/DIPS-Plus/final/raw/xy/4xyc.pdb1_9.dill,train,component_8e4f5fa9fcad,2,f13290|A,180
data/DIPS-Plus/final/raw/ya/1yar.pdb1_7.dill,train,component_434b4b95b4fb,2,f2795|A,5298
data/DIPS-Plus/final/raw/jb/2jb3.pdb1_0.dill,train,component_b5984db960d3,2,f15818|A,1
data/DIPS-Plus/final/raw/by/2bys.pdb1_4.dill,train,component_b41a5248b4e1,2,f30963|C,270
data/DIPS-Plus/final/raw/wz/3wzg.pdb1_0.dill,train,component_e7a34838cef8,2,f37337|B,1
data/DIPS-Plus/final/raw/ib/2ib6.pdb3_9.dill,train,component_7dc74917b25c,2,f17358|D,139
data/DIPS-Plus/final/raw/ka/4kar.pdb1_0.dill,train,component_a8720462bf30,2,f17232|B,36
data/DIPS-Plus/final/raw/r5/4r57.pdb2_0.dill,train,component_ab96116ec5ce,2,f16171|A,36
data/DIPS-Plus/final/raw/x1/2x17.pdb1_38.dill,train,component_13909753b42e,2,f3175|A,203
data/DIPS-Plus/final/raw/ow/3ow1.pdb5_10.dill,train,component_948c92b4075f,2,f31682|A,90
data/DIPS-Plus/final/raw/a3/4a3d.pdb1_20.dill,train,component_5c83bf74bad8,2,f11474|C;f3532|J,407
data/DIPS-Plus/final/raw/jd/2jd7.pdb2_15.dill,train,component_13909753b42e,2,f3175|A,203
data/DIPS-Plus/final/raw/et/3etd.pdb1_8.dill,train,component_f1dd75cd53d2,2,f7991|A,78
data/DIPS-Plus/final/raw/hr/2hrd.pdb1_5.dill,train,component_302a40209e0a,2,f19434|A,136
data/DIPS-Plus/final/raw/l8/1l8i.pdb1_23.dill,train,component_bc317fc21d10,2,f10447|A,167
data/DIPS-Plus/final/raw/um/1umn.pdb1_4.dill,train,component_614b434b39fd,2,f33438|G,199
data/DIPS-Plus/final/raw/ya/1ya7.pdb1_39.dill,train,component_434b4b95b4fb,2,f16440|R;f2795|A,5298
data/DIPS-Plus/final/raw/gt/1gtz.pdb1_7.dill,train,component_97564c009426,2,f5017|H,166
data/DIPS-Plus/final/raw/iv/3ivz.pdb1_0.dill,train,component_d1dba3ba0701,2,f7925|A,4
data/DIPS-Plus/final/raw/zq/1zq1.pdb1_3.dill,train,component_106abb282a97,2,f5394|A;f5396|D,10
data/DIPS-Plus/final/raw/w8/2w8h.pdb1_10.dill,train,component_bcaa2e860fa0,2,f36029|A,16
data/DIPS-Plus/final/raw/n9/1n9r.pdb1_3.dill,train,component_d114c8e810d2,2,f8593|I,47
data/DIPS-Plus/final/raw/ok/2oke.pdb1_1.dill,train,component_7eb86cefcaf9,2,f7554|A,51
data/DIPS-Plus/final/raw/vm/2vml.pdb1_15.dill,train,component_2bafc3b54369,2,f18666|B;f34591|A,203
data/DIPS-Plus/final/raw/pg/2pgw.pdb1_13.dill,train,component_2f94dcde0a9c,2,f24429|C,17
data/DIPS-Plus/final/raw/y8/4y81.pdb1_85.dill,train,component_434b4b95b4fb,2,f29073|G;f4169|M,5298
data/DIPS-Plus/final/raw/au/5auo.pdb1_0.dill,train,component_9a7af27f75a5,2,f1513|I;f286|A,9
data/DIPS-Plus/final/raw/za/2zaf.pdb1_0.dill,train,component_47342423dbd9,2,f3405|A,17
data/DIPS-Plus/final/raw/wc/3wcv.pdb1_8.dill,train,component_f55b8deebc9e,2,f36267|C,58
data/DIPS-Plus/final/raw/r4/2r4f.pdb1_0.dill,train,component_ec878626cba7,2,f3972|A,66
data/DIPS-Plus/final/raw/ry/1ryp.pdb1_48.dill,train,component_434b4b95b4fb,2,f2797|I;f2801|K,5298
data/DIPS-Plus/final/raw/kg/3kgl.pdb2_1.dill,train,component_988ee4202916,2,f9671|B,35
data/DIPS-Plus/final/raw/z0/4z0c.pdb1_0.dill,train,component_08f50b987680,2,f40853|A,1
data/DIPS-Plus/final/raw/y9/4y9z.pdb1_39.dill,train,component_434b4b95b4fb,2,f2796|H;f29073|G,5298
data/DIPS-Plus/final/raw/ll/1llq.pdb1_0.dill,train,component_e700c27a7308,2,f18619|A,55
data/DIPS-Plus/final/raw/l7/4l7q.pdb1_2.dill,train,component_7bd56888100e,2,f18217|A,11
data/DIPS-Plus/final/raw/ac/4acg.pdb1_0.dill,train,component_9693771b8eb5,2,f768|A,15
data/DIPS-Plus/final/raw/qv/4qvy.pdb1_28.dill,train,component_434b4b95b4fb,2,f2795|A;f2796|H,5298
data/DIPS-Plus/final/raw/un/3un4.pdb1_23.dill,train,component_434b4b95b4fb,2,f2795|A;f2804|L,5298
data/DIPS-Plus/final/raw/tj/1tjv.pdb1_2.dill,train,component_bc632c4ac5e9,2,f7220|B,31
data/DIPS-Plus/final/raw/to/3tox.pdb2_0.dill,train,component_6a138b8472f5,2,f35899|A,62
data/DIPS-Plus/final/raw/ya/4ya0.pdb1_35.dill,train,component_434b4b95b4fb,2,f2796|H;f2797|I,5298
data/DIPS-Plus/final/raw/e1/3e1l.pdb1_18.dill,train,component_34e475982e70,2,f21297|P,468
data/DIPS-Plus/final/raw/bu/5buq.pdb1_0.dill,train,component_498955a11941,2,f3155|B,1
data/DIPS-Plus/final/raw/xs/1xs4.pdb3_14.dill,train,component_984c4b5bd63c,2,f455|A,27
data/DIPS-Plus/final/raw/i4/1i4s.pdb1_0.dill,train,component_b92b9b0cc66c,2,f22199|B,11
data/DIPS-Plus/final/raw/qw/4qw5.pdb1_39.dill,train,component_434b4b95b4fb,2,f2801|K;f29082|K,5298
data/DIPS-Plus/final/raw/ji/4jib.pdb1_2.dill,train,component_e94b41ec91da,2,f14146|A,15
data/DIPS-Plus/final/raw/ux/2uxm.pdb1_1.dill,train,component_83d04836fea7,2,f5266|M;f6540|H,147
data/DIPS-Plus/final/raw/mq/3mqt.pdb1_0.dill,train,component_fbe663e4e5fe,2,f20205|E,48
data/DIPS-Plus/final/raw/vj/1vj0.pdb1_0.dill,train,component_0aa02e2ab207,2,f35075|A,7
data/DIPS-Plus/final/raw/c5/4c5z.pdb1_0.dill,train,component_a042517eb1f2,2,f3688|A,2
data/DIPS-Plus/final/raw/v5/3v58.pdb2_0.dill,train,component_2bafc3b54369,2,f18666|B;f34591|A,203
data/DIPS-Plus/final/raw/wx/3wxr.pdb1_8.dill,train,component_434b4b95b4fb,2,f2796|H;f4169|M,5298
data/DIPS-Plus/final/raw/d3/2d3e.pdb1_0.dill,train,component_df4d7b3bb3b0,2,f5247|A,15
data/DIPS-Plus/final/raw/a3/4a3l.pdb1_4.dill,train,component_5c83bf74bad8,2,f11473|A;f3543|F,407
data/DIPS-Plus/final/raw/dg/1dgr.pdb1_7.dill,train,component_248bfb806704,2,f7248|A,37
data/DIPS-Plus/final/raw/kg/4kgc.pdb1_6.dill,train,component_ac9b67d94fe0,2,f7890|H;f7892|E,540
data/DIPS-Plus/final/raw/vb/3vb9.pdb2_0.dill,train,component_72c4f90e703c,2,f34761|B,2
data/DIPS-Plus/final/raw/ge/3ge4.pdb1_21.dill,train,component_bc317fc21d10,2,f10447|A,167
data/DIPS-Plus/final/raw/qw/4qw0.pdb1_63.dill,train,component_434b4b95b4fb,2,f2795|A,5298
data/DIPS-Plus/final/raw/z6/4z6u.pdb1_3.dill,train,component_e35e5c49c369,2,f10732|C,84
data/DIPS-Plus/final/raw/bh/4bhd.pdb1_0.dill,train,component_e9124b025912,2,f24381|A,17
data/DIPS-Plus/final/raw/xr/2xr8.pdb3_0.dill,train,component_cc2db7ce7b0d,2,f10306|A;f38348|B,188
data/DIPS-Plus/final/raw/bp/5bps.pdb2_3.dill,train,component_74ba21515612,2,f2899|B,32
data/DIPS-Plus/final/raw/lq/4lql.pdb1_1.dill,train,component_c3bc8c0ad27b,2,f28865|A,30
data/DIPS-Plus/final/raw/i8/1i8f.pdb1_0.dill,train,component_37decb0b4472,2,f31907|A,63
data/DIPS-Plus/final/raw/t4/3t4a.pdb2_4.dill,train,component_926cbb414bc0,2,f31595|H;f4877|A,27
data/DIPS-Plus/final/raw/z8/2z8y.pdb2_3.dill,train,component_6c61d2cae9b2,2,f13662|A;f13663|M,23
data/DIPS-Plus/final/raw/ny/4nyo.pdb1_1.dill,train,component_219d0afffb21,2,f21035|A,39
data/DIPS-Plus/final/raw/qz/4qzx.pdb1_89.dill,train,component_434b4b95b4fb,2,f2801|K;f2804|L,5298
data/DIPS-Plus/final/raw/pd/3pd8.pdb1_0.dill,train,component_ac6c635c268d,2,f32832|B,41
data/DIPS-Plus/final/raw/y7/4y7y.pdb1_64.dill,train,component_434b4b95b4fb,2,f2795|A,5298
data/DIPS-Plus/final/raw/p5/2p5v.pdb1_7.dill,train,component_7f463fd7a210,2,f11275|C,43
data/DIPS-Plus/final/raw/to/4to9.pdb1_19.dill,train,component_34e475982e70,2,f21297|P,468
data/DIPS-Plus/final/raw/py/1pyg.pdb1_3.dill,train,component_a1ccdb2cad7a,2,f11138|A,27
data/DIPS-Plus/final/raw/k8/3k8z.pdb1_4.dill,train,component_285b6b6a5917,2,f13098|A,63
data/DIPS-Plus/final/raw/f0/3f0d.pdb2_2.dill,train,component_9001d74170f4,2,f14242|A,82
data/DIPS-Plus/final/raw/lm/4lm6.pdb1_2.dill,train,component_2bafc3b54369,2,f18666|B;f18673|E,203
data/DIPS-Plus/final/raw/or/3or2.pdb1_10.dill,train,component_8ef3f8302a97,2,f333|B;f38460|A,41
data/DIPS-Plus/final/raw/az/3azf.pdb1_4.dill,train,component_ac9b67d94fe0,2,f19329|D;f7890|H,540
data/DIPS-Plus/final/raw/rg/3rgp.pdb1_4.dill,train,component_a11e21e9d011,2,f10539|A,208
data/DIPS-Plus/final/raw/c4/4c4u.pdb1_1.dill,train,component_74d9bcbfa744,2,f16023|A,36
data/DIPS-Plus/final/raw/gz/1gz3.pdb1_1.dill,train,component_e700c27a7308,2,f18619|A,55
data/DIPS-Plus/final/raw/sz/1szo.pdb3_2.dill,train,component_4ac06ae9da13,2,f31428|D,25
data/DIPS-Plus/final/raw/q7/3q7h.pdb1_40.dill,train,component_1ec8d5ee7899,2,f31896|E,232
data/DIPS-Plus/final/raw/lz/3lz0.pdb1_6.dill,train,component_ac9b67d94fe0,2,f19329|D;f7890|H,540
data/DIPS-Plus/final/raw/q0/3q08.pdb4_3.dill,train,component_ca3fd3609752,2,f95|A,55
data/DIPS-Plus/final/raw/rk/4rkd.pdb3_0.dill,train,component_4fff0ea7408a,2,f19513|A,29
data/DIPS-Plus/final/raw/fb/1fbx.pdb1_0.dill,train,component_b87eafd06a6a,2,f8796|A,44
data/DIPS-Plus/final/raw/r5/2r5p.pdb2_0.dill,train,component_3fd789c4cddc,2,f956|A,233
data/DIPS-Plus/final/raw/is/3isf.pdb1_4.dill,train,component_34e475982e70,2,f21297|P,468
data/DIPS-Plus/final/raw/fg/4fgs.pdb1_5.dill,train,component_fb8d803f71eb,2,f31279|B,19
data/DIPS-Plus/final/raw/cl/3clp.pdb1_0.dill,train,component_a2aa2274fa60,2,f4418|C,1
data/DIPS-Plus/final/raw/wo/1woi.pdb1_9.dill,train,component_ca98b9c20a85,2,f21414|A,33
data/DIPS-Plus/final/raw/mg/3mg6.pdb1_33.dill,train,component_434b4b95b4fb,2,f29073|G;f4169|M,5298
data/DIPS-Plus/final/raw/iw/1iwb.pdb1_6.dill,train,component_2b192e9cc34f,2,f15139|A;f15139|B,32
data/DIPS-Plus/final/raw/sa/1sac.pdb1_1.dill,train,component_d8e881717311,2,f11061|A,55
data/DIPS-Plus/final/raw/nz/1nzx.pdb2_3.dill,train,component_b303ed22c9ea,2,f12175|A,165
data/DIPS-Plus/final/raw/ym/4ymv.pdb1_0.dill,train,component_2007ca0101c7,2,f40493|B;f9906|1,117
data/DIPS-Plus/final/raw/oz/2ozl.pdb1_2.dill,train,component_a73eef4c5379,2,f23774|A;f2879|F,38
data/DIPS-Plus/final/raw/au/2auk.pdb8_1.dill,train,component_07d33618b32c,2,f1479|A,5
data/DIPS-Plus/final/raw/ts/4tsf.pdb1_15.dill,train,component_94adb57dc428,1,f8518|B,140
data/DIPS-Plus/final/raw/lt/1ltb.pdb1_13.dill,train,component_1f1c38cca328,2,f18896|F,98
data/DIPS-Plus/final/raw/dx/2dxc.pdb1_11.dill,train,component_d97ae9e83559,2,f5626|H,213
data/DIPS-Plus/final/raw/ez/1ez4.pdb1_2.dill,train,component_bd21bbc9c2d7,2,f1048|D,197
data/DIPS-Plus/final/raw/ya/4ya0.pdb1_74.dill,train,component_434b4b95b4fb,2,f2795|A;f29082|K,5298
data/DIPS-Plus/final/raw/bl/3blv.pdb1_15.dill,train,component_797ee778df31,2,f2605|E;f5297|C,60
data/DIPS-Plus/final/raw/v6/2v6a.pdb1_40.dill,train,component_26289733d6da,2,f34169|F,423
data/DIPS-Plus/final/raw/qv/4qvy.pdb1_39.dill,train,component_434b4b95b4fb,2,f2801|K;f29082|K,5298
data/DIPS-Plus/final/raw/a3/4a34.pdb1_12.dill,train,component_5bf52ac19a63,2,f36228|A,39
data/DIPS-Plus/final/raw/yg/1yg6.pdb1_6.dill,train,component_1ec8d5ee7899,2,f31896|E,232
data/DIPS-Plus/final/raw/ta/1tat.pdb1_0.dill,train,component_4fff0ea7408a,2,f19513|A,29
data/DIPS-Plus/final/raw/xj/2xjo.pdb1_5.dill,train,component_614b434b39fd,2,f33438|G,199
data/DIPS-Plus/final/raw/pk/2pkr.pdb1_5.dill,train,component_33df824bc6ed,2,f6159|A,186
data/DIPS-Plus/final/raw/o0/1o02.pdb1_5.dill,train,component_b303ed22c9ea,2,f12175|A,165
data/DIPS-Plus/final/raw/sx/1sx4.pdb1_9.dill,train,component_99d8a06d10be,2,f24591|A;f24607|Z,184
data/DIPS-Plus/final/raw/g5/2g5i.pdb1_1.dill,train,component_a5d5f52db26b,2,f1082|C;f5775|A,18
data/DIPS-Plus/final/raw/qw/4qwi.pdb1_81.dill,train,component_434b4b95b4fb,2,f29073|G;f4169|M,5298
data/DIPS-Plus/final/raw/z7/1z7m.pdb3_4.dill,train,component_e28319b87cf0,2,f22392|A,22
data/DIPS-Plus/final/raw/fx/4fx6.pdb1_0.dill,train,component_91a927cf835c,2,f9604|N,32
data/DIPS-Plus/final/raw/c3/3c3s.pdb2_0.dill,train,component_572e19caf78d,2,f1061|B,90
data/DIPS-Plus/final/raw/x0/4x0o.pdb2_0.dill,train,component_7c7e4882f639,2,f37427|D,16
data/DIPS-Plus/final/raw/gk/4gkk.pdb1_8.dill,train,component_ae35e83b72ed,2,f1363|R;f1368|F,62
data/DIPS-Plus/final/raw/w8/2w8h.pdb1_11.dill,train,component_bcaa2e860fa0,2,f36029|A,16
data/DIPS-Plus/final/raw/ih/4ihf.pdb2_2.dill,train,component_30a5eed3b2c3,2,f7174|B;f7644|E,93
data/DIPS-Plus/final/raw/to/3tos.pdb1_16.dill,train,component_00b2b89f271a,2,f32159|B,89
data/DIPS-Plus/final/raw/q0/3q08.pdb3_1.dill,train,component_ca3fd3609752,2,f95|A,55
data/DIPS-Plus/final/raw/kb/3kb1.pdb1_0.dill,train,component_9a7af27f75a5,2,f1513|I,9
data/DIPS-Plus/final/raw/iz/4izn.pdb2_1.dill,train,component_7dc74917b25c,2,f17358|D,139
data/DIPS-Plus/final/raw/o5/1o5k.pdb1_0.dill,train,component_1c812e6f73c7,2,f9038|A,31
data/DIPS-Plus/final/raw/vz/1vz5.pdb1_2.dill,train,component_f8ae98f923f8,2,f38691|F,17
data/DIPS-Plus/final/raw/xm/2xmn.pdb1_1.dill,train,component_30e08de0e6c2,2,f34838|A,12
data/DIPS-Plus/final/raw/hh/3hhw.pdb1_14.dill,train,component_e7f78b8d7541,2,f12595|N,64
data/DIPS-Plus/final/raw/vq/1vq6.pdb1_18.dill,train,component_1cc00e80d466,2,f3895|N;f3895|Q,28
data/DIPS-Plus/final/raw/ai/4aih.pdb2_0.dill,train,component_7ec2450ce86c,2,f989|A,2
data/DIPS-Plus/final/raw/bc/1bcp.pdb2_1.dill,train,component_352f6b8aef2e,2,f2194|A;f2194|B,20
data/DIPS-Plus/final/raw/lc/3lc7.pdb1_3.dill,train,component_33df824bc6ed,2,f6159|A,186
data/DIPS-Plus/final/raw/wh/4who.pdb1_13.dill,train,component_fbbd8ff1594b,2,f3131|B,134
data/DIPS-Plus/final/raw/vy/3vyg.pdb1_29.dill,train,component_d97ae9e83559,2,f5626|H,213
data/DIPS-Plus/final/raw/of/3of3.pdb1_5.dill,train,component_dab9bbfc1f61,2,f22889|A,83
data/DIPS-Plus/final/raw/qz/4qzx.pdb1_78.dill,train,component_434b4b95b4fb,2,f2795|A;f2804|L,5298
data/DIPS-Plus/final/raw/hz/1hza.pdb1_0.dill,train,component_c4eadb1d50e2,2,f33403|B,6
data/DIPS-Plus/final/raw/wv/2wva.pdb2_1.dill,train,component_f6f3f00bbc9b,2,f37087|X,30
data/DIPS-Plus/final/raw/q5/1q5q.pdb2_18.dill,train,component_227343122cc0,2,f19832|R;f19841|F,238
data/DIPS-Plus/final/raw/ji/4ji1.pdb1_9.dill,train,component_ae35e83b72ed,2,f6310|G;f6310|I,62
data/DIPS-Plus/final/raw/j8/4j8v.pdb1_0.dill,train,component_ac9b67d94fe0,2,f7890|H;f7893|G,540
data/DIPS-Plus/final/raw/ce/1cer.pdb2_1.dill,train,component_33df824bc6ed,2,f6159|A,186
data/DIPS-Plus/final/raw/aq/4aqy.pdb1_6.dill,train,component_2769bc9bd428,2,f1361|H;f40338|E,66
data/DIPS-Plus/final/raw/hf/2hfo.pdb1_8.dill,train,component_f25e0c532399,2,f12348|A,16
data/DIPS-Plus/final/raw/ir/4ir8.pdb1_0.dill,train,component_1ad18abda2c4,2,f14703|B,1
data/DIPS-Plus/final/raw/ao/2ao9.pdb2_5.dill,train,component_545cbc3d64b2,2,f1251|C,18
data/DIPS-Plus/final/raw/is/3is7.pdb1_2.dill,train,component_34e475982e70,2,f21297|P,468
data/DIPS-Plus/final/raw/mq/4mq9.pdb1_10.dill,train,component_68a1d5712cb4,2,f10084|N;f10086|P,107
data/DIPS-Plus/final/raw/pk/3pkz.pdb3_0.dill,train,component_460607ad9473,2,f24712|A,15
data/DIPS-Plus/final/raw/n0/3n0c.pdb1_3.dill,train,component_a8720462bf30,2,f17232|B,36
data/DIPS-Plus/final/raw/ql/4qlt.pdb1_28.dill,train,component_434b4b95b4fb,2,f2795|A;f2796|H,5298
data/DIPS-Plus/final/raw/ue/1ue6.pdb1_0.dill,train,component_0cacd6837131,2,f7881|B,21
data/DIPS-Plus/final/raw/r0/4r02.pdb1_77.dill,train,component_434b4b95b4fb,2,f2795|A;f29073|G,5298
data/DIPS-Plus/final/raw/ga/3gam.pdb1_0.dill,train,component_714f00eebfca,2,f5285|B,25
data/DIPS-Plus/final/raw/g2/3g2m.pdb1_0.dill,train,component_b5d8c5d87c42,2,f9939|A,2
data/DIPS-Plus/final/raw/vg/1vgg.pdb1_1.dill,train,component_e5531970e177,2,f10931|A,30
data/DIPS-Plus/final/raw/u6/1u6j.pdb2_4.dill,train,component_8db84e2de63f,2,f14631|A,90
data/DIPS-Plus/final/raw/s6/3s6z.pdb1_1.dill,train,component_dbee5830573a,2,f30822|B,27
data/DIPS-Plus/final/raw/az/3azi.pdb1_15.dill,train,component_ac9b67d94fe0,2,f7890|H;f7893|G,540
data/DIPS-Plus/final/raw/kh/1kh1.pdb1_4.dill,train,component_0d506d1e80cb,2,f15437|A,30
data/DIPS-Plus/final/raw/cq/4cqm.pdb4_0.dill,train,component_71c3501043a3,2,f22849|A;f9776|A,99
data/DIPS-Plus/final/raw/ql/4qlu.pdb1_69.dill,train,component_434b4b95b4fb,2,f2795|A;f2797|I,5298
data/DIPS-Plus/final/raw/rq/3rqu.pdb1_7.dill,train,component_ed8403c20be9,2,f41203|F,50
data/DIPS-Plus/final/raw/rs/1rsc.pdb1_35.dill,train,component_26289733d6da,2,f29327|B;f34169|F,423
data/DIPS-Plus/final/raw/ug/3ugv.pdb1_16.dill,train,component_40aa8c7351b5,2,f24918|B,40
data/DIPS-Plus/final/raw/cm/4cmy.pdb1_54.dill,train,component_13909753b42e,2,f3175|A,203
data/DIPS-Plus/final/raw/dx/2dxc.pdb1_13.dill,train,component_d97ae9e83559,2,f5626|H,213
data/DIPS-Plus/final/raw/qv/4qvy.pdb1_82.dill,train,component_434b4b95b4fb,2,f2796|H;f29073|G,5298
data/DIPS-Plus/final/raw/o5/4o5o.pdb1_0.dill,train,component_6a138b8472f5,2,f35899|A,62
data/DIPS-Plus/final/raw/zz/3zzh.pdb1_1.dill,train,component_17f440eedb48,2,f42095|A,8
data/DIPS-Plus/final/raw/aj/4aj9.pdb1_0.dill,train,component_a11e21e9d011,2,f10539|A,208
data/DIPS-Plus/final/raw/pz/4pzo.pdb1_0.dill,train,component_876dd98502de,2,f25331|E,9
data/DIPS-Plus/final/raw/zl/3zla.pdb2_2.dill,train,component_07be6ab9dfe6,2,f41624|E,16
data/DIPS-Plus/final/raw/dk/5dkj.pdb1_88.dill,train,component_434b4b95b4fb,2,f2801|K;f29082|K,5298
data/DIPS-Plus/final/raw/z1/4z1l.pdb1_54.dill,train,component_434b4b95b4fb,2,f2795|A,5298
data/DIPS-Plus/final/raw/mg/3mg7.pdb1_12.dill,train,component_434b4b95b4fb,2,f2795|A,5298
data/DIPS-Plus/final/raw/et/3etd.pdb1_4.dill,train,component_f1dd75cd53d2,2,f7991|A,78
data/DIPS-Plus/final/raw/po/4poq.pdb1_1.dill,train,component_7c391b4877fe,2,f4670|D,115
data/DIPS-Plus/final/raw/gh/1gh0.pdb3_30.dill,train,component_2bafc3b54369,2,f18666|B;f34591|A,203
data/DIPS-Plus/final/raw/p7/2p7q.pdb3_0.dill,train,component_c6bb5d7fa72f,2,f15906|B,19
data/DIPS-Plus/final/raw/h1/3h1k.pdb1_13.dill,train,component_126d56e92e9e,2,f2180|E;f9614|M,292
data/DIPS-Plus/final/raw/e4/4e4e.pdb1_0.dill,train,component_572e19caf78d,2,f1061|B,90
data/DIPS-Plus/final/raw/aw/1aw1.pdb3_0.dill,train,component_c881404517be,2,f34234|A,58
data/DIPS-Plus/final/raw/hf/3hf9.pdb1_40.dill,train,component_227343122cc0,2,f19841|F,238
data/DIPS-Plus/final/raw/qw/4qws.pdb1_69.dill,train,component_434b4b95b4fb,2,f2795|A;f2797|I,5298
data/DIPS-Plus/final/raw/ma/1ma1.pdb2_4.dill,train,component_572e19caf78d,2,f1061|B,90
data/DIPS-Plus/final/raw/f1/2f1d.pdb2_4.dill,train,component_8008adb06c52,2,f8338|I,20
data/DIPS-Plus/final/raw/xi/1xi9.pdb3_0.dill,train,component_c8cd04956916,2,f37997|C,13
data/DIPS-Plus/final/raw/y7/4y74.pdb1_75.dill,train,component_434b4b95b4fb,2,f2795|A;f2797|I,5298
data/DIPS-Plus/final/raw/h1/3h1j.pdb1_38.dill,train,component_126d56e92e9e,2,f2180|E;f2314|A,292
data/DIPS-Plus/final/raw/w5/1w5r.pdb1_0.dill,train,component_8c0c8a09d396,2,f5476|C,3
data/DIPS-Plus/final/raw/jt/4jt0.pdb1_65.dill,train,component_434b4b95b4fb,2,f2795|A,5298
data/DIPS-Plus/final/raw/fz/2fzc.pdb1_2.dill,train,component_682cfaf7b9cd,2,f19|A;f977|B,88
data/DIPS-Plus/final/raw/nd/1ndl.pdb1_0.dill,train,component_ed40f3402ed5,2,f38315|A,207
data/DIPS-Plus/final/raw/cc/3cc2.pdb1_8.dill,train,component_d0b1705c8b0d,2,f1198|A;f1198|E,61
data/DIPS-Plus/final/raw/fp/2fpf.pdb1_2.dill,train,component_d38e8919299a,2,f9387|A,18
data/DIPS-Plus/final/raw/bo/5bou.pdb1_47.dill,train,component_434b4b95b4fb,2,f2796|H;f2804|L,5298
data/DIPS-Plus/final/raw/df/3dfy.pdb2_12.dill,train,component_b698846b1787,2,f14509|B,35
data/DIPS-Plus/final/raw/jq/3jqo.pdb1_25.dill,train,component_3f95699cb5e0,2,f16295|B;f16337|L,88
data/DIPS-Plus/final/raw/u6/1u60.pdb3_0.dill,train,component_e16a44fe46ef,2,f33871|A,20
data/DIPS-Plus/final/raw/mp/1mps.pdb1_0.dill,train,component_83d04836fea7,2,f5266|M;f6540|H,147
data/DIPS-Plus/final/raw/v5/2v50.pdb2_0.dill,train,component_fb9bcd7a2984,2,f10753|B,33
data/DIPS-Plus/final/raw/y8/4y81.pdb1_34.dill,train,component_434b4b95b4fb,2,f2796|H;f2804|L,5298
data/DIPS-Plus/final/raw/my/4myy.pdb1_0.dill,train,component_d2e00a05a92d,2,f20448|B,1
data/DIPS-Plus/final/raw/mg/3mg8.pdb1_31.dill,train,component_434b4b95b4fb,2,f2795|A;f4169|M,5298
data/DIPS-Plus/final/raw/ld/4ld7.pdb2_4.dill,train,component_955ab4bb0bd8,2,f13847|A,26
data/DIPS-Plus/final/raw/xi/4xiy.pdb2_0.dill,train,component_c6f31525b78d,2,f37835|B,9
data/DIPS-Plus/final/raw/qw/4qwi.pdb1_72.dill,train,component_434b4b95b4fb,2,f2795|A;f29082|K,5298
data/DIPS-Plus/final/raw/xg/1xg3.pdb1_3.dill,train,component_4791ef52834e,2,f30607|A,27
data/DIPS-Plus/final/raw/u8/4u8i.pdb1_3.dill,train,component_f59aef42fe61,2,f33358|A,30
data/DIPS-Plus/final/raw/qv/1qvi.pdb1_1.dill,train,component_00265175198a,2,f13901|C;f2511|A,82
data/DIPS-Plus/final/raw/jt/4jt0.pdb1_48.dill,train,component_434b4b95b4fb,2,f2796|H;f2804|L,5298
data/DIPS-Plus/final/raw/q3/1q3s.pdb1_13.dill,train,component_039c972e98eb,2,f25516|A,34
data/DIPS-Plus/final/raw/y8/4y81.pdb1_22.dill,train,component_434b4b95b4fb,2,f2795|A;f29073|G,5298
data/DIPS-Plus/final/raw/x1/1x1o.pdb1_0.dill,train,component_57227765ba04,2,f15822|A,37
data/DIPS-Plus/final/raw/jq/3jqo.pdb1_79.dill,train,component_3f95699cb5e0,2,f16329|J,88
data/DIPS-Plus/final/raw/c3/4c3i.pdb1_13.dill,train,component_5c83bf74bad8,2,f3529|B;f3531|I,407
data/DIPS-Plus/final/raw/hb/3hbl.pdb1_0.dill,train,component_68d9fba6bb24,2,f12198|A,41
data/DIPS-Plus/final/raw/d4/4d43.pdb2_0.dill,train,component_df3872073053,2,f2927|A,228
data/DIPS-Plus/final/raw/qw/4qwj.pdb1_46.dill,train,component_434b4b95b4fb,2,f2796|H;f2804|L,5298
data/DIPS-Plus/final/raw/ke/1kee.pdb1_5.dill,train,component_8beb8fb68c94,2,f19317|A,35
data/DIPS-Plus/final/raw/re/3re7.pdb1_1.dill,train,component_b132faf248c3,2,f8960|A,166
data/DIPS-Plus/final/raw/da/3dah.pdb1_2.dill,train,component_444ee286fb87,2,f8667|A,10
data/DIPS-Plus/final/raw/og/1ogf.pdb1_0.dill,train,component_cf9e34b2e020,2,f22937|A,6
data/DIPS-Plus/final/raw/h7/4h73.pdb5_4.dill,train,component_a5ae5033bfd5,2,f2871|A,158
data/DIPS-Plus/final/raw/tr/4trm.pdb1_0.dill,train,component_df3872073053,2,f2927|A,228
data/DIPS-Plus/final/raw/y7/4y74.pdb1_95.dill,train,component_434b4b95b4fb,2,f2797|I;f29082|K,5298
data/DIPS-Plus/final/raw/f8/4f86.pdb1_0.dill,train,component_e10277786cef,2,f8633|A,12
data/DIPS-Plus/final/raw/qv/4qvw.pdb1_69.dill,train,component_434b4b95b4fb,2,f2795|A;f2797|I,5298
data/DIPS-Plus/final/raw/l9/1l9s.pdb1_2.dill,train,component_c550b88ac14c,2,f24927|B,60
data/DIPS-Plus/final/raw/cf/2cfc.pdb1_0.dill,train,component_c7dda0295b0b,2,f18640|A,130
data/DIPS-Plus/final/raw/qw/4qwi.pdb1_88.dill,train,component_434b4b95b4fb,2,f2801|K;f29082|K,5298
data/DIPS-Plus/final/raw/lx/3lxv.pdb1_2.dill,train,component_fbbd8ff1594b,2,f3131|B,134
data/DIPS-Plus/final/raw/qw/4qwf.pdb1_25.dill,train,component_434b4b95b4fb,2,f2795|A;f29073|G,5298
data/DIPS-Plus/final/raw/f4/3f4f.pdb1_1.dill,train,component_7eb86cefcaf9,2,f7554|A,51
data/DIPS-Plus/final/raw/gq/1gq2.pdb2_3.dill,train,component_e700c27a7308,2,f18619|A,55
data/DIPS-Plus/final/raw/wl/4wlo.pdb1_3.dill,train,component_f2bab4f7d4cf,2,f5812|A,25
data/DIPS-Plus/final/raw/tf/3tfu.pdb1_0.dill,train,component_81ad45abcc7b,2,f20262|B,8
data/DIPS-Plus/final/raw/j1/1j1e.pdb1_2.dill,train,component_00265175198a,2,f15425|E;f15426|F,82
data/DIPS-Plus/final/raw/qv/4qvw.pdb1_37.dill,train,component_434b4b95b4fb,2,f2797|I;f2801|K,5298
data/DIPS-Plus/final/raw/jj/2jj2.pdb1_3.dill,train,component_94adb57dc428,2,f16078|C;f8518|B,140
data/DIPS-Plus/final/raw/op/3opm.pdb1_0.dill,train,component_8882f1b79439,2,f371|B,62
data/DIPS-Plus/final/raw/q3/1q3q.pdb2_0.dill,train,component_039c972e98eb,2,f25516|A,34
data/DIPS-Plus/final/raw/qw/4qws.pdb1_71.dill,train,component_434b4b95b4fb,2,f2795|A,5298
data/DIPS-Plus/final/raw/fo/1fou.pdb1_3.dill,train,component_a6c219863748,2,f9320|A,42
data/DIPS-Plus/final/raw/ji/4ji1.pdb1_6.dill,train,component_2769bc9bd428,2,f1361|H;f40338|E,66
data/DIPS-Plus/final/raw/mi/3mi0.pdb1_71.dill,train,component_227343122cc0,2,f19832|R;f19841|F,238
data/DIPS-Plus/final/raw/xl/1xl9.pdb1_2.dill,train,component_1c812e6f73c7,2,f9038|A,31
data/DIPS-Plus/final/raw/ry/3ryw.pdb2_0.dill,train,component_66d46fb173b4,2,f8144|A,18
data/DIPS-Plus/final/raw/vr/3vr4.pdb1_13.dill,train,component_6f380eaf7a0c,2,f11279|B;f35434|G,24
data/DIPS-Plus/final/raw/pg/2pgw.pdb1_11.dill,train,component_2f94dcde0a9c,2,f24429|C,17
data/DIPS-Plus/final/raw/b8/3b8i.pdb1_3.dill,train,component_4791ef52834e,2,f30607|A,27
data/DIPS-Plus/final/raw/ew/2ewc.pdb4_0.dill,train,component_74a4db36a680,2,f8105|B,39
data/DIPS-Plus/final/raw/hb/4hbj.pdb1_1.dill,train,component_83d04836fea7,2,f5266|M;f6540|H,147
data/DIPS-Plus/final/raw/dw/4dwz.pdb8_0.dill,train,component_dae9621eee0f,2,f6532|F,3
data/DIPS-Plus/final/raw/c7/5c78.pdb2_0.dill,train,component_d26db33e0aaa,2,f3737|B,3
data/DIPS-Plus/final/raw/jq/3jqm.pdb1_1.dill,train,component_98d8f3e4dcd8,2,f16280|B,31
data/DIPS-Plus/final/raw/d6/3d6x.pdb1_4.dill,train,component_daeaa15c9da4,2,f2037|A,68
data/DIPS-Plus/final/raw/cv/2cv5.pdb1_17.dill,train,component_ac9b67d94fe0,2,f19329|D;f7890|H,540
data/DIPS-Plus/final/raw/bi/4bif.pdb2_1.dill,train,component_66ba57a1e000,2,f8524|A,19
data/DIPS-Plus/final/raw/z1/4z1l.pdb1_34.dill,train,component_434b4b95b4fb,2,f2796|H;f2804|L,5298
data/DIPS-Plus/final/raw/rc/3rcc.pdb3_3.dill,train,component_232bec884957,2,f29446|N,18
data/DIPS-Plus/final/raw/nz/1nzz.pdb2_4.dill,train,component_b303ed22c9ea,2,f12175|A,165
data/DIPS-Plus/final/raw/sj/1sjm.pdb1_2.dill,train,component_c550b88ac14c,2,f24927|B,60
data/DIPS-Plus/final/raw/nw/3nwk.pdb3_0.dill,train,component_b4de1901de2f,2,f1702|A,48
data/DIPS-Plus/final/raw/zc/2zcy.pdb1_35.dill,train,component_434b4b95b4fb,2,f2795|A;f2804|L,5298
data/DIPS-Plus/final/raw/d9/4d97.pdb1_0.dill,train,component_8a34fddca011,2,f8381|C,44
data/DIPS-Plus/final/raw/tf/1tf7.pdb1_6.dill,train,component_37f0b5ae4539,2,f16826|F,60
data/DIPS-Plus/final/raw/hh/4hhm.pdb2_0.dill,train,component_9eb6ce74d869,2,f5944|A,56
data/DIPS-Plus/final/raw/z8/1z88.pdb1_2.dill,train,component_fbfa2ac04904,2,f41142|D,19
data/DIPS-Plus/final/raw/gl/2gls.pdb1_20.dill,train,component_8e4f5fa9fcad,2,f13290|A,180
data/DIPS-Plus/final/raw/t5/1t5o.pdb1_0.dill,train,component_e1b7043032f9,2,f22|A,16
data/DIPS-Plus/final/raw/d5/2d5h.pdb2_2.dill,train,component_988ee4202916,2,f9671|B,35
data/DIPS-Plus/final/raw/qq/2qqc.pdb2_7.dill,train,component_16995e274fb1,2,f26766|B;f26768|E,16
data/DIPS-Plus/final/raw/qw/4qwf.pdb1_60.dill,train,component_434b4b95b4fb,2,f2795|A,5298
data/DIPS-Plus/final/raw/df/3dfy.pdb1_10.dill,train,component_b698846b1787,2,f14509|B,35
data/DIPS-Plus/final/raw/r0/1r0l.pdb1_0.dill,train,component_af58d5d63029,2,f1494|A,18
data/DIPS-Plus/final/raw/hw/1hwk.pdb1_4.dill,train,component_ec878626cba7,2,f3972|A,66
data/DIPS-Plus/final/raw/un/3un4.pdb1_60.dill,train,component_434b4b95b4fb,2,f2795|A,5298
data/DIPS-Plus/final/raw/ya/1ya7.pdb1_16.dill,train,component_434b4b95b4fb,2,f16440|R;f2795|A,5298
data/DIPS-Plus/final/raw/ij/2ijz.pdb1_6.dill,train,component_55e04607ed51,2,f37004|A,23
data/DIPS-Plus/final/raw/kt/4ktv.pdb1_0.dill,train,component_cfd7fd373a8d,2,f21240|B,32
data/DIPS-Plus/final/raw/d3/3d36.pdb1_0.dill,train,component_8f37e76b1eef,2,f5262|B,1
data/DIPS-Plus/final/raw/qv/4qv5.pdb1_38.dill,train,component_434b4b95b4fb,2,f2797|I;f2804|L,5298
data/DIPS-Plus/final/raw/ee/3ee3.pdb1_1.dill,train,component_ed40f3402ed5,2,f38315|A,207
data/DIPS-Plus/final/raw/qv/4qvn.pdb1_7.dill,train,component_434b4b95b4fb,2,f2795|A;f2797|I,5298
data/DIPS-Plus/final/raw/y8/4y80.pdb1_84.dill,train,component_434b4b95b4fb,2,f2795|A;f2804|L,5298
data/DIPS-Plus/final/raw/gy/3gy1.pdb1_0.dill,train,component_948c92b4075f,2,f31682|A,90
data/DIPS-Plus/final/raw/d0/3d0a.pdb2_0.dill,train,component_7c31e7f288d5,2,f25373|A,31
data/DIPS-Plus/final/raw/vy/2vyx.pdb1_22.dill,train,component_4f43cac80945,2,f5728|A,32
data/DIPS-Plus/final/raw/j4/4j4y.pdb1_4.dill,train,component_2ea40a82b6ae,2,f4830|K,28
data/DIPS-Plus/final/raw/qv/4qv7.pdb1_49.dill,train,component_434b4b95b4fb,2,f2796|H;f4169|M,5298
data/DIPS-Plus/final/raw/xj/2xjn.pdb1_1.dill,train,component_614b434b39fd,2,f33438|G,199
data/DIPS-Plus/final/raw/pe/3pef.pdb1_1.dill,train,component_216dc9c595fd,2,f4367|A,15
data/DIPS-Plus/final/raw/ov/1ovm.pdb1_5.dill,train,component_f6f3f00bbc9b,2,f37087|X,30
data/DIPS-Plus/final/raw/ff/4ffc.pdb1_0.dill,train,component_be8acbd77c05,2,f33917|C,30
data/DIPS-Plus/final/raw/vm/3vm6.pdb1_1.dill,train,component_e1b7043032f9,2,f22|A,16
data/DIPS-Plus/final/raw/ya/4ya0.pdb1_45.dill,train,component_434b4b95b4fb,2,f2801|K;f29082|K,5298
data/DIPS-Plus/final/raw/dx/2dxc.pdb1_21.dill,train,component_d97ae9e83559,2,f5627|J;f913|A,213
data/DIPS-Plus/final/raw/rh/4rh3.pdb1_2.dill,train,component_21ea0051f7dd,2,f38630|A,31
data/DIPS-Plus/final/raw/hh/3hhp.pdb2_0.dill,train,component_f2bab4f7d4cf,2,f5812|A,25
data/DIPS-Plus/final/raw/to/4to0.pdb1_0.dill,train,component_cbd647f8551e,2,f30343|B,53
data/DIPS-Plus/final/raw/xa/2xaa.pdb1_2.dill,train,component_00312b433d12,2,f16699|A,65
data/DIPS-Plus/final/raw/k9/1k9s.pdb1_7.dill,train,component_dab9bbfc1f61,2,f22889|A,83
data/DIPS-Plus/final/raw/af/5afk.pdb1_1.dill,train,component_b41a5248b4e1,2,f30963|C,270
data/DIPS-Plus/final/raw/ql/4qls.pdb1_52.dill,train,component_434b4b95b4fb,2,f2796|H;f4169|M,5298
data/DIPS-Plus/final/raw/wm/4wm8.pdb1_1.dill,train,component_43bde24ea006,2,f36726|C;f4009|A,157
data/DIPS-Plus/final/raw/nf/4nfw.pdb16_0.dill,train,component_b7b9e7dee1b0,2,f21372|G,3
data/DIPS-Plus/final/raw/xg/1xg4.pdb1_4.dill,train,component_4791ef52834e,2,f30607|A,27
data/DIPS-Plus/final/raw/as/3asn.pdb2_1.dill,train,component_37ee44355407,2,f19268|A;f19269|C,252
data/DIPS-Plus/final/raw/r4/1r4q.pdb1_4.dill,train,component_d4b18a678d13,2,f10247|A;f10247|B,73
data/DIPS-Plus/final/raw/lw/3lw5.pdb1_23.dill,train,component_453d087213d5,2,f18978|C;f38182|A,73
data/DIPS-Plus/final/raw/ne/3nev.pdb1_1.dill,train,component_c5f978f1a09c,2,f21280|A,16
data/DIPS-Plus/final/raw/cq/5cq0.pdb1_0.dill,train,component_7c391b4877fe,2,f4670|D,115
data/DIPS-Plus/final/raw/aj/2ajc.pdb2_0.dill,train,component_8882f1b79439,2,f371|B,62
data/DIPS-Plus/final/raw/mu/4mus.pdb1_0.dill,train,component_373c657b6e64,2,f20325|A,4
data/DIPS-Plus/final/raw/yk/1ykk.pdb1_12.dill,train,component_fbbd8ff1594b,2,f3131|B,134
data/DIPS-Plus/final/raw/hf/3hf9.pdb2_24.dill,train,component_227343122cc0,2,f19832|R;f19841|F,238
data/DIPS-Plus/final/raw/dd/2dd4.pdb1_21.dill,train,component_d97ae9e83559,2,f5627|J;f913|A,213
data/DIPS-Plus/final/raw/y9/4y9z.pdb1_30.dill,train,component_434b4b95b4fb,2,f2795|A;f2801|K,5298
data/DIPS-Plus/final/raw/pu/3pup.pdb3_0.dill,train,component_9693771b8eb5,2,f768|A,15
data/DIPS-Plus/final/raw/ge/3ge4.pdb1_28.dill,train,component_bc317fc21d10,2,f10447|A,167
data/DIPS-Plus/final/raw/cf/3cf0.pdb2_2.dill,train,component_8ac00dd3fef8,2,f17297|F,16
data/DIPS-Plus/final/raw/wa/3waa.pdb1_2.dill,train,component_ac9b67d94fe0,2,f7893|G,540
data/DIPS-Plus/final/raw/o4/4o4j.pdb1_8.dill,train,component_f1033560f5a9,2,f30438|E;f3096|A,49
data/DIPS-Plus/final/raw/s5/1s5u.pdb4_14.dill,train,component_d751a4331e2a,2,f30763|E,36
data/DIPS-Plus/final/raw/y7/4y7x.pdb1_72.dill,train,component_434b4b95b4fb,2,f2795|A;f29082|K,5298
data/DIPS-Plus/final/raw/h8/3h8f.pdb1_7.dill,train,component_3e89a8e4d579,2,f37598|G,61
data/DIPS-Plus/final/raw/r0/3r0p.pdb3_3.dill,train,component_9b9e11ff6466,2,f21654|E,58
data/DIPS-Plus/final/raw/b2/2b24.pdb1_9.dill,train,component_cc2db7ce7b0d,2,f10306|A;f38348|B,188
data/DIPS-Plus/final/raw/fg/2fg8.pdb1_6.dill,train,component_b132faf248c3,2,f8960|A,166
data/DIPS-Plus/final/raw/ni/3nip.pdb1_3.dill,train,component_ca98b9c20a85,2,f21414|A,33
data/DIPS-Plus/final/raw/c9/5c9n.pdb1_0.dill,train,component_265573bd1309,2,f3832|A,1
data/DIPS-Plus/final/raw/vg/2vgf.pdb1_0.dill,train,component_f9e0ba46df49,2,f31508|A,100
data/DIPS-Plus/final/raw/yk/1ykp.pdb1_33.dill,train,component_fbbd8ff1594b,2,f3131|B,134
data/DIPS-Plus/final/raw/au/4aum.pdb1_0.dill,train,component_a11e21e9d011,2,f10539|A,208
data/DIPS-Plus/final/raw/dg/2dgd.pdb1_4.dill,train,component_29c77a6f4333,2,f5902|A,4
data/DIPS-Plus/final/raw/ql/4qls.pdb1_82.dill,train,component_434b4b95b4fb,2,f2796|H;f29073|G,5298
data/DIPS-Plus/final/raw/by/2byy.pdb1_0.dill,train,component_a97e6d8a06f7,2,f35742|A,33
data/DIPS-Plus/final/raw/u1/1u15.pdb1_1.dill,train,component_bc632c4ac5e9,2,f7220|B,31
data/DIPS-Plus/final/raw/cn/4cnn.pdb1_0.dill,train,component_fc3e272c7726,2,f21533|A,9
data/DIPS-Plus/final/raw/tg/1tg6.pdb1_5.dill,train,component_1ec8d5ee7899,2,f31896|E,232
data/DIPS-Plus/final/raw/re/3rel.pdb1_0.dill,train,component_ac9b67d94fe0,2,f7890|H;f7893|G,540
data/DIPS-Plus/final/raw/y7/4y7y.pdb1_49.dill,train,component_434b4b95b4fb,2,f2804|L;f4169|M,5298
data/DIPS-Plus/final/raw/ml/1mld.pdb3_3.dill,train,component_f2bab4f7d4cf,2,f5812|A,25
data/DIPS-Plus/final/raw/lx/1lxn.pdb5_2.dill,train,component_db349824e698,2,f18999|A,6
data/DIPS-Plus/final/raw/z7/1z7m.pdb2_3.dill,train,component_e28319b87cf0,2,f22392|A;f41107|B,22
data/DIPS-Plus/final/raw/j7/3j7a.pdb1_36.dill,train,component_d116cfd7e818,2,f15740|K;f15743|J,23
data/DIPS-Plus/final/raw/y8/4y8u.pdb1_9.dill,train,component_434b4b95b4fb,2,f2795|A,5298
data/DIPS-Plus/final/raw/bp/2bpx.pdb1_0.dill,train,component_3fd789c4cddc,2,f956|A,233
data/DIPS-Plus/final/raw/p2/4p2v.pdb1_0.dill,train,component_a896e3537f7a,2,f23943|A,50
data/DIPS-Plus/final/raw/y9/4y9z.pdb1_37.dill,train,component_434b4b95b4fb,2,f2795|A;f29073|G,5298
data/DIPS-Plus/final/raw/pe/3pef.pdb1_4.dill,train,component_216dc9c595fd,2,f4367|A,15
data/DIPS-Plus/final/raw/eu/3euh.pdb1_1.dill,train,component_5045bc031716,2,f8041|B;f8042|C,10
data/DIPS-Plus/final/raw/jb/2jbm.pdb2_0.dill,train,component_57227765ba04,2,f15822|A,37
data/DIPS-Plus/final/raw/w5/1w5v.pdb1_0.dill,train,component_3fd789c4cddc,2,f956|A,233
data/DIPS-Plus/final/raw/eu/2euh.pdb1_5.dill,train,component_a5ae5033bfd5,2,f2871|A,158
data/DIPS-Plus/final/raw/q7/3q7h.pdb1_8.dill,train,component_1ec8d5ee7899,2,f31896|E,232
data/DIPS-Plus/final/raw/dv/2dvt.pdb1_5.dill,train,component_78eec49b1537,2,f26884|A,18
data/DIPS-Plus/final/raw/b5/3b5m.pdb1_0.dill,train,component_dc7bd734b945,2,f1985|B,2
data/DIPS-Plus/final/raw/ru/4rur.pdb1_76.dill,train,component_434b4b95b4fb,2,f2795|A;f2804|L,5298
data/DIPS-Plus/final/raw/mi/3mi0.pdb1_53.dill,train,component_227343122cc0,2,f19832|R,238
data/DIPS-Plus/final/raw/xj/2xjm.pdb1_12.dill,train,component_614b434b39fd,2,f33438|G,199
data/DIPS-Plus/final/raw/po/2poz.pdb1_14.dill,train,component_d31dd9e68a46,2,f23658|C,57
data/DIPS-Plus/final/raw/pj/4pj1.pdb1_7.dill,train,component_99d8a06d10be,2,f24591|A,184
data/DIPS-Plus/final/raw/l6/3l6o.pdb1_3.dill,train,component_33df824bc6ed,2,f6159|A,186
data/DIPS-Plus/final/raw/rk/3rk2.pdb1_3.dill,train,component_106141c15917,2,f20785|C;f3811|B,47
data/DIPS-Plus/final/raw/sx/3sx2.pdb2_2.dill,train,component_71c3501043a3,2,f22849|A,99
data/DIPS-Plus/final/raw/cc/3ccu.pdb1_14.dill,train,component_7eb1d587866b,2,f12174|D;f3893|M,36
data/DIPS-Plus/final/raw/k8/3k8z.pdb1_0.dill,train,component_285b6b6a5917,2,f13098|A,63
data/DIPS-Plus/final/raw/z1/4z1l.pdb1_28.dill,train,component_434b4b95b4fb,2,f2795|A;f2796|H,5298
data/DIPS-Plus/final/raw/fq/3fq3.pdb1_10.dill,train,component_8fc540cc2cf9,2,f26571|A,82
data/DIPS-Plus/final/raw/w6/4w61.pdb2_0.dill,train,component_49aec4dbd123,2,f3725|B,136
data/DIPS-Plus/final/raw/hw/1hwj.pdb1_3.dill,train,component_ec878626cba7,2,f3972|A,66
data/DIPS-Plus/final/raw/b6/1b6j.pdb1_0.dill,train,component_3fd789c4cddc,2,f956|A,233
data/DIPS-Plus/final/raw/is/3isf.pdb1_2.dill,train,component_34e475982e70,2,f21297|P,468
data/DIPS-Plus/final/raw/r5/2r5n.pdb1_0.dill,train,component_562e1f6c99e7,2,f1660|A,2
data/DIPS-Plus/final/raw/bu/2buf.pdb1_0.dill,train,component_6a6120c768fa,2,f3120|C,175
data/DIPS-Plus/final/raw/xj/2xjo.pdb1_28.dill,train,component_614b434b39fd,2,f33438|G,199
data/DIPS-Plus/final/raw/xu/2xul.pdb2_1.dill,train,component_6a6120c768fa,2,f15800|C,175
data/DIPS-Plus/final/raw/el/2el2.pdb1_0.dill,train,component_2182888097fe,2,f6427|A,39
data/DIPS-Plus/final/raw/qw/4qw5.pdb1_51.dill,train,component_434b4b95b4fb,2,f2796|H;f4169|M,5298
data/DIPS-Plus/final/raw/ql/4qlu.pdb1_8.dill,train,component_434b4b95b4fb,2,f2795|A,5298
data/DIPS-Plus/final/raw/ao/1aoi.pdb1_10.dill,train,component_ac9b67d94fe0,2,f7892|E;f7893|G,540
data/DIPS-Plus/final/raw/qw/4qwl.pdb1_51.dill,train,component_434b4b95b4fb,2,f2796|H;f4169|M,5298
data/DIPS-Plus/final/raw/rz/4rz4.pdb1_9.dill,train,component_2ffc152ff289,2,f30521|E,70
data/DIPS-Plus/final/raw/cp/4cph.pdb1_0.dill,train,component_1c20fc5dbb94,2,f2215|A,117
data/DIPS-Plus/final/raw/u6/1u60.pdb4_0.dill,train,component_e16a44fe46ef,2,f33871|A,20
data/DIPS-Plus/final/raw/qv/4qv4.pdb1_55.dill,train,component_434b4b95b4fb,2,f2795|A,5298
data/DIPS-Plus/final/raw/dj/2dj6.pdb1_1.dill,train,component_6e894aafc703,2,f5977|B,3
data/DIPS-Plus/final/raw/m8/3m82.pdb1_9.dill,train,component_f30f5193da3c,2,f19384|A,61
data/DIPS-Plus/final/raw/gt/2gtl.pdb1_11.dill,train,component_f55b8deebc9e,2,f36267|C,58
data/DIPS-Plus/final/raw/eg/3egx.pdb1_1.dill,train,component_1ace0bf281c9,2,f7504|A;f7505|C,6
data/DIPS-Plus/final/raw/zk/4zkx.pdb1_13.dill,train,component_cd38d549f724,2,f14889|D,85
data/DIPS-Plus/final/raw/ij/2ijz.pdb1_14.dill,train,component_55e04607ed51,2,f37004|A,23
data/DIPS-Plus/final/raw/t4/3t4c.pdb1_1.dill,train,component_279e342b360e,2,f16650|B,59
data/DIPS-Plus/final/raw/bo/2bo7.pdb1_0.dill,train,component_cf6a6d240453,2,f2753|A,14
data/DIPS-Plus/final/raw/y8/4y8u.pdb1_28.dill,train,component_434b4b95b4fb,2,f2795|A;f4169|M,5298
data/DIPS-Plus/final/raw/un/3une.pdb1_86.dill,train,component_434b4b95b4fb,2,f2804|L;f4169|M,5298
data/DIPS-Plus/final/raw/nd/1ndo.pdb1_6.dill,train,component_cc2db7ce7b0d,2,f2665|B,188
data/DIPS-Plus/final/raw/uq/4uqv.pdb4_0.dill,train,component_e9124b025912,2,f24381|A,17
data/DIPS-Plus/final/raw/iw/3iwp.pdb6_0.dill,train,component_5818656732fd,2,f15166|A,21
data/DIPS-Plus/final/raw/kj/4kjw.pdb1_0.dill,train,component_8345ee0dc884,2,f17580|B,6
data/DIPS-Plus/final/raw/f9/2f9q.pdb1_0.dill,train,component_990f83f5ee08,2,f8896|A,10
data/DIPS-Plus/final/raw/jt/3jt6.pdb1_0.dill,train,component_84c7923e0c4e,2,f5160|A,130
data/DIPS-Plus/final/raw/nz/3nz2.pdb6_1.dill,train,component_c58b65bc29fb,2,f17652|A,38
data/DIPS-Plus/final/raw/ns/1nsq.pdb1_0.dill,train,component_ed40f3402ed5,2,f38315|A,207
data/DIPS-Plus/final/raw/q0/1q0g.pdb2_5.dill,train,component_6cd3e9a70f54,2,f10012|A,54
data/DIPS-Plus/final/raw/bt/2btq.pdb1_0.dill,train,component_f1033560f5a9,2,f3096|A,49
data/DIPS-Plus/final/raw/z7/1z7g.pdb1_0.dill,train,component_528b1d60c169,2,f23787|B,37
data/DIPS-Plus/final/raw/ah/3ah3.pdb2_0.dill,train,component_2846ea4d9067,2,f35209|A,24
data/DIPS-Plus/final/raw/yg/1yg6.pdb1_0.dill,train,component_1ec8d5ee7899,2,f31896|E,232
data/DIPS-Plus/final/raw/nv/2nvy.pdb2_1.dill,train,component_5c83bf74bad8,2,f11473|A;f11474|C,407
data/DIPS-Plus/final/raw/yk/2yks.pdb1_4.dill,train,component_ed8403c20be9,2,f41203|F,50
data/DIPS-Plus/final/raw/be/2be7.pdb1_8.dill,train,component_682cfaf7b9cd,2,f19|A;f977|B,88
data/DIPS-Plus/final/raw/fo/1fos.pdb1_0.dill,train,component_762d892d2040,2,f9318|E;f9319|H,10
data/DIPS-Plus/final/raw/hf/3hf9.pdb2_17.dill,train,component_227343122cc0,2,f19832|R,238
data/DIPS-Plus/final/raw/u1/1u1z.pdb1_5.dill,train,component_daeaa15c9da4,2,f2037|A,68
data/DIPS-Plus/final/raw/y0/2y0n.pdb1_8.dill,train,component_c7bff6de0423,2,f38670|A;f38671|E,16
data/DIPS-Plus/final/raw/be/4bem.pdb1_10.dill,train,component_e0c0fa47e971,2,f2377|J,84
data/DIPS-Plus/final/raw/pq/3pq8.pdb1_5.dill,train,component_a11e21e9d011,2,f10539|A,208
data/DIPS-Plus/final/raw/ax/3axm.pdb1_44.dill,train,component_26289733d6da,2,f29327|B;f34169|F,423
data/DIPS-Plus/final/raw/qz/4qz6.pdb1_37.dill,train,component_434b4b95b4fb,2,f2797|I;f2801|K,5298
data/DIPS-Plus/final/raw/xl/2xlc.pdb1_9.dill,train,component_f30f5193da3c,2,f19384|A,61
data/DIPS-Plus/final/raw/a6/4a6a.pdb1_1.dill,train,component_984c4b5bd63c,2,f455|A,27
data/DIPS-Plus/final/raw/pm/1pmm.pdb1_6.dill,train,component_bf410b3d804d,2,f9686|E,20
data/DIPS-Plus/final/raw/yc/1yce.pdb1_6.dill,train,component_e0c0fa47e971,2,f2377|J,84
data/DIPS-Plus/final/raw/yf/2yfi.pdb2_11.dill,train,component_cc2db7ce7b0d,2,f10306|A;f38348|B,188
data/DIPS-Plus/final/raw/jk/2jk0.pdb1_0.dill,train,component_94b837ffbcc7,2,f24449|1,44
data/DIPS-Plus/final/raw/q0/1q0m.pdb1_2.dill,train,component_6cd3e9a70f54,2,f10012|A,54
data/DIPS-Plus/final/raw/wd/2wdq.pdb3_4.dill,train,component_c06dbf9cc75a,2,f21269|C;f21270|D,141
data/DIPS-Plus/final/raw/xs/2xsh.pdb2_11.dill,train,component_cc2db7ce7b0d,2,f10306|A;f38348|B,188
data/DIPS-Plus/final/raw/hi/1hiw.pdb1_1.dill,train,component_6df7a6c479c6,2,f12638|A,3
data/DIPS-Plus/final/raw/d0/1d0g.pdb1_7.dill,train,component_d06ef87c726d,2,f5006|A;f5009|S,9
data/DIPS-Plus/final/raw/c8/4c87.pdb1_0.dill,train,component_af4ea28203ba,2,f3763|C,3
data/DIPS-Plus/final/raw/l2/3l2y.pdb2_0.dill,train,component_d8e881717311,2,f11061|A,55
data/DIPS-Plus/final/raw/bv/1bvp.pdb1_2.dill,train,component_44d67c514e39,2,f3161|1,3
data/DIPS-Plus/final/raw/nz/3nzj.pdb1_92.dill,train,component_434b4b95b4fb,2,f2796|H;f2797|I,5298
data/DIPS-Plus/final/raw/e1/3e1j.pdb1_23.dill,train,component_34e475982e70,2,f21297|P,468
data/DIPS-Plus/final/raw/gv/3gvd.pdb2_2.dill,train,component_7742447ba0d3,2,f11604|I,25
data/DIPS-Plus/final/raw/z7/2z7a.pdb3_0.dill,train,component_1bee9d4aef12,2,f41131|A,2
data/DIPS-Plus/final/raw/w9/2w94.pdb1_1.dill,train,component_72807e019bf7,2,f35170|A,12
data/DIPS-Plus/final/raw/jq/3jqo.pdb1_39.dill,train,component_3f95699cb5e0,2,f16329|J,88
data/DIPS-Plus/final/raw/fm/4fmh.pdb6_6.dill,train,component_7c391b4877fe,2,f4670|D,115
data/DIPS-Plus/final/raw/df/3dfy.pdb2_19.dill,train,component_b698846b1787,2,f14509|B,35
data/DIPS-Plus/final/raw/qx/4qxj.pdb1_49.dill,train,component_434b4b95b4fb,2,f2796|H;f4169|M,5298
data/DIPS-Plus/final/raw/qz/4qz6.pdb1_32.dill,train,component_434b4b95b4fb,2,f2796|H,5298
data/DIPS-Plus/final/raw/qi/4qii.pdb2_6.dill,train,component_5f66579f0bba,2,f26102|B,64
data/DIPS-Plus/final/raw/wa/1wa9.pdb1_0.dill,train,component_46d83988690b,2,f36138|B,3
data/DIPS-Plus/final/raw/y7/2y7d.pdb1_3.dill,train,component_514ef6980f27,2,f38857|D,9
data/DIPS-Plus/final/raw/cc/3ccb.pdb1_0.dill,train,component_8882f1b79439,2,f371|B,62
data/DIPS-Plus/final/raw/fz/4fzc.pdb1_75.dill,train,component_434b4b95b4fb,2,f2795|A,5298
data/DIPS-Plus/final/raw/s1/3s17.pdb1_11.dill,train,component_5c83bf74bad8,2,f11473|B;f210|K,407
data/DIPS-Plus/final/raw/fw/2fw2.pdb1_0.dill,train,component_2162adf61c44,2,f9569|F,18
data/DIPS-Plus/final/raw/j3/4j3f.pdb5_4.dill,train,component_df3872073053,2,f2927|A,228
data/DIPS-Plus/final/raw/dt/2dtz.pdb1_0.dill,train,component_2e14e54116bd,2,f2921|A,24
data/DIPS-Plus/final/raw/ls/4lsi.pdb1_2.dill,train,component_bf8c1cfb23b9,2,f37929|D,32
data/DIPS-Plus/final/raw/qw/4qwl.pdb1_36.dill,train,component_434b4b95b4fb,2,f2797|I;f29082|K,5298
data/DIPS-Plus/final/raw/eu/1eua.pdb1_1.dill,train,component_6c806abe3279,2,f7001|C,24
data/DIPS-Plus/final/raw/qz/4qz6.pdb1_80.dill,train,component_434b4b95b4fb,2,f2795|A;f29073|G,5298
data/DIPS-Plus/final/raw/w7/1w7s.pdb1_2.dill,train,component_7dc74917b25c,2,f21239|B,139
data/DIPS-Plus/final/raw/eg/1egv.pdb1_6.dill,train,component_2b192e9cc34f,2,f15139|A;f15139|B,32
data/DIPS-Plus/final/raw/ei/4eil.pdb2_0.dill,train,component_b38398478740,2,f33464|A,61
data/DIPS-Plus/final/raw/y8/4y8u.pdb1_75.dill,train,component_434b4b95b4fb,2,f2795|A,5298
data/DIPS-Plus/final/raw/e3/3e3n.pdb5_3.dill,train,component_a1ccdb2cad7a,2,f11138|A,27
data/DIPS-Plus/final/raw/yb/1ybu.pdb2_0.dill,train,component_9344f08874ee,2,f40032|C,2
data/DIPS-Plus/final/raw/gt/2gtd.pdb2_0.dill,train,component_c2e52ddc6e8d,2,f2369|A,15
data/DIPS-Plus/final/raw/rd/1rdo.pdb1_0.dill,train,component_e1be99cb7b48,2,f5555|B,65
data/DIPS-Plus/final/raw/oc/1ocz.pdb1_2.dill,train,component_37ee44355407,2,f19268|A;f699|D,252
data/DIPS-Plus/final/raw/p2/3p2l.pdb1_4.dill,train,component_1ec8d5ee7899,2,f31896|E,232
data/DIPS-Plus/final/raw/ax/3axm.pdb1_35.dill,train,component_26289733d6da,2,f29327|B;f34169|F,423
data/DIPS-Plus/final/raw/qp/4qpz.pdb2_4.dill,train,component_4f1921f71421,2,f26798|C,25
data/DIPS-Plus/final/raw/r1/4r1o.pdb1_9.dill,train,component_c3bc8c0ad27b,2,f28865|A,30
data/DIPS-Plus/final/raw/du/1dub.pdb1_0.dill,train,component_293460b030da,2,f10820|B,39
data/DIPS-Plus/final/raw/ow/3owy.pdb1_0.dill,train,component_c07c99902265,2,f9697|B,32
data/DIPS-Plus/final/raw/s5/1s57.pdb1_4.dill,train,component_ed40f3402ed5,2,f38315|A,207
data/DIPS-Plus/final/raw/bu/2buv.pdb1_0.dill,train,component_fbbd8ff1594b,2,f3131|B,134
data/DIPS-Plus/final/raw/p0/2p06.pdb1_0.dill,train,component_979e7a33191b,2,f23797|B,1
data/DIPS-Plus/final/raw/a6/3a6h.pdb1_4.dill,train,component_ee21234d3cfa,2,f434|C,24
data/DIPS-Plus/final/raw/pu/4pup.pdb2_0.dill,train,component_f1d74f477771,2,f28476|B,3
data/DIPS-Plus/final/raw/qw/4qwl.pdb1_40.dill,train,component_434b4b95b4fb,2,f29082|K,5298
data/DIPS-Plus/final/raw/qw/4qw0.pdb1_45.dill,train,component_434b4b95b4fb,2,f2801|K;f29082|K,5298
data/DIPS-Plus/final/raw/dx/2dxb.pdb1_9.dill,train,component_d97ae9e83559,2,f5626|H,213
data/DIPS-Plus/final/raw/mm/3mm5.pdb1_2.dill,train,component_8ef3f8302a97,2,f23442|B;f38460|A,41
data/DIPS-Plus/final/raw/eg/2egy.pdb1_0.dill,train,component_168757bef844,2,f35258|A,8
data/DIPS-Plus/final/raw/gd/1gde.pdb1_0.dill,train,component_c8cd04956916,2,f37997|C,13
data/DIPS-Plus/final/raw/gh/1gh0.pdb1_26.dill,train,component_2bafc3b54369,2,f18666|B;f34591|A,203
data/DIPS-Plus/final/raw/d9/4d9c.pdb1_0.dill,train,component_8a34fddca011,2,f8381|C,44
data/DIPS-Plus/final/raw/po/2po2.pdb1_0.dill,train,component_4fd5113f9f3d,2,f2174|A;f3506|P,50
data/DIPS-Plus/final/raw/xw/2xw6.pdb1_0.dill,train,component_de7ec3d858f8,2,f7464|A,25
data/DIPS-Plus/final/raw/r8/2r8y.pdb2_5.dill,train,component_a65200ab998f,2,f21077|C,59
data/DIPS-Plus/final/raw/f3/1f38.pdb1_5.dill,train,component_3e21623173d9,2,f6780|D,39
data/DIPS-Plus/final/raw/n9/4n9n.pdb1_0.dill,train,component_9c927e97d30e,2,f21027|A,1
data/DIPS-Plus/final/raw/uv/4uvj.pdb1_0.dill,train,component_c008b46dba5c,2,f34147|A,1
data/DIPS-Plus/final/raw/pk/2pk2.pdb1_1.dill,train,component_b0377fdbabfe,2,f24663|A,4
data/DIPS-Plus/final/raw/nq/1nq3.pdb2_1.dill,train,component_9b9e11ff6466,2,f21654|E,58
data/DIPS-Plus/final/raw/eg/5egk.pdb1_3.dill,train,component_f08d22284a95,2,f7522|D,7
data/DIPS-Plus/final/raw/jt/4jt0.pdb1_81.dill,train,component_434b4b95b4fb,2,f2795|A;f4169|M,5298
data/DIPS-Plus/final/raw/w1/3w1x.pdb1_0.dill,train,component_f5a299e7e370,2,f7458|B,31
data/DIPS-Plus/final/raw/r5/1r56.pdb1_3.dill,train,component_9b4e98158cfe,2,f28976|C,42
data/DIPS-Plus/final/raw/be/1be3.pdb2_22.dill,train,component_126d56e92e9e,2,f2317|F;f2318|G,292
data/DIPS-Plus/final/raw/u6/1u60.pdb1_0.dill,train,component_e16a44fe46ef,2,f33871|A,20
data/DIPS-Plus/final/raw/gq/1gqm.pdb2_8.dill,train,component_25ff2e76c131,2,f10593|L,56
data/DIPS-Plus/final/raw/ql/4qlt.pdb1_27.dill,train,component_434b4b95b4fb,2,f2796|H;f29073|G,5298
data/DIPS-Plus/final/raw/cr/3crl.pdb1_3.dill,train,component_30c8fe8598ca,2,f25766|B;f4770|B,7
data/DIPS-Plus/final/raw/ce/1cev.pdb2_1.dill,train,component_0a57b0b3a98c,2,f13046|A,69
data/DIPS-Plus/final/raw/he/4hea.pdb2_11.dill,train,component_f12a7ad4c5c8,2,f12304|E;f12305|G,98
data/DIPS-Plus/final/raw/qz/4qzx.pdb1_14.dill,train,component_434b4b95b4fb,2,f2795|A;f2797|I,5298
data/DIPS-Plus/final/raw/vs/3vsv.pdb1_5.dill,train,component_b6aa8635dabf,2,f35463|A,6
data/DIPS-Plus/final/raw/us/4ush.pdb1_1.dill,train,component_6a6120c768fa,2,f15800|C,175
data/DIPS-Plus/final/raw/m5/1m5q.pdb2_32.dill,train,component_b7a9679c0a27,2,f19277|W,28
data/DIPS-Plus/final/raw/x1/2x17.pdb1_42.dill,train,component_13909753b42e,2,f3175|A,203
data/DIPS-Plus/final/raw/q9/1q95.pdb1_13.dill,train,component_682cfaf7b9cd,2,f19|A,88
data/DIPS-Plus/final/raw/qv/4qv5.pdb1_74.dill,train,component_434b4b95b4fb,2,f2795|A,5298
data/DIPS-Plus/final/raw/h1/3h1h.pdb1_11.dill,train,component_126d56e92e9e,2,f11870|B;f2317|F,292
data/DIPS-Plus/final/raw/as/4asu.pdb1_9.dill,train,component_94adb57dc428,2,f22903|P;f8518|B,140
data/DIPS-Plus/final/raw/mg/3mg6.pdb1_9.dill,train,component_434b4b95b4fb,2,f2796|H;f29073|G,5298
data/DIPS-Plus/final/raw/k2/4k2b.pdb1_0.dill,train,component_dbdb291b7e02,2,f16967|B,17
data/DIPS-Plus/final/raw/xf/1xfb.pdb2_0.dill,train,component_6bcdabe0dbbf,2,f25902|A,53
data/DIPS-Plus/final/raw/bc/1bcp.pdb2_9.dill,train,component_352f6b8aef2e,2,f2194|B;f2196|E,20
data/DIPS-Plus/final/raw/bk/2bk6.pdb1_9.dill,train,component_614b434b39fd,2,f33438|G,199
data/DIPS-Plus/final/raw/d4/3d46.pdb5_15.dill,train,component_bff7bab1254c,2,f5298|E,21
data/DIPS-Plus/final/raw/g6/2g6o.pdb1_0.dill,train,component_84c7923e0c4e,2,f5160|A,130
data/DIPS-Plus/final/raw/wu/3wu3.pdb1_5.dill,train,component_b8fd52880ed6,2,f37615|C,22
data/DIPS-Plus/final/raw/ij/3ij6.pdb1_0.dill,train,component_4c9a64355d62,2,f14464|A,2
data/DIPS-Plus/final/raw/r0/3r0u.pdb1_0.dill,train,component_d3eec926b3b0,2,f13842|A,8
data/DIPS-Plus/final/raw/y7/4y74.pdb1_24.dill,train,component_434b4b95b4fb,2,f2795|A;f4169|M,5298
data/DIPS-Plus/final/raw/qy/3qyg.pdb2_0.dill,train,component_d97ae9e83559,2,f22668|B;f913|A,213
data/DIPS-Plus/final/raw/dw/1dw9.pdb1_8.dill,train,component_5793195ce137,2,f14976|A,125
data/DIPS-Plus/final/raw/x2/4x28.pdb1_3.dill,train,component_0bc1c7263176,2,f20126|C;f37581|C,45
data/DIPS-Plus/final/raw/f0/4f0p.pdb1_1.dill,train,component_0cab0daec162,2,f8301|B,6
data/DIPS-Plus/final/raw/an/3anz.pdb1_11.dill,train,component_1f5ab24da17d,2,f1172|A,29
data/DIPS-Plus/final/raw/za/1zah.pdb1_0.dill,train,component_6bcdabe0dbbf,2,f25902|A,53
data/DIPS-Plus/final/raw/jr/1jre.pdb1_5.dill,train,component_bc317fc21d10,2,f10447|A,167
data/DIPS-Plus/final/raw/zn/2zny.pdb5_9.dill,train,component_380c0d9a670b,2,f13976|A,12
data/DIPS-Plus/final/raw/dn/1dnw.pdb1_4.dill,train,component_3e203b6664a5,2,f14506|A,38
data/DIPS-Plus/final/raw/hr/4hrr.pdb1_1.dill,train,component_6a2eb0609064,2,f13212|B,35
data/DIPS-Plus/final/raw/u1/4u1t.pdb2_2.dill,train,component_043364425f5e,2,f4845|A,71
data/DIPS-Plus/final/raw/un/1un0.pdb1_0.dill,train,component_e0cf59bcb992,1,f33508|A,6
data/DIPS-Plus/final/raw/tt/4tt3.pdb1_2.dill,train,component_94adb57dc428,2,f16078|C;f22903|P,140
data/DIPS-Plus/final/raw/us/3usc.pdb3_3.dill,train,component_70573bb20c7e,2,f10401|S;f1678|A,84
data/DIPS-Plus/final/raw/gg/2ggu.pdb1_1.dill,train,component_e1be99cb7b48,2,f5555|B,65
data/DIPS-Plus/final/raw/e8/3e84.pdb2_4.dill,train,component_a65200ab998f,2,f21077|C,59
data/DIPS-Plus/final/raw/fj/4fj1.pdb1_0.dill,train,component_71c3501043a3,2,f9776|A,99
data/DIPS-Plus/final/raw/af/3afn.pdb1_4.dill,train,component_3fbe1534483e,2,f10389|A,59
data/DIPS-Plus/final/raw/n5/3n5e.pdb1_0.dill,train,component_b38398478740,2,f33464|A,61
data/DIPS-Plus/final/raw/dw/1dw9.pdb1_4.dill,train,component_5793195ce137,2,f14976|A,125
data/DIPS-Plus/final/raw/ow/1ow7.pdb1_0.dill,train,component_2fd3ca3569d3,2,f16813|B,4
data/DIPS-Plus/final/raw/p2/4p2v.pdb1_1.dill,train,component_a896e3537f7a,2,f23943|A,50
data/DIPS-Plus/final/raw/gg/3gge.pdb2_2.dill,train,component_7c15f422c11c,2,f10585|A,6
data/DIPS-Plus/final/raw/fo/2foi.pdb2_1.dill,train,component_d4a513ab2847,2,f22311|A,36
data/DIPS-Plus/final/raw/t1/3t1y.pdb1_7.dill,train,component_2769bc9bd428,2,f1361|H;f40338|E,66
data/DIPS-Plus/final/raw/hn/4hnz.pdb1_7.dill,train,component_556017846b05,2,f40942|A,61
data/DIPS-Plus/final/raw/hf/3hf9.pdb1_42.dill,train,component_227343122cc0,2,f19832|R;f19841|F,238
data/DIPS-Plus/final/raw/jd/2jdp.pdb1_5.dill,train,component_953152d81bd5,2,f2767|A,28
data/DIPS-Plus/final/raw/ry/1ryw.pdb1_2.dill,train,component_5b5671471ba4,2,f21050|A,25
data/DIPS-Plus/final/raw/jd/2jd7.pdb2_17.dill,train,component_13909753b42e,2,f3175|A,203
data/DIPS-Plus/final/raw/kq/3kqx.pdb1_10.dill,train,component_3e89a8e4d579,2,f37598|G,61
data/DIPS-Plus/final/raw/qw/4qwf.pdb1_37.dill,train,component_434b4b95b4fb,2,f2797|I;f2801|K,5298
data/DIPS-Plus/final/raw/z1/4z1l.pdb1_41.dill,train,component_434b4b95b4fb,2,f2801|K;f29082|K,5298
data/DIPS-Plus/final/raw/vq/1vq8.pdb1_14.dill,train,component_7eb1d587866b,2,f12174|D;f3893|M,36
data/DIPS-Plus/final/raw/p7/4p75.pdb1_1.dill,train,component_b3fc054d239a,2,f24118|A;f29781|C,17
data/DIPS-Plus/final/raw/xg/4xgi.pdb1_10.dill,train,component_f1dd75cd53d2,2,f7991|A,78
data/DIPS-Plus/final/raw/o0/2o0y.pdb4_5.dill,train,component_5622a43592cd,2,f22204|C,6
data/DIPS-Plus/final/raw/tu/3tuz.pdb2_2.dill,train,component_2007ca0101c7,2,f32524|A;f32525|C,117
data/DIPS-Plus/final/raw/eg/4egf.pdb2_2.dill,train,component_c7dda0295b0b,2,f18640|A,130
data/DIPS-Plus/final/raw/g1/1g1l.pdb1_5.dill,train,component_a49032d130ba,2,f1918|A,67
data/DIPS-Plus/final/raw/pk/3pkq.pdb1_0.dill,train,component_a49032d130ba,2,f1918|A,67
data/DIPS-Plus/final/raw/dx/2dxb.pdb2_28.dill,train,component_d97ae9e83559,2,f5626|H;f913|A,213
data/DIPS-Plus/final/raw/be/1be3.pdb1_14.dill,train,component_126d56e92e9e,2,f2317|F;f9614|N,292
data/DIPS-Plus/final/raw/to/3tos.pdb1_3.dill,train,component_00b2b89f271a,2,f32159|B,89
data/DIPS-Plus/final/raw/r7/3r7l.pdb1_0.dill,train,component_682cfaf7b9cd,2,f19|A,88
data/DIPS-Plus/final/raw/qz/4qz6.pdb1_48.dill,train,component_434b4b95b4fb,2,f2797|I;f2804|L,5298
data/DIPS-Plus/final/raw/ux/3uxy.pdb2_0.dill,train,component_71c3501043a3,2,f22849|A,99
data/DIPS-Plus/final/raw/t3/1t3q.pdb1_1.dill,train,component_2d00407acdf9,2,f6829|A;f8916|C,94
data/DIPS-Plus/final/raw/r0/4r02.pdb1_18.dill,train,component_434b4b95b4fb,2,f2795|A;f2801|K,5298
data/DIPS-Plus/final/raw/uw/1uwa.pdb1_28.dill,train,component_26289733d6da,2,f29327|B;f34169|F,423
data/DIPS-Plus/final/raw/l6/4l6i.pdb1_1.dill,train,component_5ef477b65350,2,f18141|B,21
data/DIPS-Plus/final/raw/w4/3w4i.pdb3_1.dill,train,component_398a2e8f6816,2,f36483|A,43
data/DIPS-Plus/final/raw/zz/3zzf.pdb1_2.dill,train,component_17f440eedb48,2,f42095|A,8
data/DIPS-Plus/final/raw/uw/1uwa.pdb1_6.dill,train,component_26289733d6da,2,f29327|B,423
data/DIPS-Plus/final/raw/dx/2dxb.pdb2_5.dill,train,component_d97ae9e83559,2,f5626|H;f5627|J,213
data/DIPS-Plus/final/raw/dk/5dkj.pdb1_83.dill,train,component_434b4b95b4fb,2,f2795|A;f2796|H,5298
data/DIPS-Plus/final/raw/hm/4hm0.pdb1_0.dill,train,component_cc2db7ce7b0d,2,f10306|A;f2665|B,188
data/DIPS-Plus/final/raw/v2/4v2q.pdb1_0.dill,train,component_1d659aa542c8,2,f35801|A,23
data/DIPS-Plus/final/raw/vj/1vj0.pdb1_5.dill,train,component_0aa02e2ab207,2,f35075|A,7
data/DIPS-Plus/final/raw/dw/5dwn.pdb2_0.dill,train,component_859a601d1115,2,f6535|A,7
data/DIPS-Plus/final/raw/lx/3lxv.pdb1_14.dill,train,component_fbbd8ff1594b,2,f3131|B,134
data/DIPS-Plus/final/raw/vt/3vtz.pdb1_0.dill,train,component_6a138b8472f5,2,f35899|A,62
data/DIPS-Plus/final/raw/nw/3nwk.pdb1_0.dill,train,component_b4de1901de2f,2,f1702|A,48
data/DIPS-Plus/final/raw/x6/4x64.pdb1_9.dill,train,component_ae35e83b72ed,2,f6310|G;f6310|I,62
data/DIPS-Plus/final/raw/un/3une.pdb1_32.dill,train,component_434b4b95b4fb,2,f2796|H;f2804|L,5298
data/DIPS-Plus/final/raw/bk/3bkn.pdb1_9.dill,train,component_34e475982e70,2,f21297|P,468
data/DIPS-Plus/final/raw/hr/3hrd.pdb1_8.dill,train,component_2d00407acdf9,2,f30859|A,94
data/DIPS-Plus/final/raw/qv/4qvw.pdb1_88.dill,train,component_434b4b95b4fb,2,f2801|K;f29082|K,5298
data/DIPS-Plus/final/raw/dg/2dgk.pdb4_0.dill,train,component_bf410b3d804d,2,f9686|E,20
data/DIPS-Plus/final/raw/re/3re7.pdb1_6.dill,train,component_b132faf248c3,2,f8960|A,166
data/DIPS-Plus/final/raw/qv/4qvw.pdb1_17.dill,train,component_434b4b95b4fb,2,f2795|A;f29082|K,5298
data/DIPS-Plus/final/raw/nb/3nbj.pdb2_0.dill,train,component_e0dde2882185,2,f21101|E,25
data/DIPS-Plus/final/raw/bc/4bc9.pdb1_0.dill,train,component_c4056b71a495,2,f2217|C,3
data/DIPS-Plus/final/raw/ai/1aij.pdb1_1.dill,train,component_83d04836fea7,2,f5266|M;f6540|H,147
data/DIPS-Plus/final/raw/fy/3fyu.pdb1_9.dill,train,component_f30f5193da3c,2,f19384|A,61
data/DIPS-Plus/final/raw/qv/4qvy.pdb1_19.dill,train,component_434b4b95b4fb,2,f2795|A,5298
data/DIPS-Plus/final/raw/g0/1g0u.pdb1_60.dill,train,component_434b4b95b4fb,2,f2795|A,5298
data/DIPS-Plus/final/raw/ze/1zem.pdb3_1.dill,train,component_3fbe1534483e,2,f10389|A,59
data/DIPS-Plus/final/raw/rz/3rzo.pdb1_15.dill,train,component_5c83bf74bad8,2,f11474|C;f210|K,407
data/DIPS-Plus/final/raw/oz/3ozm.pdb4_0.dill,train,component_40aa8c7351b5,2,f24918|B,40
data/DIPS-Plus/final/raw/yf/2yfh.pdb1_8.dill,train,component_285b6b6a5917,2,f13098|A,63
data/DIPS-Plus/final/raw/dc/4dc9.pdb1_3.dill,train,component_b608f9c9f847,2,f5585|A,14
data/DIPS-Plus/final/raw/n7/1n7z.pdb1_0.dill,train,component_0c3a2ee0668e,2,f20847|A,4
data/DIPS-Plus/final/raw/jj/2jjy.pdb1_1.dill,train,component_df3872073053,2,f2927|A,228
data/DIPS-Plus/final/raw/wp/1wpn.pdb1_0.dill,train,component_5cc0af6fb901,2,f12163|B,2
data/DIPS-Plus/final/raw/z3/2z3g.pdb1_2.dill,train,component_70f17f293695,2,f40957|B,9
data/DIPS-Plus/final/raw/b3/4b3r.pdb1_7.dill,train,component_2769bc9bd428,2,f1361|H;f40338|E,66
data/DIPS-Plus/final/raw/bt/2btj.pdb1_2.dill,train,component_7dc74917b25c,2,f17358|D,139
data/DIPS-Plus/final/raw/l7/3l75.pdb1_28.dill,train,component_126d56e92e9e,2,f2317|F;f2318|G,292
data/DIPS-Plus/final/raw/d2/5d21.pdb1_4.dill,train,component_912fb28b6367,2,f469|A,42
data/DIPS-Plus/final/raw/tu/1tu5.pdb1_0.dill,train,component_1be94bb5551e,2,f20959|A,12
data/DIPS-Plus/final/raw/or/1ort.pdb1_2.dill,train,component_cb48ab626ec2,2,f1196|A,77
data/DIPS-Plus/final/raw/zb/1zbe.pdb1_3.dill,train,component_43bde24ea006,2,f36923|3;f5715|2,157
data/DIPS-Plus/final/raw/j2/1j2q.pdb1_23.dill,train,component_434b4b95b4fb,2,f16443|I,5298
data/DIPS-Plus/final/raw/a3/4a34.pdb2_16.dill,train,component_5bf52ac19a63,2,f36228|A,39
data/DIPS-Plus/final/raw/ij/4ijm.pdb1_0.dill,train,component_37f0b5ae4539,2,f16826|F,60
data/DIPS-Plus/final/raw/cf/3cfh.pdb1_17.dill,train,component_7dc74917b25c,2,f17358|D,139
data/DIPS-Plus/final/raw/re/3re7.pdb1_39.dill,train,component_b132faf248c3,2,f8960|A,166
data/DIPS-Plus/final/raw/vb/3vb4.pdb1_0.dill,train,component_be8e1eab8945,2,f1121|A,24
data/DIPS-Plus/final/raw/pg/3pg9.pdb1_4.dill,train,component_de54e493f859,2,f35406|A,19
data/DIPS-Plus/final/raw/d9/4d99.pdb1_0.dill,train,component_8a34fddca011,2,f8381|C,44
data/DIPS-Plus/final/raw/tu/3tu4.pdb2_5.dill,train,component_ac9b67d94fe0,2,f7890|H;f7892|E,540
data/DIPS-Plus/final/raw/yw/2yw3.pdb2_0.dill,train,component_6c806abe3279,2,f7001|C,24
data/DIPS-Plus/final/raw/uo/3uof.pdb1_4.dill,train,component_34e475982e70,2,f21297|P,468
data/DIPS-Plus/final/raw/pd/4pdw.pdb1_2.dill,train,component_43bde24ea006,2,f24752|4;f4009|A,157
data/DIPS-Plus/final/raw/pq/3pq4.pdb1_0.dill,train,component_a11e21e9d011,2,f10539|A,208
data/DIPS-Plus/final/raw/n9/1n9s.pdb3_19.dill,train,component_d114c8e810d2,2,f8593|I,47
data/DIPS-Plus/final/raw/wi/2wie.pdb1_1.dill,train,component_e0c0fa47e971,2,f2377|J,84
data/DIPS-Plus/final/raw/fa/2fak.pdb1_46.dill,train,component_434b4b95b4fb,2,f2797|I;f29082|K,5298
data/DIPS-Plus/final/raw/xk/4xk8.pdb2_0.dill,train,component_453d087213d5,2,f38197|3,73
data/DIPS-Plus/final/raw/hk/1hkx.pdb1_34.dill,train,component_4b75afe38a4c,2,f12769|E,27
data/DIPS-Plus/final/raw/u6/1u6j.pdb1_10.dill,train,component_8db84e2de63f,2,f14631|A,90
data/DIPS-Plus/final/raw/lr/4lr3.pdb2_0.dill,train,component_d33ce388a229,2,f18798|A,16
data/DIPS-Plus/final/raw/gl/2glm.pdb1_4.dill,train,component_daeaa15c9da4,2,f2037|A,68
data/DIPS-Plus/final/raw/p5/2p5v.pdb1_3.dill,train,component_7f463fd7a210,2,f11275|C,43
data/DIPS-Plus/final/raw/wy/1wyi.pdb1_0.dill,train,component_c881404517be,2,f34234|A,58
data/DIPS-Plus/final/raw/gp/3gpw.pdb1_76.dill,train,component_434b4b95b4fb,2,f2795|A;f2797|I,5298
data/DIPS-Plus/final/raw/r4/1r4p.pdb1_0.dill,train,component_d4b18a678d13,2,f10247|A;f10247|B,73
data/DIPS-Plus/final/raw/df/2df7.pdb1_3.dill,train,component_08e2352216f0,2,f5778|A,33
data/DIPS-Plus/final/raw/ow/3ow1.pdb5_12.dill,train,component_948c92b4075f,2,f31682|A,90
data/DIPS-Plus/final/raw/y7/4y74.pdb1_14.dill,train,component_434b4b95b4fb,2,f2795|A;f2797|I,5298
data/DIPS-Plus/final/raw/oc/1occ.pdb1_19.dill,train,component_37ee44355407,2,f1406|S;f19269|C,252
data/DIPS-Plus/final/raw/k0/1k0c.pdb1_0.dill,train,component_dd5794aae3c2,2,f3758|A,10
data/DIPS-Plus/final/raw/xi/3xim.pdb1_1.dill,train,component_9eb6ce74d869,2,f5944|A,56
data/DIPS-Plus/final/raw/yf/2yfi.pdb2_2.dill,train,component_cc2db7ce7b0d,2,f10306|A;f38348|B,188
data/DIPS-Plus/final/raw/q2/1q2w.pdb1_0.dill,train,component_be8e1eab8945,2,f1121|A,24
data/DIPS-Plus/final/raw/a0/5a0z.pdb2_0.dill,train,component_8d4e0336fd5c,2,f29243|A,2
data/DIPS-Plus/final/raw/gt/4gtu.pdb4_0.dill,train,component_bf080fa75e5c,2,f23139|A,54
data/DIPS-Plus/final/raw/zr/4zru.pdb2_1.dill,train,component_b41a5248b4e1,2,f30963|C,270
data/DIPS-Plus/final/raw/ij/4ijm.pdb1_1.dill,train,component_37f0b5ae4539,2,f16826|F,60
data/DIPS-Plus/final/raw/oh/2ohd.pdb1_10.dill,train,component_98d8f3e4dcd8,2,f16280|B,31
data/DIPS-Plus/final/raw/z9/2z9s.pdb1_11.dill,train,component_bac24c35451f,2,f16912|A,109
data/DIPS-Plus/final/raw/w0/1w0c.pdb2_2.dill,train,component_05639143620e,2,f35729|A,109
data/DIPS-Plus/final/raw/df/1dfi.pdb1_1.dill,train,component_df3872073053,2,f2927|A,228
data/DIPS-Plus/final/raw/z0/2z06.pdb1_1.dill,train,component_c48a1cbb5245,2,f40837|A,6
data/DIPS-Plus/final/raw/xj/2xjm.pdb1_22.dill,train,component_614b434b39fd,2,f33438|G,199
data/DIPS-Plus/final/raw/g7/2g72.pdb3_0.dill,train,component_246359f9471e,2,f1154|B,13
data/DIPS-Plus/final/raw/ut/3ute.pdb1_2.dill,train,component_f59aef42fe61,2,f33358|A,30
data/DIPS-Plus/final/raw/tt/3tts.pdb2_2.dill,train,component_d0d791c5337b,2,f33919|A,21
data/DIPS-Plus/final/raw/dd/3dd9.pdb1_0.dill,train,component_972a8c07623e,2,f16996|A,9
data/DIPS-Plus/final/raw/cm/4cmg.pdb1_3.dill,train,component_05639143620e,2,f35729|A,109
data/DIPS-Plus/final/raw/z6/4z6l.pdb1_2.dill,train,component_e35e5c49c369,2,f10732|C,84
data/DIPS-Plus/final/raw/az/3azk.pdb1_7.dill,train,component_ac9b67d94fe0,2,f19329|D;f7892|E,540
data/DIPS-Plus/final/raw/lr/4lr3.pdb2_2.dill,train,component_d33ce388a229,2,f18798|A,16
data/DIPS-Plus/final/raw/ya/4ya3.pdb1_54.dill,train,component_434b4b95b4fb,2,f2796|H;f4169|M,5298
data/DIPS-Plus/final/raw/l0/1l0n.pdb2_16.dill,train,component_126d56e92e9e,2,f2318|G;f9614|N,292
data/DIPS-Plus/final/raw/wx/3wxr.pdb1_66.dill,train,component_434b4b95b4fb,2,f2795|A;f2796|H,5298
data/DIPS-Plus/final/raw/hr/3hrq.pdb1_0.dill,train,component_ff6c43e73e5f,2,f13133|B,2
data/DIPS-Plus/final/raw/ew/2ew8.pdb1_3.dill,train,component_c7dda0295b0b,2,f18640|A,130
data/DIPS-Plus/final/raw/gh/1gh0.pdb4_0.dill,train,component_2bafc3b54369,2,f18666|B;f34591|A,203
data/DIPS-Plus/final/raw/uw/1uw6.pdb4_4.dill,train,component_b41a5248b4e1,2,f30963|C,270
data/DIPS-Plus/final/raw/a5/3a5w.pdb1_13.dill,train,component_96118546a2e5,2,f136|F,129
data/DIPS-Plus/final/raw/th/3tho.pdb1_0.dill,train,component_6ca84ecec205,2,f31937|A;f31937|B,5
data/DIPS-Plus/final/raw/e1/3e1o.pdb1_15.dill,train,component_34e475982e70,2,f21297|P,468
data/DIPS-Plus/final/raw/j7/1j7v.pdb1_0.dill,train,component_423bca3f0feb,2,f15709|L;f15709|R,1
data/DIPS-Plus/final/raw/uv/4uv2.pdb1_2.dill,train,component_f4fd61e20d4e,2,f34128|E,16
data/DIPS-Plus/final/raw/ru/4rur.pdb1_90.dill,train,component_434b4b95b4fb,2,f2804|L;f4169|M,5298
data/DIPS-Plus/final/raw/we/1wek.pdb1_7.dill,train,component_027837dcdb5f,2,f36361|A,14
data/DIPS-Plus/final/raw/zl/2zl3.pdb1_32.dill,train,component_1ec8d5ee7899,2,f31896|E,232
data/DIPS-Plus/final/raw/uz/4uzb.pdb1_0.dill,train,component_55e2a28f9ba2,2,f34378|A,1
data/DIPS-Plus/final/raw/iw/3iwp.pdb1_1.dill,train,component_5818656732fd,2,f15166|A,21
data/DIPS-Plus/final/raw/gm/1gm8.pdb1_0.dill,train,component_f6cdd67be66f,2,f6972|A;f6972|B,13
data/DIPS-Plus/final/raw/un/3un4.pdb1_87.dill,train,component_434b4b95b4fb,2,f2797|I;f29082|K,5298
data/DIPS-Plus/final/raw/ai/3aik.pdb1_0.dill,train,component_125939bd6e6b,2,f37310|A,11
data/DIPS-Plus/final/raw/ay/4ayu.pdb1_1.dill,train,component_d8e881717311,2,f11061|A,55
data/DIPS-Plus/final/raw/nn/4nnw.pdb1_63.dill,train,component_434b4b95b4fb,2,f2795|A,5298
data/DIPS-Plus/final/raw/vq/2vqe.pdb1_19.dill,train,component_f2debe2131e3,2,f1364|M;f9092|S,25
data/DIPS-Plus/final/raw/ey/4eya.pdb1_0.dill,train,component_f29742d67d58,2,f8217|A,80
data/DIPS-Plus/final/raw/cg/5cgg.pdb1_8.dill,train,component_434b4b95b4fb,2,f2795|A,5298
data/DIPS-Plus/final/raw/cl/4cle.pdb1_0.dill,train,component_05639143620e,2,f35729|A,109
data/DIPS-Plus/final/raw/y8/4y8u.pdb1_32.dill,train,component_434b4b95b4fb,2,f2795|A;f2796|H,5298
data/DIPS-Plus/final/raw/qw/4qwl.pdb1_39.dill,train,component_434b4b95b4fb,2,f2801|K;f29082|K,5298
data/DIPS-Plus/final/raw/ix/4ixh.pdb1_2.dill,train,component_ce16cf917946,2,f6278|A,19
data/DIPS-Plus/final/raw/jb/2jbm.pdb2_1.dill,train,component_57227765ba04,2,f15822|A,37
data/DIPS-Plus/final/raw/y7/4y77.pdb1_59.dill,train,component_434b4b95b4fb,2,f2795|A,5298
data/DIPS-Plus/final/raw/un/3une.pdb2_34.dill,train,component_434b4b95b4fb,2,f2795|A;f2797|I,5298
data/DIPS-Plus/final/raw/y8/4y8i.pdb1_57.dill,train,component_434b4b95b4fb,2,f2796|H;f4169|M,5298
data/DIPS-Plus/final/raw/mi/1mi3.pdb1_0.dill,train,component_b77213a26a14,2,f14474|A,8
data/DIPS-Plus/final/raw/qv/4qv5.pdb1_83.dill,train,component_434b4b95b4fb,2,f2795|A;f2796|H,5298
data/DIPS-Plus/final/raw/to/3tox.pdb3_0.dill,train,component_6a138b8472f5,2,f35899|A,62
data/DIPS-Plus/final/raw/b2/3b2e.pdb1_3.dill,train,component_cfd7a6310545,2,f1826|E;f30990|I,23
data/DIPS-Plus/final/raw/n8/3n82.pdb1_3.dill,train,component_b303ed22c9ea,2,f12175|A,165
data/DIPS-Plus/final/raw/yw/2yw9.pdb2_0.dill,train,component_df3872073053,2,f2927|A,228
data/DIPS-Plus/final/raw/ao/3aou.pdb1_2.dill,train,component_fff88a65ec43,2,f1286|A,20
data/DIPS-Plus/final/raw/y5/1y5i.pdb1_1.dill,train,component_6a8529229944,2,f7498|A;f7499|C,30
data/DIPS-Plus/final/raw/cs/4csf.pdb1_2.dill,train,component_2ea40a82b6ae,2,f4830|K,28
data/DIPS-Plus/final/raw/zl/3zla.pdb1_2.dill,train,component_07be6ab9dfe6,2,f41624|E,16
data/DIPS-Plus/final/raw/ew/2ewo.pdb3_4.dill,train,component_387d775c319f,2,f15936|D,29
data/DIPS-Plus/final/raw/s2/3s2c.pdb2_0.dill,train,component_42a58ca34b48,2,f25287|A,29
data/DIPS-Plus/final/raw/zc/2zcy.pdb1_47.dill,train,component_434b4b95b4fb,2,f2797|I;f2801|K,5298
data/DIPS-Plus/final/raw/cp/5cpb.pdb1_3.dill,train,component_df3872073053,2,f2927|A,228
data/DIPS-Plus/final/raw/it/3itt.pdb1_5.dill,train,component_37d8b7994257,2,f19099|C,36
data/DIPS-Plus/final/raw/oc/1occ.pdb1_7.dill,train,component_37ee44355407,2,f1409|W;f19268|A,252
data/DIPS-Plus/final/raw/n8/3n8n.pdb2_4.dill,train,component_97564c009426,2,f5017|H,166
data/DIPS-Plus/final/raw/gv/3gvd.pdb1_14.dill,train,component_7742447ba0d3,2,f11604|I,25
data/DIPS-Plus/final/raw/od/1odw.pdb1_0.dill,train,component_3fd789c4cddc,2,f956|A,233
data/DIPS-Plus/final/raw/zy/1zyr.pdb2_4.dill,train,component_68a1d5712cb4,2,f10084|N;f23060|A,107
data/DIPS-Plus/final/raw/cg/5cgi.pdb1_28.dill,train,component_434b4b95b4fb,2,f2795|A;f2796|H,5298
data/DIPS-Plus/final/raw/nz/3nzj.pdb1_56.dill,train,component_434b4b95b4fb,2,f2801|K;f2804|L,5298
data/DIPS-Plus/final/raw/ze/1zem.pdb2_5.dill,train,component_3fbe1534483e,2,f10389|A,59
data/DIPS-Plus/final/raw/x7/1x74.pdb2_0.dill,train,component_c36b2e8afea4,2,f40362|A,11
data/DIPS-Plus/final/raw/o9/3o94.pdb1_5.dill,train,component_b631810637b5,2,f22554|B,19
data/DIPS-Plus/final/raw/ll/3ll8.pdb3_0.dill,train,component_eced80a51f22,2,f23458|A;f3344|B,29
data/DIPS-Plus/final/raw/kz/1kz1.pdb1_4.dill,train,component_cadf81625f43,2,f3575|A,95
data/DIPS-Plus/final/raw/z6/4z6l.pdb1_5.dill,train,component_e35e5c49c369,2,f10732|C,84
data/DIPS-Plus/final/raw/ir/3irs.pdb1_1.dill,train,component_d0b126e14540,2,f14700|A,12
data/DIPS-Plus/final/raw/lw/3lwo.pdb1_2.dill,train,component_7eb1d587866b,2,f12173|C;f12174|D,36
data/DIPS-Plus/final/raw/gv/3gvh.pdb1_0.dill,train,component_bd21bbc9c2d7,2,f1048|D,197
data/DIPS-Plus/final/raw/wz/1wz8.pdb1_11.dill,train,component_7162c1fd9f33,2,f10044|A,66
data/DIPS-Plus/final/raw/ab/3abv.pdb1_3.dill,train,component_c06dbf9cc75a,2,f35446|H;f40638|F,141
data/DIPS-Plus/final/raw/l7/3l75.pdb1_48.dill,train,component_126d56e92e9e,2,f2317|F;f9614|N,292
data/DIPS-Plus/final/raw/qv/4qv7.pdb1_37.dill,train,component_434b4b95b4fb,2,f2797|I;f2801|K,5298
data/DIPS-Plus/final/raw/i0/4i0u.pdb2_8.dill,train,component_ad983fa269a7,2,f13677|B,20
data/DIPS-Plus/final/raw/jt/3jtl.pdb1_51.dill,train,component_434b4b95b4fb,2,f16440|R,5298
data/DIPS-Plus/final/raw/jq/3jqo.pdb1_32.dill,train,component_3f95699cb5e0,2,f16329|J,88
data/DIPS-Plus/final/raw/w6/3w6g.pdb1_10.dill,train,component_96118546a2e5,2,f136|F,129
data/DIPS-Plus/final/raw/y8/4y80.pdb1_87.dill,train,component_434b4b95b4fb,2,f29073|G;f4169|M,5298
data/DIPS-Plus/final/raw/v6/2v6a.pdb1_26.dill,train,component_26289733d6da,2,f29327|B;f34169|F,423
data/DIPS-Plus/final/raw/qv/4qvl.pdb1_55.dill,train,component_434b4b95b4fb,2,f2795|A,5298
data/DIPS-Plus/final/raw/fm/2fm0.pdb1_0.dill,train,component_9b1c7686fa55,2,f31051|B,16
data/DIPS-Plus/final/raw/qx/4qxj.pdb1_50.dill,train,component_434b4b95b4fb,2,f2796|H;f4169|M,5298
data/DIPS-Plus/final/raw/ix/4ixk.pdb1_3.dill,train,component_cd38d549f724,2,f14889|D,85
data/DIPS-Plus/final/raw/qw/4qwj.pdb1_39.dill,train,component_434b4b95b4fb,2,f29082|K,5298
data/DIPS-Plus/final/raw/mm/4mmq.pdb1_0.dill,train,component_740fa7bb1c69,2,f29881|A,24
data/DIPS-Plus/final/raw/ga/2gac.pdb1_3.dill,train,component_a61b3af06fc8,2,f513|B,17
data/DIPS-Plus/final/raw/ih/4ihh.pdb1_6.dill,train,component_30a5eed3b2c3,2,f7174|B;f7644|E,93
data/DIPS-Plus/final/raw/ry/1ryp.pdb1_7.dill,train,component_434b4b95b4fb,2,f2796|H;f4169|M,5298
data/DIPS-Plus/final/raw/gg/1ggj.pdb1_0.dill,train,component_a11e21e9d011,2,f10539|A,208
data/DIPS-Plus/final/raw/ot/3otl.pdb1_0.dill,train,component_81a407e60b20,2,f25132|B,2
data/DIPS-Plus/final/raw/uw/3uwl.pdb2_0.dill,train,component_b38398478740,2,f33464|A,61
data/DIPS-Plus/final/raw/ih/4ihf.pdb3_22.dill,train,component_30a5eed3b2c3,2,f7174|B,93
data/DIPS-Plus/final/raw/tw/4twd.pdb1_5.dill,train,component_ed8403c20be9,2,f41203|F,50
data/DIPS-Plus/final/raw/zr/3zrf.pdb1_0.dill,train,component_dfdd442bdd10,2,f15363|B;f2129|B,48
data/DIPS-Plus/final/raw/qj/2qjm.pdb3_3.dill,train,component_948c92b4075f,2,f31682|A,90
data/DIPS-Plus/final/raw/un/4unk.pdb1_0.dill,train,component_c881404517be,2,f34234|A,58
data/DIPS-Plus/final/raw/zo/1zof.pdb1_5.dill,train,component_bac24c35451f,2,f16912|A,109
data/DIPS-Plus/final/raw/p8/2p88.pdb1_1.dill,train,component_019880978df2,2,f24149|A,21
data/DIPS-Plus/final/raw/ab/2abm.pdb5_0.dill,train,component_18ee831ce83e,2,f21274|C,58
data/DIPS-Plus/final/raw/p5/3p5m.pdb1_7.dill,train,component_7162c1fd9f33,2,f10044|A,66
data/DIPS-Plus/final/raw/re/3re7.pdb1_12.dill,train,component_b132faf248c3,2,f8960|A,166
data/DIPS-Plus/final/raw/mf/3mf3.pdb2_0.dill,train,component_b1ab53c846b9,2,f33099|A,19
data/DIPS-Plus/final/raw/rw/4rwx.pdb1_2.dill,train,component_4f4dac332b57,2,f30303|B,3
data/DIPS-Plus/final/raw/qw/4qwr.pdb1_80.dill,train,component_434b4b95b4fb,2,f2795|A;f29073|G,5298
data/DIPS-Plus/final/raw/jb/2jbm.pdb1_14.dill,train,component_57227765ba04,2,f15822|A,37
data/DIPS-Plus/final/raw/x0/2x01.pdb1_0.dill,train,component_d74df24aa71a,2,f29906|B,28
data/DIPS-Plus/final/raw/rq/3rqw.pdb1_2.dill,train,component_ed8403c20be9,2,f41203|F,50
data/DIPS-Plus/final/raw/tb/1tb3.pdb3_8.dill,train,component_b56ca64d848d,2,f31420|A,21
data/DIPS-Plus/final/raw/kr/3krf.pdb1_5.dill,train,component_a42087564e88,2,f1334|B;f17657|B,23
data/DIPS-Plus/final/raw/gh/1gh0.pdb2_27.dill,train,component_2bafc3b54369,2,f18666|B;f34591|A,203
data/DIPS-Plus/final/raw/r0/3r0p.pdb2_1.dill,train,component_9b9e11ff6466,2,f21654|E,58
data/DIPS-Plus/final/raw/ar/1arg.pdb1_0.dill,train,component_4fff0ea7408a,2,f19513|A,29
data/DIPS-Plus/final/raw/al/1al2.pdb1_6.dill,train,component_43bde24ea006,2,f1074|2;f24752|4,157
data/DIPS-Plus/final/raw/nz/4nzg.pdb1_3.dill,train,component_4323f0208334,2,f22164|A,8
data/DIPS-Plus/final/raw/jq/3jqo.pdb1_65.dill,train,component_3f95699cb5e0,2,f16295|B,88
data/DIPS-Plus/final/raw/qw/3qwf.pdb1_0.dill,train,component_71c3501043a3,2,f9776|A,99
data/DIPS-Plus/final/raw/ab/2abm.pdb6_3.dill,train,component_18ee831ce83e,2,f21274|C,58
data/DIPS-Plus/final/raw/s5/1s57.pdb2_2.dill,train,component_ed40f3402ed5,2,f38315|A,207
data/DIPS-Plus/final/raw/yi/2yim.pdb1_0.dill,train,component_c36b2e8afea4,2,f40362|A,11
data/DIPS-Plus/final/raw/un/3un4.pdb1_80.dill,train,component_434b4b95b4fb,2,f2795|A;f29073|G,5298
data/DIPS-Plus/final/raw/vy/3vyl.pdb1_2.dill,train,component_f1bff673a8ec,2,f25746|A,21
data/DIPS-Plus/final/raw/ss/3ss4.pdb1_2.dill,train,component_e16a44fe46ef,2,f33871|A,20
data/DIPS-Plus/final/raw/j4/4j4t.pdb5_5.dill,train,component_df3872073053,2,f2927|A,228
data/DIPS-Plus/final/raw/xs/1xsi.pdb1_2.dill,train,component_8f3cf5b9b5d8,2,f38415|A,27
data/DIPS-Plus/final/raw/n3/1n33.pdb1_4.dill,train,component_f29742d67d58,2,f1365|C;f40332|J,80
data/DIPS-Plus/final/raw/ct/4ctw.pdb1_0.dill,train,component_84c7923e0c4e,2,f5160|A,130
data/DIPS-Plus/final/raw/w4/3w4i.pdb2_0.dill,train,component_398a2e8f6816,2,f36483|A,43
data/DIPS-Plus/final/raw/z1/4z1l.pdb1_44.dill,train,component_434b4b95b4fb,2,f2797|I;f2801|K,5298
data/DIPS-Plus/final/raw/y8/4y87.pdb1_0.dill,train,component_e94b41ec91da,2,f14146|A,15
data/DIPS-Plus/final/raw/w9/2w93.pdb1_0.dill,train,component_f6f3f00bbc9b,2,f37087|X,30
data/DIPS-Plus/final/raw/is/3is7.pdb1_9.dill,train,component_34e475982e70,2,f21297|P,468
data/DIPS-Plus/final/raw/yt/4ytn.pdb2_2.dill,train,component_c06dbf9cc75a,2,f3009|A;f35446|H,141
data/DIPS-Plus/final/raw/qz/4qzx.pdb1_26.dill,train,component_434b4b95b4fb,2,f29073|G;f4169|M,5298
data/DIPS-Plus/final/raw/qg/3qgk.pdb1_8.dill,train,component_0a11b8cea135,2,f7217|A,68
data/DIPS-Plus/final/raw/tw/4tw1.pdb1_13.dill,train,component_1f5ab24da17d,2,f1172|A;f32607|D,29
data/DIPS-Plus/final/raw/qw/4qw0.pdb1_91.dill,train,component_434b4b95b4fb,2,f2796|H;f4169|M,5298
data/DIPS-Plus/final/raw/y8/4y8u.pdb1_11.dill,train,component_434b4b95b4fb,2,f2795|A;f2797|I,5298
data/DIPS-Plus/final/raw/ux/2ux5.pdb1_2.dill,train,component_83d04836fea7,2,f5266|M,147
data/DIPS-Plus/final/raw/ga/1gav.pdb1_37.dill,train,component_eec1106aefa3,2,f1310|A,112
data/DIPS-Plus/final/raw/qy/1qy9.pdb3_2.dill,train,component_8118b1556a23,2,f28454|D,6
data/DIPS-Plus/final/raw/y4/4y42.pdb1_9.dill,train,component_5793195ce137,2,f14976|A,125
data/DIPS-Plus/final/raw/ru/3rup.pdb1_0.dill,train,component_68d9fba6bb24,2,f12198|A,41
data/DIPS-Plus/final/raw/ks/3ksb.pdb1_1.dill,train,component_a19894bed208,2,f38171|C,58
data/DIPS-Plus/final/raw/jt/3jtl.pdb1_30.dill,train,component_434b4b95b4fb,2,f16440|R;f2795|A,5298
data/DIPS-Plus/final/raw/sw/1swc.pdb1_2.dill,train,component_1c20fc5dbb94,2,f2215|A,117
data/DIPS-Plus/final/raw/yq/1yq4.pdb1_0.dill,train,component_c06dbf9cc75a,2,f3009|A;f40638|F,141
data/DIPS-Plus/final/raw/zr/4zru.pdb1_0.dill,train,component_b41a5248b4e1,2,f30963|C,270
data/DIPS-Plus/final/raw/lc/4lc5.pdb1_0.dill,train,component_a23342ab1d8f,2,f10107|A,6
data/DIPS-Plus/final/raw/ra/1rah.pdb1_0.dill,train,component_682cfaf7b9cd,2,f19|A;f977|B,88
data/DIPS-Plus/final/raw/nn/3nnz.pdb1_0.dill,train,component_84c7923e0c4e,2,f5160|A,130
data/DIPS-Plus/final/raw/ow/3owh.pdb1_0.dill,train,component_714f00eebfca,2,f5285|B,25
data/DIPS-Plus/final/raw/to/3tos.pdb1_8.dill,train,component_00b2b89f271a,2,f32159|B,89
data/DIPS-Plus/final/raw/mq/3mqt.pdb1_14.dill,train,component_fbe663e4e5fe,2,f20205|E,48
data/DIPS-Plus/final/raw/m8/1m8v.pdb1_12.dill,train,component_37decb0b4472,2,f31907|A,63
data/DIPS-Plus/final/raw/zr/2zrw.pdb1_3.dill,train,component_5386a123d5a5,2,f41835|A,28
data/DIPS-Plus/final/raw/x2/4x24.pdb1_0.dill,train,component_4a497eebe3f6,2,f8411|B,10
data/DIPS-Plus/final/raw/yw/4ywm.pdb1_6.dill,train,component_a7353d5cffd6,2,f24888|A,33
data/DIPS-Plus/final/raw/df/2df7.pdb1_35.dill,train,component_08e2352216f0,2,f5778|A,33
data/DIPS-Plus/final/raw/qw/1qwt.pdb1_0.dill,train,component_d565f62156fd,2,f27672|A,1
data/DIPS-Plus/final/raw/wx/2wx3.pdb1_2.dill,train,component_e9619c52c596,2,f37171|C,3
data/DIPS-Plus/final/raw/ko/3koq.pdb2_0.dill,train,component_dbbf215afb32,2,f7848|A,10
data/DIPS-Plus/final/raw/rg/3rg6.pdb1_8.dill,train,component_26289733d6da,2,f24338|A;f29327|B,423
data/DIPS-Plus/final/raw/b9/4b9k.pdb2_2.dill,train,component_dfdd442bdd10,2,f2129|B;f41849|I,48
data/DIPS-Plus/final/raw/ad/5adl.pdb1_0.dill,train,component_84c7923e0c4e,2,f5160|A,130
data/DIPS-Plus/final/raw/pv/4pv3.pdb1_2.dill,train,component_a9de9500cfca,2,f16926|B;f41245|A,30
data/DIPS-Plus/final/raw/t6/1t6u.pdb2_10.dill,train,component_6cd3e9a70f54,2,f10012|A,54
data/DIPS-Plus/final/raw/ca/1ca9.pdb2_0.dill,train,component_25609117920d,2,f3842|A,21
data/DIPS-Plus/final/raw/qw/4qwl.pdb1_75.dill,train,component_434b4b95b4fb,2,f2795|A;f2801|K,5298
data/DIPS-Plus/final/raw/a6/2a68.pdb2_1.dill,train,component_68a1d5712cb4,2,f23060|A;f380|C,107
data/DIPS-Plus/final/raw/cm/4cmy.pdb1_47.dill,train,component_13909753b42e,2,f3175|A,203
data/DIPS-Plus/final/raw/jt/4jt0.pdb1_45.dill,train,component_434b4b95b4fb,2,f2801|K;f29082|K,5298
data/DIPS-Plus/final/raw/lr/4lrv.pdb1_0.dill,train,component_e665c370889d,2,f18817|A,20
data/DIPS-Plus/final/raw/k0/3k09.pdb1_5.dill,train,component_37f0b5ae4539,2,f16826|F,60
data/DIPS-Plus/final/raw/iy/2iy4.pdb2_9.dill,train,component_614b434b39fd,2,f33438|G,199
data/DIPS-Plus/final/raw/vu/2vu0.pdb1_5.dill,train,component_49aec4dbd123,2,f3725|B,136
data/DIPS-Plus/final/raw/dd/1ddo.pdb2_0.dill,train,component_398a2e8f6816,2,f36483|A,43
data/DIPS-Plus/final/raw/nq/1nqu.pdb1_0.dill,train,component_cadf81625f43,2,f3575|A,95
data/DIPS-Plus/final/raw/w8/1w8f.pdb1_2.dill,train,component_953152d81bd5,2,f2767|A,28
data/DIPS-Plus/final/raw/cu/3cur.pdb1_0.dill,train,component_70573bb20c7e,2,f10401|S;f1678|A,84
data/DIPS-Plus/final/raw/pk/3pki.pdb7_0.dill,train,component_3b9504b76072,2,f24691|A,3
data/DIPS-Plus/final/raw/ej/2ejk.pdb1_0.dill,train,component_2182888097fe,2,f6427|A,39
data/DIPS-Plus/final/raw/or/1ort.pdb1_23.dill,train,component_cb48ab626ec2,2,f1196|A,77
data/DIPS-Plus/final/raw/u9/4u9n.pdb1_0.dill,train,component_e41cc3c2182c,2,f40676|A,5
data/DIPS-Plus/final/raw/ah/2ahw.pdb1_3.dill,train,component_c7f2d6cc502e,2,f923|A,4
data/DIPS-Plus/final/raw/dd/2ddz.pdb1_10.dill,train,component_2b7cb8a5ca0d,2,f5693|E,12
data/DIPS-Plus/final/raw/xy/4xyc.pdb2_14.dill,train,component_8e4f5fa9fcad,2,f13290|A,180
data/DIPS-Plus/final/raw/c3/1c3o.pdb1_7.dill,train,component_8beb8fb68c94,2,f19317|A;f3480|B,35
data/DIPS-Plus/final/raw/nc/3ncr.pdb2_1.dill,train,component_6a6120c768fa,2,f15800|C,175
data/DIPS-Plus/final/raw/gg/1ggf.pdb1_1.dill,train,component_a11e21e9d011,2,f10539|A,208
data/DIPS-Plus/final/raw/s1/4s1v.pdb1_1.dill,train,component_4543711af866,2,f30593|B,5
data/DIPS-Plus/final/raw/ay/1aym.pdb1_0.dill,train,component_43bde24ea006,2,f1074|2;f4009|A,157
data/DIPS-Plus/final/raw/un/3unb.pdb1_8.dill,train,component_434b4b95b4fb,2,f2795|A,5298
data/DIPS-Plus/final/raw/qv/4qvl.pdb1_77.dill,train,component_434b4b95b4fb,2,f2795|A;f29073|G,5298
data/DIPS-Plus/final/raw/y9/4y9z.pdb1_50.dill,train,component_434b4b95b4fb,2,f2797|I;f2804|L,5298
data/DIPS-Plus/final/raw/qx/4qxj.pdb1_39.dill,train,component_434b4b95b4fb,2,f29082|K,5298
data/DIPS-Plus/final/raw/fa/2fak.pdb1_10.dill,train,component_434b4b95b4fb,2,f2795|A;f2796|H,5298
data/DIPS-Plus/final/raw/yd/1ydg.pdb1_5.dill,train,component_b568ffa12fb9,2,f18322|A,21
data/DIPS-Plus/final/raw/dx/2dxb.pdb2_7.dill,train,component_d97ae9e83559,2,f5626|H;f913|A,213
data/DIPS-Plus/final/raw/vd/3vd3.pdb1_0.dill,train,component_1dbb8bb845fd,2,f22658|A,94
data/DIPS-Plus/final/raw/y8/4y81.pdb1_57.dill,train,component_434b4b95b4fb,2,f2796|H,5298
data/DIPS-Plus/final/raw/vm/2vml.pdb1_19.dill,train,component_2bafc3b54369,2,f18666|B;f34591|A,203
data/DIPS-Plus/final/raw/g0/1g0u.pdb1_51.dill,train,component_434b4b95b4fb,2,f2797|I;f2804|L,5298
data/DIPS-Plus/final/raw/mx/1mxf.pdb1_0.dill,train,component_05639143620e,2,f35729|A,109
data/DIPS-Plus/final/raw/na/4na1.pdb1_0.dill,train,component_df8f5d033385,2,f21061|A,2
data/DIPS-Plus/final/raw/x0/2x0l.pdb1_0.dill,train,component_6889d04934b2,2,f34292|B;f9587|A,13
data/DIPS-Plus/final/raw/gd/4gde.pdb1_1.dill,train,component_f59aef42fe61,2,f33358|A,30
data/DIPS-Plus/final/raw/un/3une.pdb2_47.dill,train,component_434b4b95b4fb,2,f29073|G;f4169|M,5298
data/DIPS-Plus/final/raw/y9/2y9w.pdb2_0.dill,train,component_62c0f9add901,2,f39689|A;f39689|C,5
data/DIPS-Plus/final/raw/jt/3jtl.pdb1_7.dill,train,component_434b4b95b4fb,2,f2795|A,5298
data/DIPS-Plus/final/raw/fa/2fak.pdb1_32.dill,train,component_434b4b95b4fb,2,f2795|A;f2801|K,5298
data/DIPS-Plus/final/raw/f8/4f88.pdb1_18.dill,train,component_da76b39965fe,2,f8648|B,22
data/DIPS-Plus/final/raw/hr/4hrd.pdb1_22.dill,train,component_434b4b95b4fb,2,f2795|A;f29073|G,5298
data/DIPS-Plus/final/raw/jt/4jt0.pdb1_87.dill,train,component_434b4b95b4fb,2,f2796|H;f2797|I,5298
data/DIPS-Plus/final/raw/r4/2r4f.pdb1_4.dill,train,component_ec878626cba7,2,f3972|A,66
data/DIPS-Plus/final/raw/fc/4fc7.pdb1_4.dill,train,component_6a138b8472f5,2,f35899|A,62
data/DIPS-Plus/final/raw/lq/4lqi.pdb1_35.dill,train,component_434b4b95b4fb,2,f2796|H;f4169|M,5298
data/DIPS-Plus/final/raw/g1/1g1r.pdb1_0.dill,train,component_2ad4026f5889,2,f9878|A,2
data/DIPS-Plus/final/raw/rc/3rcc.pdb3_1.dill,train,component_232bec884957,2,f29446|N,18
data/DIPS-Plus/final/raw/ha/3haz.pdb1_0.dill,train,component_b303ed22c9ea,2,f12175|A,165
data/DIPS-Plus/final/raw/rz/3rzd.pdb1_10.dill,train,component_5c83bf74bad8,2,f11473|B;f13771|I,407
data/DIPS-Plus/final/raw/ax/3axm.pdb1_1.dill,train,component_26289733d6da,2,f29327|B,423
data/DIPS-Plus/final/raw/gh/1gh0.pdb1_22.dill,train,component_2bafc3b54369,2,f18666|B;f34591|A,203
data/DIPS-Plus/final/raw/ts/4tsf.pdb1_1.dill,train,component_94adb57dc428,2,f16078|C;f8518|B,140
data/DIPS-Plus/final/raw/jn/1jn1.pdb2_0.dill,train,component_9001d74170f4,2,f14242|A,82
data/DIPS-Plus/final/raw/sd/4sdh.pdb1_0.dill,train,component_6a2eb0609064,2,f13212|B,35
data/DIPS-Plus/final/raw/h4/4h4g.pdb1_2.dill,train,component_daeaa15c9da4,2,f2037|A,68
data/DIPS-Plus/final/raw/ev/4ev2.pdb4_8.dill,train,component_e0dde2882185,2,f21101|E,25
data/DIPS-Plus/final/raw/z1/4z1l.pdb1_40.dill,train,component_434b4b95b4fb,2,f29082|K,5298
data/DIPS-Plus/final/raw/r1/4r1o.pdb1_10.dill,train,component_c3bc8c0ad27b,2,f28865|A,30
data/DIPS-Plus/final/raw/ij/2ijz.pdb1_10.dill,train,component_55e04607ed51,2,f37004|A,23
data/DIPS-Plus/final/raw/gt/3gtz.pdb1_2.dill,train,component_b7e38158dad9,2,f16893|D,12
data/DIPS-Plus/final/raw/ei/2eig.pdb1_5.dill,train,component_3846fef223eb,2,f34008|A,87
data/DIPS-Plus/final/raw/b4/1b44.pdb1_3.dill,train,component_1f1c38cca328,2,f18896|F,98
data/DIPS-Plus/final/raw/r0/3r0p.pdb3_6.dill,train,component_9b9e11ff6466,2,f21654|E,58
data/DIPS-Plus/final/raw/zc/2zcy.pdb1_79.dill,train,component_434b4b95b4fb,2,f2795|A;f29082|K,5298
data/DIPS-Plus/final/raw/qv/4qv5.pdb1_80.dill,train,component_434b4b95b4fb,2,f2795|A;f29073|G,5298
data/DIPS-Plus/final/raw/nf/1nf4.pdb1_0.dill,train,component_34e475982e70,2,f21297|P,468
data/DIPS-Plus/final/raw/am/2amd.pdb1_0.dill,train,component_be8e1eab8945,2,f1121|A,24
data/DIPS-Plus/final/raw/ll/3ll8.pdb2_0.dill,train,component_eced80a51f22,2,f23458|A;f3344|B,29
data/DIPS-Plus/final/raw/n8/3n8e.pdb2_0.dill,train,component_c6695a3a0024,2,f16209|A,7
data/DIPS-Plus/final/raw/g0/1g0u.pdb1_72.dill,train,component_434b4b95b4fb,2,f2795|A;f29073|G,5298
data/DIPS-Plus/final/raw/dy/4dyu.pdb1_15.dill,train,component_bc317fc21d10,2,f10447|A,167
data/DIPS-Plus/final/raw/cv/2cv5.pdb1_4.dill,train,component_ac9b67d94fe0,2,f19329|D;f7890|H,540
data/DIPS-Plus/final/raw/wt/1wt6.pdb1_0.dill,train,component_8911aed119f7,2,f36973|B,3
data/DIPS-Plus/final/raw/mj/3mjz.pdb4_0.dill,train,component_5a0c3a065822,2,f19922|A,18
data/DIPS-Plus/final/raw/r5/1r56.pdb1_5.dill,train,component_9b4e98158cfe,2,f28976|C,42
data/DIPS-Plus/final/raw/uo/3uof.pdb1_1.dill,train,component_34e475982e70,2,f21297|P,468
data/DIPS-Plus/final/raw/qw/4qwf.pdb1_77.dill,train,component_434b4b95b4fb,2,f2795|A;f29073|G,5298
data/DIPS-Plus/final/raw/kz/1kz1.pdb2_7.dill,train,component_cadf81625f43,2,f3575|A,95
data/DIPS-Plus/final/raw/nd/1ndj.pdb1_3.dill,train,component_1c20fc5dbb94,2,f2215|A,117
data/DIPS-Plus/final/raw/d9/2d9q.pdb1_0.dill,train,component_195fcff4143f,2,f5473|A;f5473|B,7
data/DIPS-Plus/final/raw/g1/1g1l.pdb1_1.dill,train,component_a49032d130ba,2,f1918|A,67
data/DIPS-Plus/final/raw/qw/4qwr.pdb1_53.dill,train,component_434b4b95b4fb,2,f2796|H;f4169|M,5298
data/DIPS-Plus/final/raw/y9/4y9z.pdb1_51.dill,train,component_434b4b95b4fb,2,f2801|K;f29082|K,5298
data/DIPS-Plus/final/raw/n6/3n6r.pdb1_3.dill,train,component_e7e5159aa329,2,f14039|A,64
data/DIPS-Plus/final/raw/qv/4qv7.pdb1_88.dill,train,component_434b4b95b4fb,2,f2801|K;f29082|K,5298
data/DIPS-Plus/final/raw/to/4to5.pdb1_1.dill,train,component_cbd647f8551e,2,f30343|B,53
data/DIPS-Plus/final/raw/jt/3jtl.pdb1_52.dill,train,component_434b4b95b4fb,2,f16440|R,5298
data/DIPS-Plus/final/raw/s5/1s57.pdb1_0.dill,train,component_ed40f3402ed5,2,f38315|A,207
data/DIPS-Plus/final/raw/wl/4wlu.pdb1_3.dill,train,component_f2bab4f7d4cf,2,f5812|A,25
data/DIPS-Plus/final/raw/ya/4ya0.pdb1_50.dill,train,component_434b4b95b4fb,2,f2804|L;f4169|M,5298
data/DIPS-Plus/final/raw/r8/2r8y.pdb3_3.dill,train,component_a65200ab998f,2,f21077|C,59
data/DIPS-Plus/final/raw/qx/1qxs.pdb1_5.dill,train,component_33df824bc6ed,2,f6159|A,186
data/DIPS-Plus/final/raw/jq/3jqo.pdb1_18.dill,train,component_3f95699cb5e0,2,f16329|J,88
data/DIPS-Plus/final/raw/vh/2vhw.pdb1_3.dill,train,component_05d958fc5157,2,f35027|F,26
data/DIPS-Plus/final/raw/yz/2yzb.pdb2_5.dill,train,component_9b4e98158cfe,2,f28976|C,42
data/DIPS-Plus/final/raw/hi/4hi2.pdb1_14.dill,train,component_11c3bc574755,2,f12671|B,27
data/DIPS-Plus/final/raw/gg/1ggf.pdb1_0.dill,train,component_a11e21e9d011,2,f10539|A,208
data/DIPS-Plus/final/raw/ya/4ya3.pdb1_81.dill,train,component_434b4b95b4fb,2,f2795|A;f4169|M,5298
data/DIPS-Plus/final/raw/gv/2gv8.pdb1_0.dill,train,component_eb5c38951e4c,2,f11588|A,2
data/DIPS-Plus/final/raw/st/3stj.pdb5_0.dill,train,component_af1cb46ba5e0,2,f25178|A,36
data/DIPS-Plus/final/raw/r6/4r67.pdb1_27.dill,train,component_434b4b95b4fb,2,f2795|A;f29082|K,5298
data/DIPS-Plus/final/raw/rb/1rbo.pdb1_4.dill,train,component_26289733d6da,2,f29327|B;f34169|F,423
data/DIPS-Plus/final/raw/ct/3ct7.pdb1_8.dill,train,component_edb5efc402e8,2,f29959|A,18
data/DIPS-Plus/final/raw/hr/3hrd.pdb1_2.dill,train,component_2d00407acdf9,2,f30859|A;f6829|A,94
data/DIPS-Plus/final/raw/ya/1yar.pdb1_32.dill,train,component_434b4b95b4fb,2,f16443|I;f2795|A,5298
data/DIPS-Plus/final/raw/ot/4ota.pdb3_10.dill,train,component_b1b6bd00f6e8,2,f9213|A,38
data/DIPS-Plus/final/raw/qm/2qmz.pdb1_0.dill,train,component_714f00eebfca,2,f5285|B,25
data/DIPS-Plus/final/raw/yr/1yr3.pdb1_4.dill,train,component_1edebe88620c,2,f7305|A,45
data/DIPS-Plus/final/raw/qv/4qv3.pdb1_89.dill,train,component_434b4b95b4fb,2,f2801|K;f2804|L,5298
data/DIPS-Plus/final/raw/lf/4lf9.pdb1_1.dill,train,component_2769bc9bd428,2,f1361|H;f6309|B,66
data/DIPS-Plus/final/raw/d3/2d3e.pdb1_2.dill,train,component_df4d7b3bb3b0,2,f5247|A,15
data/DIPS-Plus/final/raw/ah/2ahw.pdb1_5.dill,train,component_c7f2d6cc502e,2,f923|A,4
data/DIPS-Plus/final/raw/ia/3ias.pdb1_13.dill,train,component_f12a7ad4c5c8,2,f12304|F;f12305|G,98
data/DIPS-Plus/final/raw/dh/3dh9.pdb1_0.dill,train,component_2403f4f6a83f,2,f15674|A,34
data/DIPS-Plus/final/raw/qv/3qvd.pdb2_0.dill,train,component_d174e74d7d71,2,f40665|B,29
data/DIPS-Plus/final/raw/tm/4tm3.pdb1_0.dill,train,component_78866eb88d5c,2,f32045|A,18
data/DIPS-Plus/final/raw/vb/1vbb.pdb1_6.dill,train,component_43bde24ea006,2,f24752|4;f36726|C,157
data/DIPS-Plus/final/raw/m5/1m5q.pdb2_23.dill,train,component_b7a9679c0a27,2,f19277|W,28
data/DIPS-Plus/final/raw/mn/3mnn.pdb1_5.dill,train,component_ac9b67d94fe0,2,f19329|D;f7890|H,540
data/DIPS-Plus/final/raw/k0/3k0c.pdb1_5.dill,train,component_37f0b5ae4539,2,f16826|F,60
data/DIPS-Plus/final/raw/us/3usc.pdb2_0.dill,train,component_70573bb20c7e,2,f10401|S;f1678|A,84
data/DIPS-Plus/final/raw/y8/4y8u.pdb1_74.dill,train,component_434b4b95b4fb,2,f2795|A;f29082|K,5298
data/DIPS-Plus/final/raw/az/3azl.pdb1_7.dill,train,component_ac9b67d94fe0,2,f19329|D;f7892|E,540
data/DIPS-Plus/final/raw/ie/1ie7.pdb1_2.dill,train,component_0a11b8cea135,2,f4045|C;f7217|A,68
data/DIPS-Plus/final/raw/xj/2xjo.pdb1_3.dill,train,component_614b434b39fd,2,f33438|G,199
data/DIPS-Plus/final/raw/m5/1m5q.pdb2_17.dill,train,component_b7a9679c0a27,2,f19277|W,28
data/DIPS-Plus/final/raw/xj/2xjo.pdb1_6.dill,train,component_614b434b39fd,2,f33438|G,199
data/DIPS-Plus/final/raw/tr/3trh.pdb2_0.dill,train,component_3958d2abe977,2,f11320|A,26
data/DIPS-Plus/final/raw/t1/1t11.pdb1_0.dill,train,component_1ba2a79cf448,2,f31531|A,50
data/DIPS-Plus/final/raw/w9/3w9i.pdb1_0.dill,train,component_fb9bcd7a2984,2,f10753|B,33
data/DIPS-Plus/final/raw/qi/4qiw.pdb1_20.dill,train,component_5c83bf74bad8,2,f26153|F;f26252|A,407
data/DIPS-Plus/final/raw/gv/3gvy.pdb1_0.dill,train,component_34e475982e70,2,f21297|P,468
data/DIPS-Plus/final/raw/dk/5dkj.pdb1_84.dill,train,component_434b4b95b4fb,2,f2795|A;f2796|H,5298
data/DIPS-Plus/final/raw/a4/2a4q.pdb1_1.dill,train,component_8aac78d8caaf,2,f2045|A,16
data/DIPS-Plus/final/raw/oc/2ocp.pdb3_0.dill,train,component_84ac4035c86c,2,f41451|A,33
data/DIPS-Plus/final/raw/m4/3m4g.pdb1_4.dill,train,component_3a91453a0c33,2,f19254|F,68
data/DIPS-Plus/final/raw/yb/2ybv.pdb1_19.dill,train,component_26289733d6da,2,f29327|B;f34169|F,423
data/DIPS-Plus/final/raw/bn/4bnj.pdb1_1.dill,train,component_df3872073053,2,f2927|A,228
data/DIPS-Plus/final/raw/w9/3w98.pdb1_4.dill,train,component_ac9b67d94fe0,2,f19329|D;f7890|H,540
data/DIPS-Plus/final/raw/pr/3prc.pdb1_2.dill,train,component_83d04836fea7,2,f31683|C;f5266|M,147
data/DIPS-Plus/final/raw/fw/2fw2.pdb1_3.dill,train,component_2162adf61c44,2,f9569|F,18
data/DIPS-Plus/final/raw/wp/4wp0.pdb1_0.dill,train,component_6810901cb1fa,2,f9552|A,16
data/DIPS-Plus/final/raw/lm/3lmb.pdb1_0.dill,train,component_52b7925ae28f,2,f18660|A,1
data/DIPS-Plus/final/raw/zy/1zy8.pdb3_2.dill,train,component_62b5c47414b7,2,f34555|A;f42047|L,23
data/DIPS-Plus/final/raw/a3/4a3l.pdb1_0.dill,train,component_5c83bf74bad8,2,f11473|A;f11473|B,407
data/DIPS-Plus/final/raw/ql/4qls.pdb1_81.dill,train,component_434b4b95b4fb,2,f29073|G;f4169|M,5298
data/DIPS-Plus/final/raw/d8/5d8s.pdb1_19.dill,train,component_34e475982e70,2,f21297|P,468
data/DIPS-Plus/final/raw/il/4il0.pdb1_3.dill,train,component_723d9d0b8353,2,f20458|A,35
data/DIPS-Plus/final/raw/is/3is8.pdb1_52.dill,train,component_34e475982e70,2,f21297|P,468
data/DIPS-Plus/final/raw/gn/3gnc.pdb1_1.dill,train,component_0bc1c7263176,2,f20126|C,45
data/DIPS-Plus/final/raw/a8/2a8y.pdb2_4.dill,train,component_6574cf111d13,2,f31735|D,27
data/DIPS-Plus/final/raw/hr/4hrd.pdb1_60.dill,train,component_434b4b95b4fb,2,f2795|A,5298
data/DIPS-Plus/final/raw/vq/1vq9.pdb1_14.dill,train,component_d0b1705c8b0d,2,f1198|E;f3894|U,61
data/DIPS-Plus/final/raw/d1/4d1g.pdb4_0.dill,train,component_16bab86b0e10,2,f5097|A,27
data/DIPS-Plus/final/raw/lz/3lz0.pdb1_4.dill,train,component_ac9b67d94fe0,2,f19329|D;f7890|H,540
data/DIPS-Plus/final/raw/cr/1cr7.pdb1_2.dill,train,component_3846fef223eb,2,f34008|A,87
data/DIPS-Plus/final/raw/nu/2nuu.pdb2_4.dill,train,component_6a6120c768fa,2,f21774|D,175
data/DIPS-Plus/final/raw/zr/2zry.pdb1_3.dill,train,component_5386a123d5a5,2,f41835|A,28
data/DIPS-Plus/final/raw/nu/2nuu.pdb2_1.dill,train,component_6a6120c768fa,2,f21774|D,175
data/DIPS-Plus/final/raw/aj/4aj9.pdb1_4.dill,train,component_a11e21e9d011,2,f10539|A,208
data/DIPS-Plus/final/raw/gt/1gtf.pdb2_6.dill,train,component_b93d01259209,2,f11380|M,68
data/DIPS-Plus/final/raw/ne/3ne2.pdb1_5.dill,train,component_18ee831ce83e,2,f21274|C,58
data/DIPS-Plus/final/raw/qg/3qgk.pdb1_5.dill,train,component_0a11b8cea135,2,f4045|C,68
data/DIPS-Plus/final/raw/mm/3mmu.pdb10_0.dill,train,component_a98d24979aa6,2,f20035|C,4
data/DIPS-Plus/final/raw/y7/4y77.pdb1_20.dill,train,component_434b4b95b4fb,2,f2795|A;f2801|K,5298
data/DIPS-Plus/final/raw/ht/1hto.pdb2_13.dill,train,component_8e4f5fa9fcad,2,f13290|A,180
data/DIPS-Plus/final/raw/k4/3k4u.pdb3_2.dill,train,component_8973bedec9f8,2,f17027|E,18
data/DIPS-Plus/final/raw/hf/4hfc.pdb1_2.dill,train,component_83983bc0ac2e,2,f7264|A,65
data/DIPS-Plus/final/raw/pl/1pl6.pdb2_0.dill,train,component_d688d8dc7f9f,2,f24743|A,20
data/DIPS-Plus/final/raw/m4/3m4s.pdb1_1.dill,train,component_9b9e11ff6466,2,f21654|E,58
data/DIPS-Plus/final/raw/ej/3ejy.pdb2_0.dill,train,component_8345ee0dc884,2,f17580|B,6
data/DIPS-Plus/final/raw/ya/4ya0.pdb1_49.dill,train,component_434b4b95b4fb,2,f2801|K;f29082|K,5298
data/DIPS-Plus/final/raw/ls/4ls5.pdb1_0.dill,train,component_a97e6d8a06f7,2,f35742|A,33
data/DIPS-Plus/final/raw/am/2amt.pdb1_1.dill,train,component_9001d74170f4,2,f14242|A,82
data/DIPS-Plus/final/raw/wu/1wuj.pdb1_0.dill,train,component_70573bb20c7e,2,f10401|S;f1678|A,84
data/DIPS-Plus/final/raw/lm/3lmn.pdb2_0.dill,train,component_b4d139e907a7,2,f19521|A,3
data/DIPS-Plus/final/raw/m1/1m1t.pdb1_5.dill,train,component_49aec4dbd123,2,f3725|B,136
data/DIPS-Plus/final/raw/aq/3aqi.pdb1_0.dill,train,component_78ddec21657a,2,f1336|A,12
data/DIPS-Plus/final/raw/rf/2rf4.pdb3_0.dill,train,component_5c83bf74bad8,2,f29685|B;f3530|G,407
data/DIPS-Plus/final/raw/yw/2yw9.pdb2_4.dill,train,component_df3872073053,2,f2927|A,228
data/DIPS-Plus/final/raw/ao/1aok.pdb1_0.dill,train,component_ac5b27933711,2,f1221|A,56
data/DIPS-Plus/final/raw/fa/2fak.pdb1_41.dill,train,component_434b4b95b4fb,2,f2795|A;f2796|H,5298
data/DIPS-Plus/final/raw/dr/4dr6.pdb1_17.dill,train,component_f2debe2131e3,2,f1364|M;f9092|S,25
data/DIPS-Plus/final/raw/jn/1jnb.pdb1_20.dill,train,component_a6c219863748,2,f9320|A,42
data/DIPS-Plus/final/raw/m5/1m5q.pdb2_0.dill,train,component_b7a9679c0a27,2,f19277|W,28
data/DIPS-Plus/final/raw/p5/2p5v.pdb1_11.dill,train,component_7f463fd7a210,2,f11275|C,43
data/DIPS-Plus/final/raw/fg/2fg6.pdb1_2.dill,train,component_9ecd8d6df6c3,2,f8943|X,17
data/DIPS-Plus/final/raw/t9/3t9v.pdb1_0.dill,train,component_ac6c635c268d,2,f32832|B,41
data/DIPS-Plus/final/raw/dd/2dd5.pdb1_13.dill,train,component_d97ae9e83559,2,f5626|H,213
data/DIPS-Plus/final/raw/ab/2abm.pdb4_0.dill,train,component_18ee831ce83e,2,f21274|C,58
data/DIPS-Plus/final/raw/yk/1ykp.pdb1_12.dill,train,component_fbbd8ff1594b,2,f3131|B,134
data/DIPS-Plus/final/raw/o0/2o0y.pdb2_0.dill,train,component_5622a43592cd,2,f22204|C,6
data/DIPS-Plus/final/raw/n7/3n7a.pdb2_3.dill,train,component_97564c009426,2,f5017|H,166
data/DIPS-Plus/final/raw/wl/4wlu.pdb1_0.dill,train,component_f2bab4f7d4cf,2,f5812|A,25
data/DIPS-Plus/final/raw/yk/2yks.pdb1_9.dill,train,component_ed8403c20be9,2,f41203|F,50
data/DIPS-Plus/final/raw/cm/3cme.pdb1_8.dill,train,component_d0b1705c8b0d,2,f1198|A;f1198|E,61
data/DIPS-Plus/final/raw/kg/4kgn.pdb3_0.dill,train,component_f072c91a5286,2,f17395|F,4
data/DIPS-Plus/final/raw/r7/3r7f.pdb1_1.dill,train,component_682cfaf7b9cd,2,f19|A,88
data/DIPS-Plus/final/raw/eb/4eb8.pdb1_2.dill,train,component_1edebe88620c,2,f7305|A,45
data/DIPS-Plus/final/raw/qo/1qox.pdb2_12.dill,train,component_60e50b43a481,2,f6817|B,29
data/DIPS-Plus/final/raw/n6/3n6r.pdb1_24.dill,train,component_e7e5159aa329,2,f14039|A,64
data/DIPS-Plus/final/raw/wo/1wo8.pdb2_9.dill,train,component_de7ec3d858f8,2,f7464|A,25
data/DIPS-Plus/final/raw/ir/2irw.pdb1_0.dill,train,component_d0046547e456,2,f14495|B,32
data/DIPS-Plus/final/raw/by/2byr.pdb2_0.dill,train,component_b41a5248b4e1,2,f30963|C,270
data/DIPS-Plus/final/raw/wh/4whp.pdb1_14.dill,train,component_fbbd8ff1594b,2,f3131|B,134
data/DIPS-Plus/final/raw/n8/3n81.pdb2_5.dill,train,component_b303ed22c9ea,2,f12175|A,165
data/DIPS-Plus/final/raw/ql/4qlt.pdb1_47.dill,train,component_434b4b95b4fb,2,f2796|H;f2804|L,5298
data/DIPS-Plus/final/raw/wm/2wmz.pdb1_0.dill,train,component_30e08de0e6c2,2,f34838|A,12
data/DIPS-Plus/final/raw/j0/2j0y.pdb1_0.dill,train,component_97c2cd7a1636,2,f10713|B,123
data/DIPS-Plus/final/raw/d0/2d00.pdb1_8.dill,train,component_ad980f6574e0,2,f5033|A,18
data/DIPS-Plus/final/raw/cc/3ccl.pdb1_8.dill,train,component_d0b1705c8b0d,2,f1198|A;f1198|E,61
data/DIPS-Plus/final/raw/y8/4y8i.pdb1_7.dill,train,component_434b4b95b4fb,2,f2795|A;f2797|I,5298
data/DIPS-Plus/final/raw/zs/3zs8.pdb1_4.dill,train,component_cfd7a6310545,2,f1826|E;f30990|I,23
data/DIPS-Plus/final/raw/b4/4b40.pdb1_2.dill,train,component_a11e21e9d011,2,f10539|A,208
data/DIPS-Plus/final/raw/wc/3wcv.pdb1_9.dill,train,component_f55b8deebc9e,2,f36267|C,58
data/DIPS-Plus/final/raw/kh/4kh0.pdb1_2.dill,train,component_682cfaf7b9cd,2,f19|A;f977|B,88
data/DIPS-Plus/final/raw/re/3re3.pdb2_2.dill,train,component_9001d74170f4,2,f14242|A,82
data/DIPS-Plus/final/raw/xj/2xjo.pdb1_24.dill,train,component_614b434b39fd,2,f33438|G,199
data/DIPS-Plus/final/raw/an/3anz.pdb3_7.dill,train,component_1f5ab24da17d,2,f1172|A,29
data/DIPS-Plus/final/raw/y9/4y9z.pdb1_19.dill,train,component_434b4b95b4fb,2,f2795|A;f2797|I,5298
data/DIPS-Plus/final/raw/w8/2w8h.pdb1_7.dill,train,component_bcaa2e860fa0,2,f36029|A,16
data/DIPS-Plus/final/raw/ps/4psm.pdb1_4.dill,train,component_8ee34fb6431b,2,f25075|A,6
data/DIPS-Plus/final/raw/yw/2yw3.pdb1_1.dill,train,component_6c806abe3279,2,f7001|C,24
data/DIPS-Plus/final/raw/yv/4yv9.pdb1_0.dill,train,component_69ef0d119659,2,f40680|B,2
data/DIPS-Plus/final/raw/k6/3k6c.pdb1_15.dill,train,component_188c17f9a5cd,2,f17097|D,20
data/DIPS-Plus/final/raw/qv/4qvw.pdb1_48.dill,train,component_434b4b95b4fb,2,f2797|I;f2804|L,5298
data/DIPS-Plus/final/raw/df/2df7.pdb1_29.dill,train,component_08e2352216f0,2,f5778|A,33
data/DIPS-Plus/final/raw/m1/1m19.pdb1_0.dill,train,component_ac9b67d94fe0,2,f7890|H;f7893|G,540
data/DIPS-Plus/final/raw/be/1be3.pdb1_4.dill,train,component_126d56e92e9e,2,f2314|A;f2318|G,292
data/DIPS-Plus/final/raw/yc/1yce.pdb1_4.dill,train,component_e0c0fa47e971,2,f2377|J,84
data/DIPS-Plus/final/raw/m7/3m79.pdb1_4.dill,train,component_94da1bcf6fc9,2,f1571|A,35
data/DIPS-Plus/final/raw/fp/1fpy.pdb1_19.dill,train,component_8e4f5fa9fcad,2,f13290|A,180
data/DIPS-Plus/final/raw/qw/4qwj.pdb1_44.dill,train,component_434b4b95b4fb,2,f2801|K;f29082|K,5298
data/DIPS-Plus/final/raw/mo/4moj.pdb1_1.dill,train,component_57244b2608ee,2,f14285|E,24
data/DIPS-Plus/final/raw/yz/2yzb.pdb1_2.dill,train,component_9b4e98158cfe,2,f28976|C,42
data/DIPS-Plus/final/raw/rc/3rcc.pdb1_5.dill,train,component_232bec884957,2,f29446|N,18
data/DIPS-Plus/final/raw/nv/2nvy.pdb1_1.dill,train,component_5c83bf74bad8,2,f11473|A;f11474|C,407
data/DIPS-Plus/final/raw/gk/4gk7.pdb1_94.dill,train,component_434b4b95b4fb,2,f2796|H;f29073|G,5298
data/DIPS-Plus/final/raw/ul/1ul1.pdb1_4.dill,train,component_36fd2863bd29,2,f33371|Z;f5209|A,74
data/DIPS-Plus/final/raw/mq/4mq9.pdb1_0.dill,train,component_68a1d5712cb4,2,f23060|A,107
data/DIPS-Plus/final/raw/qu/2qux.pdb2_0.dill,train,component_c86ec58b6e64,2,f26937|D,1
data/DIPS-Plus/final/raw/zo/1zof.pdb1_4.dill,train,component_bac24c35451f,2,f16912|A,109
data/DIPS-Plus/final/raw/tx/3txq.pdb1_20.dill,train,component_a667a0f508ea,2,f32637|C,16
data/DIPS-Plus/final/raw/eg/3egw.pdb1_0.dill,train,component_6a8529229944,2,f7498|A;f7498|B,30
data/DIPS-Plus/final/raw/r5/2r5i.pdb2_0.dill,train,component_ed86aa3e0976,2,f28983|A,25
data/DIPS-Plus/final/raw/r1/1r1r.pdb6_0.dill,train,component_00c68ad6ed3d,2,f28877|A,11
data/DIPS-Plus/final/raw/uu/2uul.pdb2_27.dill,train,component_2bafc3b54369,2,f18666|B;f34591|A,203
data/DIPS-Plus/final/raw/hm/1hmp.pdb1_0.dill,train,component_528b1d60c169,2,f23787|B,37
data/DIPS-Plus/final/raw/ql/4qlq.pdb1_31.dill,train,component_434b4b95b4fb,2,f2796|H;f2797|I,5298
data/DIPS-Plus/final/raw/fz/3fzv.pdb1_1.dill,train,component_7dcb92aa91f4,2,f9691|B,6
data/DIPS-Plus/final/raw/ho/3hou.pdb1_2.dill,train,component_5c83bf74bad8,2,f11473|A;f207|D,407
data/DIPS-Plus/final/raw/k0/3k0e.pdb1_4.dill,train,component_37f0b5ae4539,2,f16826|F,60
data/DIPS-Plus/final/raw/uo/4uoq.pdb1_2.dill,train,component_d0d791c5337b,2,f33919|A,21
data/DIPS-Plus/final/raw/re/3reh.pdb1_13.dill,train,component_ac9b67d94fe0,2,f19329|D;f7890|H,540
data/DIPS-Plus/final/raw/uw/1uw6.pdb2_3.dill,train,component_b41a5248b4e1,2,f30963|C,270
data/DIPS-Plus/final/raw/tt/3ttx.pdb1_1.dill,train,component_a11e21e9d011,2,f10539|A,208
data/DIPS-Plus/final/raw/es/4eso.pdb1_1.dill,train,component_c71ae5ce620a,2,f40117|F,36
data/DIPS-Plus/final/raw/qr/2qr1.pdb3_6.dill,train,component_f7a9834b1263,2,f26810|A;f26825|G,54
data/DIPS-Plus/final/raw/y0/2y0c.pdb2_0.dill,train,component_6b600c7a45ef,2,f14924|C,37
data/DIPS-Plus/final/raw/zk/3zkd.pdb4_0.dill,train,component_5b9d9d81f18a,2,f41538|D,13
data/DIPS-Plus/final/raw/x0/1x0r.pdb1_4.dill,train,component_96118546a2e5,2,f136|F,129
data/DIPS-Plus/final/raw/eg/3egx.pdb1_0.dill,train,component_1ace0bf281c9,2,f7504|A;f7504|B,6
data/DIPS-Plus/final/raw/da/4da9.pdb5_0.dill,train,component_c71ae5ce620a,2,f40117|F,36
data/DIPS-Plus/final/raw/mt/4mtq.pdb1_0.dill,train,component_8556219332e2,2,f35759|C,7
data/DIPS-Plus/final/raw/rb/1rbo.pdb1_14.dill,train,component_26289733d6da,2,f34169|F,423
data/DIPS-Plus/final/raw/nd/3ndv.pdb1_0.dill,train,component_d99565ce12eb,2,f20699|D,18
data/DIPS-Plus/final/raw/kl/3klz.pdb1_2.dill,train,component_e7a8fa1bc217,2,f25735|C,15
data/DIPS-Plus/final/raw/tw/4twd.pdb1_7.dill,train,component_ed8403c20be9,2,f41203|F,50
data/DIPS-Plus/final/raw/y8/4y80.pdb1_80.dill,train,component_434b4b95b4fb,2,f2795|A,5298
data/DIPS-Plus/final/raw/ab/2abm.pdb1_1.dill,train,component_18ee831ce83e,2,f21274|C,58
data/DIPS-Plus/final/raw/qw/4qwj.pdb1_76.dill,train,component_434b4b95b4fb,2,f2795|A;f29073|G,5298
data/DIPS-Plus/final/raw/t4/3t4m.pdb2_4.dill,train,component_b41a5248b4e1,2,f30963|C,270
data/DIPS-Plus/final/raw/nz/3nzj.pdb1_47.dill,train,component_434b4b95b4fb,2,f2796|H,5298
data/DIPS-Plus/final/raw/pj/4pj1.pdb1_50.dill,train,component_99d8a06d10be,2,f24591|A,184
data/DIPS-Plus/final/raw/v6/1v6j.pdb1_5.dill,train,component_3846fef223eb,2,f34008|A,87
data/DIPS-Plus/final/raw/p1/4p18.pdb1_30.dill,train,component_b132faf248c3,2,f8960|A,166
data/DIPS-Plus/final/raw/yf/2yfl.pdb2_5.dill,train,component_cc2db7ce7b0d,2,f10306|A;f38348|B,188
data/DIPS-Plus/final/raw/uo/1uoj.pdb1_5.dill,train,component_912fb28b6367,2,f469|A,42
data/DIPS-Plus/final/raw/g6/1g63.pdb1_28.dill,train,component_a000a536bbd4,2,f10000|A,19
data/DIPS-Plus/final/raw/et/1etq.pdb2_0.dill,train,component_f95c60f60512,2,f14392|B,11
data/DIPS-Plus/final/raw/ff/1ffu.pdb1_6.dill,train,component_2d00407acdf9,2,f20719|B;f8916|C,94
data/DIPS-Plus/final/raw/k9/4k9n.pdb1_3.dill,train,component_80cffab22a92,2,f16676|B,24
data/DIPS-Plus/final/raw/k5/1k5m.pdb1_1.dill,train,component_43bde24ea006,2,f36726|C;f4009|A,157
data/DIPS-Plus/final/raw/d3/3d38.pdb1_3.dill,train,component_83d04836fea7,2,f5266|M;f6540|H,147
data/DIPS-Plus/final/raw/od/3od0.pdb1_0.dill,train,component_e57002389156,2,f25882|B,18
data/DIPS-Plus/final/raw/ab/3abs.pdb2_1.dill,train,component_cbee435741a6,2,f715|A,25
data/DIPS-Plus/final/raw/qv/4qv3.pdb1_6.dill,train,component_434b4b95b4fb,2,f2795|A;f2796|H,5298
data/DIPS-Plus/final/raw/hr/2hrd.pdb1_8.dill,train,component_302a40209e0a,2,f19434|A,136
data/DIPS-Plus/final/raw/y0/2y0n.pdb1_7.dill,train,component_c7bff6de0423,2,f38670|A;f38671|E,16
data/DIPS-Plus/final/raw/c2/3c29.pdb1_0.dill,train,component_5a9b77a7b061,2,f22022|A,18
data/DIPS-Plus/final/raw/hb/1hbo.pdb1_9.dill,train,component_bc046b8ac8a0,2,f31153|G;f31154|I,27
data/DIPS-Plus/final/raw/dk/5dkj.pdb1_27.dill,train,component_434b4b95b4fb,2,f2796|H;f29073|G,5298
data/DIPS-Plus/final/raw/fm/4fmh.pdb2_4.dill,train,component_7c391b4877fe,2,f4670|D,115
data/DIPS-Plus/final/raw/nv/2nvl.pdb1_18.dill,train,component_96118546a2e5,2,f136|F,129
data/DIPS-Plus/final/raw/s2/3s2e.pdb2_3.dill,train,component_00312b433d12,2,f16699|A,65
data/DIPS-Plus/final/raw/y7/4y74.pdb1_5.dill,train,component_434b4b95b4fb,2,f2795|A,5298
data/DIPS-Plus/final/raw/vd/2vdi.pdb1_33.dill,train,component_26289733d6da,2,f29327|B,423
data/DIPS-Plus/final/raw/hi/2hit.pdb1_1.dill,train,component_83d04836fea7,2,f5266|M;f6540|H,147
data/DIPS-Plus/final/raw/j4/2j4u.pdb1_1.dill,train,component_bf8c1cfb23b9,2,f37929|D,32
data/DIPS-Plus/final/raw/g2/1g2o.pdb1_2.dill,train,component_1edebe88620c,2,f7305|A,45
data/DIPS-Plus/final/raw/g8/4g8j.pdb1_11.dill,train,component_302a40209e0a,2,f19434|A,136
data/DIPS-Plus/final/raw/n9/3n9u.pdb1_2.dill,train,component_35356aa61ce5,2,f19497|B;f21019|C,12
data/DIPS-Plus/final/raw/by/2bys.pdb1_0.dill,train,component_b41a5248b4e1,2,f30963|C,270
data/DIPS-Plus/final/raw/dh/3dhy.pdb1_1.dill,train,component_2e9f288dcf28,2,f5935|A,73
data/DIPS-Plus/final/raw/ag/4agi.pdb2_0.dill,train,component_b043afa2cf15,2,f947|A,4
data/DIPS-Plus/final/raw/fb/1fba.pdb1_0.dill,train,component_6bcdabe0dbbf,2,f25902|A,53
data/DIPS-Plus/final/raw/xs/1xsk.pdb1_7.dill,train,component_8f3cf5b9b5d8,2,f38415|A,27
data/DIPS-Plus/final/raw/uf/3ufx.pdb3_0.dill,train,component_a18ae443f010,2,f8026|A;f8026|B,25
data/DIPS-Plus/final/raw/c8/3c84.pdb1_3.dill,train,component_b41a5248b4e1,2,f30963|C,270
data/DIPS-Plus/final/raw/it/3ity.pdb1_3.dill,train,component_37d8b7994257,2,f19099|C,36
data/DIPS-Plus/final/raw/a9/1a9x.pdb2_0.dill,train,component_8beb8fb68c94,2,f19317|A;f3480|B,35
data/DIPS-Plus/final/raw/ge/3ge4.pdb1_2.dill,train,component_bc317fc21d10,2,f10447|A,167
data/DIPS-Plus/final/raw/t4/3t4c.pdb1_2.dill,train,component_279e342b360e,2,f16650|B,59
data/DIPS-Plus/final/raw/lz/3lz0.pdb1_8.dill,train,component_ac9b67d94fe0,2,f7892|E;f7893|G,540
data/DIPS-Plus/final/raw/j3/4j3f.pdb5_5.dill,train,component_df3872073053,2,f2927|A,228
data/DIPS-Plus/final/raw/b8/3b8d.pdb1_5.dill,train,component_6bcdabe0dbbf,2,f25902|A,53
data/DIPS-Plus/final/raw/as/3asn.pdb2_2.dill,train,component_37ee44355407,2,f19268|A;f699|D,252
data/DIPS-Plus/final/raw/ue/1ues.pdb2_0.dill,train,component_572e19caf78d,2,f1061|B,90
data/DIPS-Plus/final/raw/ym/2yme.pdb1_1.dill,train,component_b41a5248b4e1,2,f30963|C,270
data/DIPS-Plus/final/raw/k2/3k2w.pdb2_4.dill,train,component_a5ae5033bfd5,2,f2871|A,158
data/DIPS-Plus/final/raw/rg/3rgp.pdb1_0.dill,train,component_a11e21e9d011,2,f10539|A,208
data/DIPS-Plus/final/raw/eg/3egr.pdb1_0.dill,train,component_db05d7899951,2,f7495|A,1
data/DIPS-Plus/final/raw/xs/1xsi.pdb1_5.dill,train,component_8f3cf5b9b5d8,2,f38415|A,27
data/DIPS-Plus/final/raw/k6/3k6c.pdb1_11.dill,train,component_188c17f9a5cd,2,f17097|D,20
data/DIPS-Plus/final/raw/dx/2dxc.pdb1_37.dill,train,component_d97ae9e83559,2,f5626|H;f5627|J,213
data/DIPS-Plus/final/raw/ux/2ux0.pdb1_5.dill,train,component_4b75afe38a4c,2,f12769|E,27
data/DIPS-Plus/final/raw/jh/4jh5.pdb1_0.dill,train,component_c6bb5d7fa72f,2,f15906|B,19
data/DIPS-Plus/final/raw/vb/1vbd.pdb1_1.dill,train,component_43bde24ea006,2,f1074|2;f4009|A,157
data/DIPS-Plus/final/raw/jr/1jre.pdb1_9.dill,train,component_bc317fc21d10,2,f10447|A,167
data/DIPS-Plus/final/raw/ht/1hto.pdb1_14.dill,train,component_8e4f5fa9fcad,2,f13290|A,180
data/DIPS-Plus/final/raw/ir/3irm.pdb2_0.dill,train,component_b38398478740,2,f33464|A,61
data/DIPS-Plus/final/raw/nw/3nwl.pdb1_3.dill,train,component_a11e21e9d011,2,f10539|A,208
data/DIPS-Plus/final/raw/i5/2i5n.pdb1_4.dill,train,component_83d04836fea7,2,f5266|M;f6540|H,147
data/DIPS-Plus/final/raw/to/4to6.pdb1_1.dill,train,component_cbd647f8551e,2,f30343|B,53
data/DIPS-Plus/final/raw/pk/3pkz.pdb1_1.dill,train,component_460607ad9473,2,f24712|A,15
data/DIPS-Plus/final/raw/po/4pog.pdb2_2.dill,train,component_a7353d5cffd6,2,f24888|A,33
data/DIPS-Plus/final/raw/gk/4gk7.pdb1_101.dill,train,component_434b4b95b4fb,2,f2801|K;f2804|L,5298
data/DIPS-Plus/final/raw/fb/3fbn.pdb3_2.dill,train,component_abbe55ce8c1a,2,f8832|B,5
data/DIPS-Plus/final/raw/dd/2dd5.pdb1_8.dill,train,component_d97ae9e83559,2,f5626|H;f5627|J,213
data/DIPS-Plus/final/raw/f2/2f2s.pdb1_0.dill,train,component_49aec4dbd123,2,f3725|B,136
data/DIPS-Plus/final/raw/hi/4hi2.pdb1_24.dill,train,component_11c3bc574755,2,f12671|B,27
data/DIPS-Plus/final/raw/bh/2bhm.pdb3_0.dill,train,component_b3cf1d978436,2,f3885|A,3
data/DIPS-Plus/final/raw/a1/3a11.pdb1_6.dill,train,component_e1b7043032f9,2,f22|A,16
data/DIPS-Plus/final/raw/qn/1qni.pdb3_0.dill,train,component_23d320fe9896,2,f30887|D,5
data/DIPS-Plus/final/raw/ht/1hto.pdb2_16.dill,train,component_8e4f5fa9fcad,2,f13290|A,180
data/DIPS-Plus/final/raw/cv/2cv5.pdb1_3.dill,train,component_ac9b67d94fe0,2,f7892|E;f7893|G,540
data/DIPS-Plus/final/raw/qv/4qv5.pdb1_18.dill,train,component_434b4b95b4fb,2,f2795|A;f2801|K,5298
data/DIPS-Plus/final/raw/vw/3vwu.pdb1_10.dill,train,component_bac24c35451f,2,f16912|A,109
data/DIPS-Plus/final/raw/ei/2eiy.pdb1_0.dill,train,component_7e417d19bd9a,2,f7594|B,60
data/DIPS-Plus/final/raw/qv/4qv7.pdb1_75.dill,train,component_434b4b95b4fb,2,f2795|A;f2801|K,5298
data/DIPS-Plus/final/raw/l3/3l3s.pdb1_2.dill,train,component_7162c1fd9f33,2,f10044|A,66
data/DIPS-Plus/final/raw/fj/4fj0.pdb3_5.dill,train,component_71c3501043a3,2,f9776|A,99
data/DIPS-Plus/final/raw/f2/4f2v.pdb1_0.dill,train,component_b38398478740,2,f33464|A,61
data/DIPS-Plus/final/raw/xy/4xyc.pdb2_12.dill,train,component_8e4f5fa9fcad,2,f13290|A,180
data/DIPS-Plus/final/raw/lu/3lub.pdb1_1.dill,train,component_b4b283ee43a5,2,f18925|F,12
data/DIPS-Plus/final/raw/fs/4fs9.pdb1_0.dill,train,component_af9f399fd785,2,f9483|A,3
data/DIPS-Plus/final/raw/ie/2iel.pdb1_0.dill,train,component_17d70f981828,2,f14228|A,1
data/DIPS-Plus/final/raw/sq/1sqb.pdb1_22.dill,train,component_126d56e92e9e,2,f2317|F;f2318|G,292
data/DIPS-Plus/final/raw/c8/3c84.pdb1_1.dill,train,component_b41a5248b4e1,2,f30963|C,270
data/DIPS-Plus/final/raw/fw/1fwi.pdb1_1.dill,train,component_0a11b8cea135,2,f4045|C;f7217|A,68
data/DIPS-Plus/final/raw/pf/6pfk.pdb1_0.dill,train,component_21ea0051f7dd,2,f38630|A,31
data/DIPS-Plus/final/raw/qw/4qw5.pdb1_84.dill,train,component_434b4b95b4fb,2,f2795|A;f2796|H,5298
data/DIPS-Plus/final/raw/vd/3vdr.pdb1_4.dill,train,component_c0513e73238f,2,f34914|A,17
data/DIPS-Plus/final/raw/jq/3jq8.pdb1_0.dill,train,component_05639143620e,2,f35729|A,109
data/DIPS-Plus/final/raw/yb/2ybv.pdb1_30.dill,train,component_26289733d6da,2,f29327|B;f34169|F,423
data/DIPS-Plus/final/raw/z6/4z6m.pdb1_1.dill,train,component_e35e5c49c369,2,f10732|C,84
data/DIPS-Plus/final/raw/gd/3gdg.pdb1_2.dill,train,component_3fbe1534483e,2,f10389|A,59
data/DIPS-Plus/final/raw/qv/4qv7.pdb1_38.dill,train,component_434b4b95b4fb,2,f2797|I;f2804|L,5298
data/DIPS-Plus/final/raw/k0/1k0u.pdb2_1.dill,train,component_2e9f288dcf28,2,f5935|A,73
data/DIPS-Plus/final/raw/yd/1yde.pdb2_3.dill,train,component_c71ae5ce620a,2,f40117|F,36
data/DIPS-Plus/final/raw/ut/3utb.pdb1_8.dill,train,component_ac9b67d94fe0,2,f7892|E;f7893|G,540
data/DIPS-Plus/final/raw/o0/4o0f.pdb1_0.dill,train,component_a61b3af06fc8,2,f513|B,17
data/DIPS-Plus/final/raw/zr/4zru.pdb2_0.dill,train,component_b41a5248b4e1,2,f30963|C,270
data/DIPS-Plus/final/raw/qj/2qjn.pdb2_0.dill,train,component_948c92b4075f,2,f31682|A,90
data/DIPS-Plus/final/raw/j3/2j3o.pdb2_0.dill,train,component_97c2cd7a1636,2,f10713|B,123
data/DIPS-Plus/final/raw/nk/4nk9.pdb1_0.dill,train,component_6f8c89f7648d,2,f23975|B,36
data/DIPS-Plus/final/raw/yl/1ylk.pdb2_0.dill,train,component_b55a77ea0f47,2,f31857|A,18
data/DIPS-Plus/final/raw/f1/1f1h.pdb1_10.dill,train,component_8e4f5fa9fcad,2,f13290|A,180
data/DIPS-Plus/final/raw/b4/4b40.pdb1_5.dill,train,component_a11e21e9d011,2,f10539|A,208
data/DIPS-Plus/final/raw/w6/3w6g.pdb2_8.dill,train,component_96118546a2e5,2,f136|F,129
data/DIPS-Plus/final/raw/x0/1x0r.pdb1_9.dill,train,component_96118546a2e5,2,f136|F,129
data/DIPS-Plus/final/raw/un/3une.pdb1_45.dill,train,component_434b4b95b4fb,2,f2797|I;f2804|L,5298
data/DIPS-Plus/final/raw/sx/3sxr.pdb3_0.dill,train,component_6f8c89f7648d,2,f23975|B,36
data/DIPS-Plus/final/raw/qi/4qii.pdb1_11.dill,train,component_5f66579f0bba,2,f26102|B,64
data/DIPS-Plus/final/raw/xy/4xyc.pdb2_22.dill,train,component_8e4f5fa9fcad,2,f13290|A,180
data/DIPS-Plus/final/raw/n9/1n9s.pdb3_5.dill,train,component_d114c8e810d2,2,f8593|I,47
data/DIPS-Plus/final/raw/iy/1iye.pdb1_0.dill,train,component_7e417d19bd9a,2,f7594|B,60
data/DIPS-Plus/final/raw/fy/3fyu.pdb1_10.dill,train,component_f30f5193da3c,2,f19384|A,61
data/DIPS-Plus/final/raw/h4/4h4g.pdb1_3.dill,train,component_daeaa15c9da4,2,f2037|A,68
data/DIPS-Plus/final/raw/to/4to9.pdb1_7.dill,train,component_34e475982e70,2,f21297|P,468
data/DIPS-Plus/final/raw/dd/2dd4.pdb1_0.dill,train,component_d97ae9e83559,2,f5626|H;f5627|J,213
data/DIPS-Plus/final/raw/h4/4h4l.pdb2_0.dill,train,component_75741e942358,2,f2774|A,21
data/DIPS-Plus/final/raw/un/3une.pdb1_40.dill,train,component_434b4b95b4fb,2,f2801|K;f2804|L,5298
data/DIPS-Plus/final/raw/rs/4rsu.pdb1_7.dill,train,component_788dd125f09d,2,f503|A,65
data/DIPS-Plus/final/raw/lz/3lzs.pdb1_0.dill,train,component_3fd789c4cddc,2,f956|A,233
data/DIPS-Plus/final/raw/bn/4bnk.pdb2_3.dill,train,component_df3872073053,2,f2927|A,228
data/DIPS-Plus/final/raw/od/1odi.pdb1_0.dill,train,component_dab9bbfc1f61,2,f22889|A,83
data/DIPS-Plus/final/raw/eg/3egm.pdb1_2.dill,train,component_13909753b42e,2,f3175|A,203
data/DIPS-Plus/final/raw/mq/3mqt.pdb3_13.dill,train,component_fbe663e4e5fe,2,f20205|E,48
data/DIPS-Plus/final/raw/z6/4z6m.pdb1_2.dill,train,component_e35e5c49c369,2,f10732|C,84
data/DIPS-Plus/final/raw/ik/1ik4.pdb1_3.dill,train,component_de7ec3d858f8,2,f7464|A,25
data/DIPS-Plus/final/raw/ag/4agi.pdb1_0.dill,train,component_b043afa2cf15,2,f947|A,4
data/DIPS-Plus/final/raw/b8/2b8q.pdb1_1.dill,train,component_ed40f3402ed5,2,f38315|A,207
data/DIPS-Plus/final/raw/gt/1gtf.pdb1_4.dill,train,component_b93d01259209,2,f11380|M,68
data/DIPS-Plus/final/raw/z3/4z3w.pdb1_9.dill,train,component_85cc49ba4f67,2,f40973|F,21
data/DIPS-Plus/final/raw/mp/3mps.pdb5_1.dill,train,component_d174e74d7d71,2,f40665|B,29
data/DIPS-Plus/final/raw/nc/4nct.pdb5_0.dill,train,component_9693771b8eb5,2,f768|A,15
data/DIPS-Plus/final/raw/ya/1ya7.pdb1_5.dill,train,component_434b4b95b4fb,2,f16440|R;f2795|A,5298
data/DIPS-Plus/final/raw/is/3is8.pdb1_55.dill,train,component_34e475982e70,2,f21297|P,468
data/DIPS-Plus/final/raw/o7/2o7d.pdb1_2.dill,train,component_14a72bc1de07,2,f22443|A,24
data/DIPS-Plus/final/raw/s2/3s2e.pdb1_1.dill,train,component_00312b433d12,2,f16699|A,65
data/DIPS-Plus/final/raw/j4/2j4j.pdb1_0.dill,train,component_44edff6b2335,2,f15579|F,31
data/DIPS-Plus/final/raw/qu/3qu2.pdb6_2.dill,train,component_24768e8d241e,2,f28368|B,14
data/DIPS-Plus/final/raw/dw/3dwq.pdb1_3.dill,train,component_680ddab26798,2,f6520|C,5
data/DIPS-Plus/final/raw/hg/1hg0.pdb1_4.dill,train,component_94b837ffbcc7,2,f24449|1,44
data/DIPS-Plus/final/raw/cg/5cgg.pdb1_35.dill,train,component_434b4b95b4fb,2,f2796|H;f4169|M,5298
data/DIPS-Plus/final/raw/is/3is8.pdb1_58.dill,train,component_34e475982e70,2,f21297|P,468
data/DIPS-Plus/final/raw/p0/3p0e.pdb1_0.dill,train,component_e28fafff9cca,2,f17764|B,12
data/DIPS-Plus/final/raw/um/4uma.pdb1_4.dill,train,component_2248216eb295,2,f22926|D,34
data/DIPS-Plus/final/raw/y7/4y77.pdb1_24.dill,train,component_434b4b95b4fb,2,f2795|A;f4169|M,5298
data/DIPS-Plus/final/raw/pa/2pa6.pdb2_0.dill,train,component_635a78a87c29,2,f26912|B,25
data/DIPS-Plus/final/raw/bm/3bmc.pdb1_1.dill,train,component_05639143620e,2,f35729|A,109
data/DIPS-Plus/final/raw/nz/1nzb.pdb1_2.dill,train,component_5a9b77a7b061,2,f22022|A,18
data/DIPS-Plus/final/raw/sw/1swc.pdb1_5.dill,train,component_1c20fc5dbb94,2,f2215|A,117
data/DIPS-Plus/final/raw/og/1ogk.pdb2_0.dill,train,component_4ed6968e5611,2,f22943|E,3
data/DIPS-Plus/final/raw/ub/2ubp.pdb2_2.dill,train,component_0a11b8cea135,2,f4045|C;f7217|A,68
data/DIPS-Plus/final/raw/sf/1sfc.pdb1_5.dill,train,component_106141c15917,2,f20785|C;f30933|D,47
data/DIPS-Plus/final/raw/th/1th7.pdb1_5.dill,train,component_37decb0b4472,2,f31907|A,63
data/DIPS-Plus/final/raw/ow/2owg.pdb1_0.dill,train,component_2182888097fe,2,f6427|A,39
data/DIPS-Plus/final/raw/v5/3v5i.pdb2_28.dill,train,component_1ec8d5ee7899,2,f31896|E,232
data/DIPS-Plus/final/raw/n5/3n5f.pdb1_0.dill,train,component_bd6c0d186d21,2,f28903|A,5
data/DIPS-Plus/final/raw/na/4nah.pdb1_11.dill,train,component_40a8bd2c7c31,2,f21062|B,37
data/DIPS-Plus/final/raw/qx/4qxj.pdb1_31.dill,train,component_434b4b95b4fb,2,f2796|H,5298
data/DIPS-Plus/final/raw/qw/4qwl.pdb1_88.dill,train,component_434b4b95b4fb,2,f2801|K;f29082|K,5298
data/DIPS-Plus/final/raw/ru/4rub.pdb1_7.dill,train,component_26289733d6da,2,f29327|B;f34169|F,423
data/DIPS-Plus/final/raw/zn/2zny.pdb5_11.dill,train,component_380c0d9a670b,2,f13976|A,12
data/DIPS-Plus/final/raw/jt/4jt0.pdb1_51.dill,train,component_434b4b95b4fb,2,f2796|H;f4169|M,5298
data/DIPS-Plus/final/raw/mi/3mi0.pdb1_58.dill,train,component_227343122cc0,2,f19832|R,238
data/DIPS-Plus/final/raw/u4/3u49.pdb1_0.dill,train,component_c0513e73238f,2,f34914|A,17
data/DIPS-Plus/final/raw/wn/1wnc.pdb3_2.dill,train,component_d8b1f030b3b5,2,f36745|B,13
data/DIPS-Plus/final/raw/bd/3bdm.pdb1_6.dill,train,component_434b4b95b4fb,2,f2804|L;f4169|M,5298
data/DIPS-Plus/final/raw/pg/3pg9.pdb2_5.dill,train,component_de54e493f859,2,f35406|A,19
data/DIPS-Plus/final/raw/ll/3lls.pdb1_0.dill,train,component_c7dda0295b0b,2,f18640|A,130
data/DIPS-Plus/final/raw/zl/2zl3.pdb1_30.dill,train,component_1ec8d5ee7899,2,f31896|E,232
data/DIPS-Plus/final/raw/vf/2vfi.pdb1_0.dill,train,component_c881404517be,2,f34234|A,58
data/DIPS-Plus/final/raw/xr/2xr8.pdb4_11.dill,train,component_cc2db7ce7b0d,2,f10306|A;f38348|B,188
data/DIPS-Plus/final/raw/cd/3cd5.pdb1_5.dill,train,component_ec878626cba7,2,f3972|A,66
data/DIPS-Plus/final/raw/is/3is8.pdb1_70.dill,train,component_34e475982e70,2,f21297|P,468
data/DIPS-Plus/final/raw/dh/2dhh.pdb1_1.dill,train,component_fb9bcd7a2984,2,f10753|B,33
data/DIPS-Plus/final/raw/vh/1vhw.pdb1_6.dill,train,component_dab9bbfc1f61,2,f22889|A,83
data/DIPS-Plus/final/raw/cp/5cpi.pdb1_16.dill,train,component_ac9b67d94fe0,2,f7890|H;f7893|G,540
data/DIPS-Plus/final/raw/ad/4adc.pdb2_0.dill,train,component_be8acbd77c05,2,f33917|C,30
data/DIPS-Plus/final/raw/sx/1sx4.pdb1_6.dill,train,component_99d8a06d10be,2,f24591|A,184
data/DIPS-Plus/final/raw/qz/4qzx.pdb1_45.dill,train,component_434b4b95b4fb,2,f2801|K;f29082|K,5298
data/DIPS-Plus/final/raw/hk/3hk7.pdb4_2.dill,train,component_405c40615978,2,f12792|A,25
data/DIPS-Plus/final/raw/z7/1z76.pdb1_0.dill,train,component_ac5b27933711,2,f1221|A,56
data/DIPS-Plus/final/raw/ih/4ihf.pdb3_18.dill,train,component_30a5eed3b2c3,2,f7174|B,93
data/DIPS-Plus/final/raw/e1/3e1q.pdb1_10.dill,train,component_34e475982e70,2,f21297|P,468
data/DIPS-Plus/final/raw/to/4to9.pdb1_67.dill,train,component_34e475982e70,2,f21297|P,468
data/DIPS-Plus/final/raw/bo/5bou.pdb1_13.dill,train,component_434b4b95b4fb,2,f2795|A;f2796|H,5298
data/DIPS-Plus/final/raw/pu/3pux.pdb1_1.dill,train,component_2007ca0101c7,2,f25140|G;f9906|1,117
data/DIPS-Plus/final/raw/dr/4dra.pdb1_4.dill,train,component_87b198b786d9,2,f6330|H;f6331|C,7
data/DIPS-Plus/final/raw/ya/4ya3.pdb1_42.dill,train,component_434b4b95b4fb,2,f2801|K;f29082|K,5298
data/DIPS-Plus/final/raw/jq/1jqy.pdb2_0.dill,train,component_1f1c38cca328,2,f18896|F,98
data/DIPS-Plus/final/raw/cf/3cf0.pdb1_6.dill,train,component_8ac00dd3fef8,2,f17297|F,16
data/DIPS-Plus/final/raw/g0/1g0u.pdb1_62.dill,train,component_434b4b95b4fb,2,f2795|A;f2797|I,5298
data/DIPS-Plus/final/raw/fz/4fzc.pdb1_64.dill,train,component_434b4b95b4fb,2,f2795|A,5298
data/DIPS-Plus/final/raw/sm/3smh.pdb1_0.dill,train,component_248bfb806704,2,f7248|A,37
data/DIPS-Plus/final/raw/wg/3wg7.pdb1_18.dill,train,component_37ee44355407,2,f19269|C;f22683|T,252
data/DIPS-Plus/final/raw/qd/4qdl.pdb1_1.dill,train,component_4b0edd61ead8,2,f25941|F;f6291|J,19
data/DIPS-Plus/final/raw/al/4alk.pdb1_3.dill,train,component_df3872073053,2,f2927|A,228
data/DIPS-Plus/final/raw/tu/1tuy.pdb1_0.dill,train,component_2aab03266f74,2,f14417|E,6
data/DIPS-Plus/final/raw/y8/4y8q.pdb1_28.dill,train,component_434b4b95b4fb,2,f2795|A;f2796|H,5298
data/DIPS-Plus/final/raw/a5/2a59.pdb1_0.dill,train,component_cadf81625f43,2,f3575|A,95
data/DIPS-Plus/final/raw/fl/3flp.pdb1_2.dill,train,component_fe4cbb351363,2,f9155|A,28
data/DIPS-Plus/final/raw/bk/3bkn.pdb1_23.dill,train,component_34e475982e70,2,f21297|P,468
data/DIPS-Plus/final/raw/yb/2ybv.pdb1_31.dill,train,component_26289733d6da,2,f29327|B;f34169|F,423
data/DIPS-Plus/final/raw/a3/4a3g.pdb1_4.dill,train,component_5c83bf74bad8,2,f11473|A;f3543|F,407
data/DIPS-Plus/final/raw/ep/1epx.pdb1_2.dill,train,component_6bcdabe0dbbf,2,f25902|A,53
data/DIPS-Plus/final/raw/r8/2r8y.pdb3_0.dill,train,component_a65200ab998f,2,f21077|C,59
data/DIPS-Plus/final/raw/dx/2dxb.pdb2_14.dill,train,component_d97ae9e83559,2,f5626|H;f913|A,213
data/DIPS-Plus/final/raw/cs/4csf.pdb4_0.dill,train,component_2ea40a82b6ae,2,f4830|K,28
data/DIPS-Plus/final/raw/cv/4cv0.pdb1_0.dill,train,component_df3872073053,2,f2927|A,228
data/DIPS-Plus/final/raw/el/3elh.pdb2_0.dill,train,component_ed40f3402ed5,2,f38315|A,207
data/DIPS-Plus/final/raw/y8/4y81.pdb1_94.dill,train,component_434b4b95b4fb,2,f2801|K;f2804|L,5298
data/DIPS-Plus/final/raw/fz/4fzc.pdb1_97.dill,train,component_434b4b95b4fb,2,f2804|L;f4169|M,5298
data/DIPS-Plus/final/raw/pj/4pj1.pdb1_30.dill,train,component_99d8a06d10be,2,f24591|A,184
data/DIPS-Plus/final/raw/km/3kml.pdb1_4.dill,train,component_620f3c03a77c,2,f17505|A,17
data/DIPS-Plus/final/raw/tt/3tth.pdb13_1.dill,train,component_ab96116ec5ce,2,f16171|A,36
data/DIPS-Plus/final/raw/nd/1nd4.pdb1_0.dill,train,component_2007ca0101c7,2,f10903|F,117
data/DIPS-Plus/final/raw/bk/2bk6.pdb1_5.dill,train,component_614b434b39fd,2,f33438|G,199
data/DIPS-Plus/final/raw/h4/4h4l.pdb2_4.dill,train,component_75741e942358,2,f2774|A,21
data/DIPS-Plus/final/raw/p7/4p75.pdb1_2.dill,train,component_b3fc054d239a,2,f24118|A;f29781|C,17
data/DIPS-Plus/final/raw/ga/1gav.pdb1_59.dill,train,component_eec1106aefa3,2,f1310|A,112
data/DIPS-Plus/final/raw/tu/3tu4.pdb2_17.dill,train,component_ac9b67d94fe0,2,f19329|D;f7892|E,540
data/DIPS-Plus/final/raw/uw/1uwa.pdb1_45.dill,train,component_26289733d6da,2,f29327|B;f34169|F,423
data/DIPS-Plus/final/raw/gg/1ggf.pdb1_4.dill,train,component_a11e21e9d011,2,f10539|A,208
data/DIPS-Plus/final/raw/hf/3hf9.pdb2_55.dill,train,component_227343122cc0,2,f19832|R;f19841|F,238
data/DIPS-Plus/final/raw/hi/4hi2.pdb1_29.dill,train,component_11c3bc574755,2,f12671|B,27
data/DIPS-Plus/final/raw/x9/4x9e.pdb1_7.dill,train,component_91c1527a713a,2,f37823|C,18
data/DIPS-Plus/final/raw/to/4to5.pdb1_2.dill,train,component_cbd647f8551e,2,f30343|B,53
data/DIPS-Plus/final/raw/gg/1gg9.pdb1_4.dill,train,component_a11e21e9d011,2,f10539|A,208
data/DIPS-Plus/final/raw/z6/4z6u.pdb1_5.dill,train,component_e35e5c49c369,2,f10732|C,84
data/DIPS-Plus/final/raw/pm/3pmr.pdb1_0.dill,train,component_788dd125f09d,2,f25711|A,65
data/DIPS-Plus/final/raw/kg/4kgc.pdb1_19.dill,train,component_ac9b67d94fe0,2,f19329|D;f7890|H,540
data/DIPS-Plus/final/raw/gk/4gkk.pdb1_16.dill,train,component_ae35e83b72ed,2,f1363|K;f1363|R,62
data/DIPS-Plus/final/raw/ql/4qlt.pdb1_40.dill,train,component_434b4b95b4fb,2,f29082|K,5298
data/DIPS-Plus/final/raw/su/1su5.pdb1_0.dill,train,component_c881404517be,2,f34234|A,58
data/DIPS-Plus/final/raw/a5/3a5w.pdb1_16.dill,train,component_96118546a2e5,2,f136|F,129
data/DIPS-Plus/final/raw/qu/2quy.pdb2_2.dill,train,component_d8a86791689a,2,f25188|E,25
data/DIPS-Plus/final/raw/s1/3s1a.pdb1_4.dill,train,component_37f0b5ae4539,2,f16826|F,60
data/DIPS-Plus/final/raw/ru/4rur.pdb1_0.dill,train,component_434b4b95b4fb,2,f2795|A,5298
data/DIPS-Plus/final/raw/to/3tos.pdb2_1.dill,train,component_00b2b89f271a,2,f32159|B,89
data/DIPS-Plus/final/raw/dj/4dj2.pdb2_0.dill,train,component_46d83988690b,2,f36138|B,3
data/DIPS-Plus/final/raw/eo/3eoy.pdb2_1.dill,train,component_dbee5830573a,2,f30822|B,27
data/DIPS-Plus/final/raw/l7/3l75.pdb1_37.dill,train,component_126d56e92e9e,2,f2180|E;f2314|A,292
data/DIPS-Plus/final/raw/jq/3jqo.pdb1_75.dill,train,component_3f95699cb5e0,2,f16295|B;f16329|J,88
data/DIPS-Plus/final/raw/qw/3qw4.pdb1_0.dill,train,component_5ffe4728a253,2,f27683|C,3
data/DIPS-Plus/final/raw/y8/4y8q.pdb1_42.dill,train,component_434b4b95b4fb,2,f2801|K;f2804|L,5298
data/DIPS-Plus/final/raw/hr/4hrd.pdb1_38.dill,train,component_434b4b95b4fb,2,f2797|I;f2804|L,5298
data/DIPS-Plus/final/raw/j3/1j3n.pdb1_0.dill,train,component_a97e6d8a06f7,2,f35742|A,33
data/DIPS-Plus/final/raw/cp/3cpw.pdb1_0.dill,train,component_1ba2a79cf448,2,f35806|R;f3896|2,50
data/DIPS-Plus/final/raw/zl/2zl3.pdb1_34.dill,train,component_1ec8d5ee7899,2,f31896|E,232
data/DIPS-Plus/final/raw/xg/1xg3.pdb1_0.dill,train,component_4791ef52834e,2,f30607|A,27
data/DIPS-Plus/final/raw/ns/4nsl.pdb1_3.dill,train,component_5b1c4925b35f,2,f25091|B,20
data/DIPS-Plus/final/raw/mk/3mki.pdb3_1.dill,train,component_c07c99902265,2,f9697|B,32
data/DIPS-Plus/final/raw/ge/3ge4.pdb1_8.dill,train,component_bc317fc21d10,2,f10447|A,167
data/DIPS-Plus/final/raw/dn/4dno.pdb2_0.dill,train,component_f416150ca5fa,2,f19520|A,9
data/DIPS-Plus/final/raw/y8/4y8u.pdb1_29.dill,train,component_434b4b95b4fb,2,f2795|A;f29073|G,5298
data/DIPS-Plus/final/raw/jt/4jt0.pdb1_84.dill,train,component_434b4b95b4fb,2,f2796|H;f29073|G,5298
data/DIPS-Plus/final/raw/y8/4y81.pdb1_20.dill,train,component_434b4b95b4fb,2,f2795|A;f2801|K,5298
data/DIPS-Plus/final/raw/hy/3hye.pdb1_89.dill,train,component_434b4b95b4fb,2,f2797|I;f29082|K,5298
data/DIPS-Plus/final/raw/r4/1r4q.pdb3_4.dill,train,component_d4b18a678d13,2,f10247|A;f10247|B,73
data/DIPS-Plus/final/raw/u6/4u60.pdb1_3.dill,train,component_7c391b4877fe,2,f4670|D,115
data/DIPS-Plus/final/raw/qw/4qw1.pdb1_31.dill,train,component_434b4b95b4fb,2,f2796|H;f2797|I,5298
data/DIPS-Plus/final/raw/un/3une.pdb2_48.dill,train,component_434b4b95b4fb,2,f2796|H;f29073|G,5298
data/DIPS-Plus/final/raw/df/2dfd.pdb3_1.dill,train,component_f2bab4f7d4cf,2,f5812|A,25
data/DIPS-Plus/final/raw/au/3aus.pdb1_0.dill,train,component_6a138b8472f5,2,f35899|A,62
data/DIPS-Plus/final/raw/hz/2hzk.pdb2_0.dill,train,component_e22fb115d066,2,f13623|D,2
data/DIPS-Plus/final/raw/mm/4mmr.pdb1_0.dill,train,component_740fa7bb1c69,2,f29881|A,24
data/DIPS-Plus/final/raw/um/1umn.pdb1_2.dill,train,component_614b434b39fd,2,f33438|G,199
data/DIPS-Plus/final/raw/rs/4rsu.pdb2_7.dill,train,component_788dd125f09d,2,f30104|J;f503|A,65
data/DIPS-Plus/final/raw/id/1id3.pdb1_0.dill,train,component_ac9b67d94fe0,2,f7890|H;f7893|G,540
data/DIPS-Plus/final/raw/ef/1efl.pdb1_4.dill,train,component_e700c27a7308,2,f18619|A,55
data/DIPS-Plus/final/raw/e8/2e85.pdb1_0.dill,train,component_ca5a7424ed74,2,f7186|B,1
data/DIPS-Plus/final/raw/ag/5agn.pdb1_0.dill,train,component_84c7923e0c4e,2,f5160|A,130
data/DIPS-Plus/final/raw/h3/3h3f.pdb2_4.dill,train,component_bd21bbc9c2d7,2,f1048|D,197
data/DIPS-Plus/final/raw/j5/2j5i.pdb2_4.dill,train,component_d8f5fd979c61,2,f28738|A,45
data/DIPS-Plus/final/raw/tt/1tt7.pdb1_11.dill,train,component_c7f574c92044,2,f16758|A,26
data/DIPS-Plus/final/raw/y7/4y7y.pdb1_80.dill,train,component_434b4b95b4fb,2,f2795|A;f2804|L,5298
data/DIPS-Plus/final/raw/gq/1gq2.pdb3_3.dill,train,component_e700c27a7308,2,f18619|A,55
data/DIPS-Plus/final/raw/ao/2ao9.pdb2_6.dill,train,component_545cbc3d64b2,2,f1251|C,18
data/DIPS-Plus/final/raw/zs/1zsp.pdb1_0.dill,train,component_572e19caf78d,2,f1061|B,90
data/DIPS-Plus/final/raw/un/3unb.pdb1_19.dill,train,component_434b4b95b4fb,2,f2795|A,5298
data/DIPS-Plus/final/raw/it/4itt.pdb1_13.dill,train,component_cd38d549f724,2,f14889|D,85
data/DIPS-Plus/final/raw/rg/2rgk.pdb1_9.dill,train,component_49cca1b11936,2,f29718|A,18
data/DIPS-Plus/final/raw/uw/1uw6.pdb1_3.dill,train,component_b41a5248b4e1,2,f30963|C,270
data/DIPS-Plus/final/raw/we/1wek.pdb1_3.dill,train,component_027837dcdb5f,2,f36361|A,14
data/DIPS-Plus/final/raw/ru/4rur.pdb1_45.dill,train,component_434b4b95b4fb,2,f2801|K;f29082|K,5298
data/DIPS-Plus/final/raw/re/3re7.pdb1_50.dill,train,component_b132faf248c3,2,f8960|A,166
data/DIPS-Plus/final/raw/v5/1v54.pdb1_20.dill,train,component_37ee44355407,2,f19269|C;f22683|T,252
data/DIPS-Plus/final/raw/hr/4hrd.pdb1_85.dill,train,component_434b4b95b4fb,2,f2796|H;f2797|I,5298
data/DIPS-Plus/final/raw/dx/2dxb.pdb2_23.dill,train,component_d97ae9e83559,2,f5626|H;f5627|J,213
data/DIPS-Plus/final/raw/gp/3gpw.pdb1_62.dill,train,component_434b4b95b4fb,2,f2795|A,5298
data/DIPS-Plus/final/raw/eu/2eu1.pdb2_9.dill,train,component_99d8a06d10be,2,f24591|A,184
data/DIPS-Plus/final/raw/zr/1zru.pdb1_2.dill,train,component_3c29dcddbe5c,2,f41820|C,3
data/DIPS-Plus/final/raw/n6/1n6e.pdb1_10.dill,train,component_b98210390328,2,f16968|A,36
data/DIPS-Plus/final/raw/f7/1f73.pdb1_3.dill,train,component_80b1933fae7b,2,f36770|A,73
data/DIPS-Plus/final/raw/ht/1hto.pdb1_20.dill,train,component_8e4f5fa9fcad,2,f13290|A,180
data/DIPS-Plus/final/raw/ad/4add.pdb2_0.dill,train,component_be8acbd77c05,2,f33917|C,30
data/DIPS-Plus/final/raw/ms/1msm.pdb1_0.dill,train,component_3fd789c4cddc,2,f956|A,233
data/DIPS-Plus/final/raw/gt/1gtf.pdb1_7.dill,train,component_b93d01259209,2,f11380|M,68
data/DIPS-Plus/final/raw/m5/1m57.pdb1_4.dill,train,component_37ee44355407,2,f19269|C;f19270|D,252
data/DIPS-Plus/final/raw/qv/4qv3.pdb1_72.dill,train,component_434b4b95b4fb,2,f2795|A;f29082|K,5298
data/DIPS-Plus/final/raw/oz/3ozm.pdb1_0.dill,train,component_40aa8c7351b5,2,f24918|B,40
data/DIPS-Plus/final/raw/x9/4x9e.pdb1_11.dill,train,component_91c1527a713a,2,f37823|C,18
data/DIPS-Plus/final/raw/et/4etg.pdb1_1.dill,train,component_c34aab602920,2,f10342|A,67
data/DIPS-Plus/final/raw/y7/4y77.pdb1_73.dill,train,component_434b4b95b4fb,2,f2795|A;f2797|I,5298
data/DIPS-Plus/final/raw/ky/1ky5.pdb1_4.dill,train,component_2e9f288dcf28,2,f5935|A,73
data/DIPS-Plus/final/raw/ya/4ya0.pdb1_59.dill,train,component_434b4b95b4fb,2,f2795|A,5298
data/DIPS-Plus/final/raw/fu/2fu4.pdb1_0.dill,train,component_a894353d2354,2,f9523|A,3
data/DIPS-Plus/final/raw/hz/4hz5.pdb10_1.dill,train,component_5b9d9d81f18a,2,f41538|D,13
data/DIPS-Plus/final/raw/n2/3n2s.pdb1_0.dill,train,component_b2335c58a984,2,f20577|A,1
data/DIPS-Plus/final/raw/vp/2vp5.pdb1_0.dill,train,component_84ac4035c86c,2,f41451|A,33
data/DIPS-Plus/final/raw/ru/4rur.pdb1_78.dill,train,component_434b4b95b4fb,2,f2795|A;f2804|L,5298
data/DIPS-Plus/final/raw/r8/3r89.pdb1_0.dill,train,component_5ffe4728a253,2,f27683|C,3
data/DIPS-Plus/final/raw/ht/1hto.pdb1_15.dill,train,component_8e4f5fa9fcad,2,f13290|A,180
data/DIPS-Plus/final/raw/fh/4fha.pdb1_0.dill,train,component_1c812e6f73c7,2,f9038|A,31
data/DIPS-Plus/final/raw/zz/3zzn.pdb1_3.dill,train,component_bd21bbc9c2d7,2,f1048|D,197
data/DIPS-Plus/final/raw/ux/2uxc.pdb1_5.dill,train,component_f29742d67d58,2,f1362|N;f1365|C,80
data/DIPS-Plus/final/raw/a3/4a3d.pdb1_4.dill,train,component_5c83bf74bad8,2,f11473|A;f3543|F,407
data/DIPS-Plus/final/raw/u8/3u8k.pdb2_0.dill,train,component_b41a5248b4e1,2,f30963|C,270
data/DIPS-Plus/final/raw/ia/3ias.pdb2_14.dill,train,component_f12a7ad4c5c8,2,f12304|F;f12307|O,98
data/DIPS-Plus/final/raw/gy/3gyg.pdb1_0.dill,train,component_96d897369d23,2,f11718|A,1
data/DIPS-Plus/final/raw/qw/4qwj.pdb1_25.dill,train,component_434b4b95b4fb,2,f2795|A;f29073|G,5298
data/DIPS-Plus/final/raw/hr/4hrd.pdb1_54.dill,train,component_434b4b95b4fb,2,f2796|H,5298
data/DIPS-Plus/final/raw/it/4itt.pdb1_5.dill,train,component_cd38d549f724,2,f14889|D,85
data/DIPS-Plus/final/raw/qw/4qwl.pdb1_91.dill,train,component_434b4b95b4fb,2,f2796|H;f4169|M,5298
data/DIPS-Plus/final/raw/zc/2zc3.pdb1_0.dill,train,component_2d796ecbed54,2,f41294|A;f41296|E,8
data/DIPS-Plus/final/raw/bq/5bqa.pdb1_0.dill,train,component_74ba21515612,2,f2899|B,32
data/DIPS-Plus/final/raw/gh/1gh0.pdb4_3.dill,train,component_2bafc3b54369,2,f34591|A,203
data/DIPS-Plus/final/raw/a4/1a4z.pdb1_5.dill,train,component_b303ed22c9ea,2,f12175|A,165
data/DIPS-Plus/final/raw/qv/4qvq.pdb1_25.dill,train,component_434b4b95b4fb,2,f2795|A;f29073|G,5298
data/DIPS-Plus/final/raw/iu/2iub.pdb2_3.dill,train,component_ad983fa269a7,2,f13677|B,20
data/DIPS-Plus/final/raw/cq/4cqm.pdb3_3.dill,train,component_71c3501043a3,2,f9776|A,99
data/DIPS-Plus/final/raw/mq/3mqt.pdb2_10.dill,train,component_fbe663e4e5fe,2,f20205|E,48
data/DIPS-Plus/final/raw/tb/1tb3.pdb3_3.dill,train,component_b56ca64d848d,2,f31420|A,21
data/DIPS-Plus/final/raw/x1/4x1y.pdb1_6.dill,train,component_f1033560f5a9,2,f30438|E;f3096|A,49
data/DIPS-Plus/final/raw/g2/1g2v.pdb1_0.dill,train,component_a49032d130ba,2,f1918|A,67
data/DIPS-Plus/final/raw/ya/4ya3.pdb1_39.dill,train,component_434b4b95b4fb,2,f2797|I;f2804|L,5298
data/DIPS-Plus/final/raw/f2/4f2d.pdb2_1.dill,train,component_c3bc8c0ad27b,2,f28865|A,30
data/DIPS-Plus/final/raw/v5/1v54.pdb1_19.dill,train,component_37ee44355407,2,f1406|S;f19269|C,252
data/DIPS-Plus/final/raw/o3/3o3n.pdb2_0.dill,train,component_20ad9c09f63a,2,f22328|C;f22329|B,2
data/DIPS-Plus/final/raw/r0/4r02.pdb1_29.dill,train,component_434b4b95b4fb,2,f2795|A;f2796|H,5298
data/DIPS-Plus/final/raw/iy/4iym.pdb1_4.dill,train,component_b303ed22c9ea,2,f12175|A,165
data/DIPS-Plus/final/raw/f3/1f3w.pdb2_4.dill,train,component_f9e0ba46df49,2,f31508|A,100
data/DIPS-Plus/final/raw/qw/4qwl.pdb1_87.dill,train,component_434b4b95b4fb,2,f2797|I;f29082|K,5298
data/DIPS-Plus/final/raw/ck/3cke.pdb1_1.dill,train,component_567e6a45db1f,2,f22598|D,24
data/DIPS-Plus/final/raw/y8/4y8i.pdb1_48.dill,train,component_434b4b95b4fb,2,f2801|K;f29082|K,5298
data/DIPS-Plus/final/raw/hw/3hws.pdb1_3.dill,train,component_d2d3aa5471d0,2,f13435|A,10
data/DIPS-Plus/final/raw/pt/3pto.pdb1_4.dill,train,component_e7f78b8d7541,2,f12595|N,64
data/DIPS-Plus/final/raw/ai/5aix.pdb2_0.dill,train,component_bf080fa75e5c,2,f23139|A,54
data/DIPS-Plus/final/raw/re/3rel.pdb1_8.dill,train,component_ac9b67d94fe0,2,f7892|E;f7893|G,540
data/DIPS-Plus/final/raw/aj/1ajn.pdb1_0.dill,train,component_f6cdd67be66f,2,f6972|A;f6972|B,13
data/DIPS-Plus/final/raw/fz/4fzc.pdb1_55.dill,train,component_434b4b95b4fb,2,f2796|H;f4169|M,5298
data/DIPS-Plus/final/raw/u1/1u15.pdb1_2.dill,train,component_bc632c4ac5e9,2,f7220|B,31
data/DIPS-Plus/final/raw/yk/1yko.pdb1_19.dill,train,component_fbbd8ff1594b,2,f3131|B,134
data/DIPS-Plus/final/raw/nj/1nji.pdb1_7.dill,train,component_d0b1705c8b0d,2,f1198|A;f1198|E,61
data/DIPS-Plus/final/raw/ox/2ox4.pdb1_2.dill,train,component_d31dd9e68a46,2,f23658|C,57
data/DIPS-Plus/final/raw/ra/1raf.pdb1_2.dill,train,component_682cfaf7b9cd,2,f19|A;f977|B,88
data/DIPS-Plus/final/raw/zq/1zq1.pdb1_1.dill,train,component_106abb282a97,2,f5394|A;f5396|D,10
data/DIPS-Plus/final/raw/oi/3oix.pdb1_2.dill,train,component_f5a299e7e370,2,f7458|B,31
data/DIPS-Plus/final/raw/jo/1jof.pdb2_3.dill,train,component_ba88e41a3569,2,f16220|E,4
data/DIPS-Plus/final/raw/ib/2ibw.pdb1_4.dill,train,component_49aec4dbd123,2,f3725|B,136
data/DIPS-Plus/final/raw/zm/4zmc.pdb1_0.dill,train,component_cd38d549f724,2,f14889|D,85
data/DIPS-Plus/final/raw/uu/2uul.pdb2_1.dill,train,component_2bafc3b54369,2,f18666|B;f34591|A,203
data/DIPS-Plus/final/raw/fa/2fak.pdb1_0.dill,train,component_434b4b95b4fb,2,f2796|H;f4169|M,5298
data/DIPS-Plus/final/raw/lk/1lk5.pdb1_3.dill,train,component_13210147afb3,2,f8611|A,23
data/DIPS-Plus/final/raw/ok/3okj.pdb1_6.dill,train,component_434b4b95b4fb,2,f2804|L;f4169|M,5298
data/DIPS-Plus/final/raw/vq/1vqp.pdb1_14.dill,train,component_7eb1d587866b,2,f12174|D;f3893|M,36
data/DIPS-Plus/final/raw/bo/5bou.pdb1_39.dill,train,component_434b4b95b4fb,2,f2801|K;f29082|K,5298
data/DIPS-Plus/final/raw/tr/1tr1.pdb1_3.dill,train,component_60e50b43a481,2,f6817|B,29
data/DIPS-Plus/final/raw/c3/4c3i.pdb1_7.dill,train,component_5c83bf74bad8,2,f3529|A;f3531|I,407
data/DIPS-Plus/final/raw/a2/3a2v.pdb1_19.dill,train,component_96118546a2e5,2,f136|F,129
data/DIPS-Plus/final/raw/gu/4gun.pdb2_4.dill,train,component_572e19caf78d,2,f1061|B,90
data/DIPS-Plus/final/raw/cw/1cwp.pdb1_0.dill,train,component_3af33baf0ef3,2,f16493|C,4
data/DIPS-Plus/final/raw/un/3une.pdb1_85.dill,train,component_434b4b95b4fb,2,f2801|K;f2804|L,5298
data/DIPS-Plus/final/raw/bu/1bux.pdb1_2.dill,train,component_ed40f3402ed5,2,f38315|A,207
data/DIPS-Plus/final/raw/bz/2bzr.pdb1_4.dill,train,component_e7e5159aa329,2,f14039|A,64
data/DIPS-Plus/final/raw/is/3is8.pdb1_5.dill,train,component_34e475982e70,2,f21297|P,468
data/DIPS-Plus/final/raw/qw/4qwj.pdb1_16.dill,train,component_434b4b95b4fb,2,f2795|A,5298
data/DIPS-Plus/final/raw/vd/3vd3.pdb1_3.dill,train,component_1dbb8bb845fd,2,f22658|A,94
data/DIPS-Plus/final/raw/d4/3d46.pdb5_8.dill,train,component_bff7bab1254c,2,f5298|E,21
data/DIPS-Plus/final/raw/nj/1nji.pdb1_12.dill,train,component_5ec79613834f,2,f1203|B;f3892|J,30
data/DIPS-Plus/final/raw/p0/3p0e.pdb2_0.dill,train,component_e28fafff9cca,2,f17764|B,12
data/DIPS-Plus/final/raw/m1/1m18.pdb1_5.dill,train,component_ac9b67d94fe0,2,f7890|H;f7892|E,540
data/DIPS-Plus/final/raw/vx/2vxi.pdb1_17.dill,train,component_34e475982e70,2,f21297|P,468
data/DIPS-Plus/final/raw/z7/2z76.pdb1_0.dill,train,component_1bee9d4aef12,2,f41131|A,2
data/DIPS-Plus/final/raw/d4/4d46.pdb1_0.dill,train,component_df3872073053,2,f2927|A,228
data/DIPS-Plus/final/raw/o6/1o68.pdb2_1.dill,train,component_57c8e6134f21,2,f8246|F,25
data/DIPS-Plus/final/raw/y9/4y9z.pdb1_94.dill,train,component_434b4b95b4fb,2,f2796|H;f29073|G,5298
data/DIPS-Plus/final/raw/y1/2y1c.pdb1_0.dill,train,component_af58d5d63029,2,f1494|A,18
data/DIPS-Plus/final/raw/v5/3v5i.pdb2_5.dill,train,component_1ec8d5ee7899,2,f31896|E,232
data/DIPS-Plus/final/raw/p9/3p93.pdb5_9.dill,train,component_948c92b4075f,2,f31682|A,90
data/DIPS-Plus/final/raw/q8/1q81.pdb1_7.dill,train,component_d0b1705c8b0d,2,f1198|A;f1198|E,61
data/DIPS-Plus/final/raw/xk/4xk8.pdb2_27.dill,train,component_453d087213d5,2,f17725|E;f18978|C,73
data/DIPS-Plus/final/raw/i6/3i69.pdb1_0.dill,train,component_f689707f4b8b,2,f34934|A,52
data/DIPS-Plus/final/raw/tc/1tcu.pdb1_2.dill,train,component_1edebe88620c,2,f7305|A,45
data/DIPS-Plus/final/raw/ba/2ba1.pdb1_17.dill,train,component_4fd5113f9f3d,2,f2174|A;f3506|P,50
data/DIPS-Plus/final/raw/r5/3r5b.pdb2_2.dill,train,component_03734bdd6738,2,f29032|A,15
data/DIPS-Plus/final/raw/dj/3dji.pdb2_2.dill,train,component_c34aab602920,2,f10342|A,67
data/DIPS-Plus/final/raw/f8/1f80.pdb1_2.dill,train,component_30a5eed3b2c3,2,f7644|E;f8597|A,93
data/DIPS-Plus/final/raw/y9/4y9z.pdb1_84.dill,train,component_434b4b95b4fb,2,f2795|A;f29082|K,5298
data/DIPS-Plus/final/raw/rh/2rhc.pdb1_0.dill,train,component_c7dda0295b0b,2,f18640|A,130
data/DIPS-Plus/final/raw/dd/2dd5.pdb1_12.dill,train,component_d97ae9e83559,2,f5626|H;f5627|J,213
data/DIPS-Plus/final/raw/bc/1bcc.pdb1_13.dill,train,component_126d56e92e9e,2,f2180|E;f9614|N,292
data/DIPS-Plus/final/raw/hj/2hjr.pdb15_0.dill,train,component_bd21bbc9c2d7,2,f1048|D,197
data/DIPS-Plus/final/raw/nf/3nfg.pdb4_2.dill,train,component_5c83bf74bad8,2,f3535|M;f3536|N,407
data/DIPS-Plus/final/raw/pj/4pj1.pdb1_51.dill,train,component_99d8a06d10be,2,f24591|A;f24607|Z,184
data/DIPS-Plus/final/raw/y0/2y0n.pdb1_5.dill,train,component_c7bff6de0423,2,f38670|A,16
data/DIPS-Plus/final/raw/qd/3qdl.pdb3_1.dill,train,component_dbbf215afb32,2,f7848|A,10
data/DIPS-Plus/final/raw/qf/4qfx.pdb1_4.dill,train,component_cbd647f8551e,2,f30343|B,53
data/DIPS-Plus/final/raw/ob/2oba.pdb1_8.dill,train,component_7bb45269bec2,2,f13744|I,23
data/DIPS-Plus/final/raw/wg/3wg7.pdb1_7.dill,train,component_37ee44355407,2,f1409|W;f19268|A,252
data/DIPS-Plus/final/raw/um/4umb.pdb1_4.dill,train,component_2248216eb295,2,f22926|D,34
data/DIPS-Plus/final/raw/iu/2iu7.pdb1_24.dill,train,component_5793195ce137,2,f14976|A,125
data/DIPS-Plus/final/raw/gn/1gnh.pdb2_0.dill,train,component_d8e881717311,2,f11061|A,55
data/DIPS-Plus/final/raw/wt/2wtt.pdb4_4.dill,train,component_47a622c4cf3f,2,f36994|D,10
data/DIPS-Plus/final/raw/vp/1vpx.pdb2_17.dill,train,component_2ffc152ff289,2,f30521|E,70
data/DIPS-Plus/final/raw/v5/1v55.pdb1_1.dill,train,component_37ee44355407,2,f19268|A;f19269|C,252
data/DIPS-Plus/final/raw/e1/3e1l.pdb1_4.dill,train,component_34e475982e70,2,f21297|P,468
data/DIPS-Plus/final/raw/ck/2ckf.pdb1_3.dill,train,component_cc2db7ce7b0d,2,f10306|A;f38348|B,188
data/DIPS-Plus/final/raw/po/2poz.pdb1_6.dill,train,component_d31dd9e68a46,2,f23658|C,57
data/DIPS-Plus/final/raw/qw/4qw1.pdb1_72.dill,train,component_434b4b95b4fb,2,f2795|A;f29082|K,5298
data/DIPS-Plus/final/raw/pg/3pga.pdb1_5.dill,train,component_94b837ffbcc7,2,f24449|1,44
data/DIPS-Plus/final/raw/b3/1b33.pdb1_7.dill,train,component_2bafc3b54369,2,f18666|B;f34591|A,203
data/DIPS-Plus/final/raw/e1/3e1q.pdb1_11.dill,train,component_34e475982e70,2,f21297|P,468
data/DIPS-Plus/final/raw/yc/1yce.pdb1_3.dill,train,component_e0c0fa47e971,2,f2377|J,84
data/DIPS-Plus/final/raw/bz/1bzl.pdb1_0.dill,train,component_2403f4f6a83f,2,f15674|A,34
data/DIPS-Plus/final/raw/hk/3hk7.pdb3_14.dill,train,component_405c40615978,2,f12792|A,25
data/DIPS-Plus/final/raw/hd/2hdi.pdb1_0.dill,train,component_1f242b27dae6,2,f12251|A;f12251|B,1
data/DIPS-Plus/final/raw/qx/4qxj.pdb1_75.dill,train,component_434b4b95b4fb,2,f2795|A;f29073|G,5298
data/DIPS-Plus/final/raw/k1/1k1e.pdb5_8.dill,train,component_a65200ab998f,2,f21077|C,59
data/DIPS-Plus/final/raw/kt/4kt0.pdb1_8.dill,train,component_453d087213d5,2,f38182|A;f38183|D,73
data/DIPS-Plus/final/raw/er/3erz.pdb2_3.dill,train,component_b132faf248c3,2,f8960|A,166
data/DIPS-Plus/final/raw/qv/4qv5.pdb1_34.dill,train,component_434b4b95b4fb,2,f2796|H;f2804|L,5298
data/DIPS-Plus/final/raw/c0/4c01.pdb1_4.dill,train,component_5dc110ce4a12,2,f3382|A,15
data/DIPS-Plus/final/raw/od/1odl.pdb1_0.dill,train,component_dab9bbfc1f61,2,f22889|A,83
data/DIPS-Plus/final/raw/to/4to9.pdb1_34.dill,train,component_34e475982e70,2,f21297|P,468
data/DIPS-Plus/final/raw/et/1etq.pdb1_0.dill,train,component_f95c60f60512,2,f14392|B,11
data/DIPS-Plus/final/raw/gg/1gg9.pdb1_2.dill,train,component_a11e21e9d011,2,f10539|A,208
data/DIPS-Plus/final/raw/hf/3hf9.pdb1_17.dill,train,component_227343122cc0,2,f19832|R,238
data/DIPS-Plus/final/raw/hr/4hrd.pdb1_29.dill,train,component_434b4b95b4fb,2,f2795|A;f2796|H,5298
data/DIPS-Plus/final/raw/wx/3wxr.pdb1_58.dill,train,component_434b4b95b4fb,2,f2797|I;f2804|L,5298
data/DIPS-Plus/final/raw/oi/4oir.pdb1_10.dill,train,component_68a1d5712cb4,2,f10084|N;f10086|P,107
data/DIPS-Plus/final/raw/pn/3pns.pdb8_2.dill,train,component_302a40209e0a,2,f19434|A,136
data/DIPS-Plus/final/raw/uo/4uox.pdb1_1.dill,train,component_be8acbd77c05,2,f33917|C,30
data/DIPS-Plus/final/raw/j8/4j8x.pdb3_13.dill,train,component_ac9b67d94fe0,2,f19329|D;f7890|H,540
data/DIPS-Plus/final/raw/uy/3uyo.pdb1_0.dill,train,component_36fd2863bd29,2,f34346|D;f497|A,74
data/DIPS-Plus/final/raw/ya/1ya7.pdb1_13.dill,train,component_434b4b95b4fb,2,f2795|A,5298
data/DIPS-Plus/final/raw/nn/4nnw.pdb1_7.dill,train,component_434b4b95b4fb,2,f2795|A;f2797|I,5298
data/DIPS-Plus/final/raw/y7/4y7x.pdb1_31.dill,train,component_434b4b95b4fb,2,f2796|H;f2797|I,5298
data/DIPS-Plus/final/raw/og/4ogk.pdb1_3.dill,train,component_302a40209e0a,2,f19434|A,136
data/DIPS-Plus/final/raw/v3/2v36.pdb2_0.dill,train,component_68e26018f88e,2,f34442|C;f41155|B,16
data/DIPS-Plus/final/raw/q7/3q7h.pdb1_13.dill,train,component_1ec8d5ee7899,2,f31896|E,232
data/DIPS-Plus/final/raw/is/3is7.pdb1_39.dill,train,component_34e475982e70,2,f21297|P,468
data/DIPS-Plus/final/raw/xy/1xy3.pdb1_5.dill,train,component_9b4e98158cfe,2,f28976|C,42
data/DIPS-Plus/final/raw/qw/4qwf.pdb1_86.dill,train,component_434b4b95b4fb,2,f2796|H,5298
data/DIPS-Plus/final/raw/dt/3dty.pdb1_1.dill,train,component_d0cc255a8b25,2,f6367|A,12
data/DIPS-Plus/final/raw/qz/4qz6.pdb1_39.dill,train,component_434b4b95b4fb,2,f2801|K;f29082|K,5298
data/DIPS-Plus/final/raw/xy/4xyc.pdb1_21.dill,train,component_8e4f5fa9fcad,2,f13290|A,180
data/DIPS-Plus/final/raw/fg/3fg1.pdb5_2.dill,train,component_71bc68691d32,2,f8979|A,18
data/DIPS-Plus/final/raw/bk/3bk9.pdb2_2.dill,train,component_af2cf8f7be33,2,f2521|B,25
data/DIPS-Plus/final/raw/kq/3kq4.pdb3_0.dill,train,component_e2d58d59c0a5,2,f17623|A;f17623|B,3
data/DIPS-Plus/final/raw/qv/4qv3.pdb1_80.dill,train,component_434b4b95b4fb,2,f2795|A;f29073|G,5298
data/DIPS-Plus/final/raw/p1/2p1o.pdb2_0.dill,train,component_5b39dc397ac8,2,f22969|C;f23840|B,19
data/DIPS-Plus/final/raw/jr/1jre.pdb1_1.dill,train,component_bc317fc21d10,2,f10447|A,167
data/DIPS-Plus/final/raw/il/4il0.pdb1_5.dill,train,component_723d9d0b8353,2,f20458|A,35
data/DIPS-Plus/final/raw/fm/4fmh.pdb1_4.dill,train,component_7c391b4877fe,2,f4670|D,115
data/DIPS-Plus/final/raw/j8/2j8c.pdb1_2.dill,train,component_83d04836fea7,2,f5266|M,147
data/DIPS-Plus/final/raw/l3/3l3s.pdb4_2.dill,train,component_7162c1fd9f33,2,f10044|A,66
data/DIPS-Plus/final/raw/bz/2bzr.pdb1_8.dill,train,component_e7e5159aa329,2,f14039|A,64
data/DIPS-Plus/final/raw/hy/4hyo.pdb2_1.dill,train,component_8796f90cfadb,2,f13603|A,16
data/DIPS-Plus/final/raw/cp/1cpc.pdb6_4.dill,train,component_2bafc3b54369,2,f18666|B;f34591|A,203
data/DIPS-Plus/final/raw/qv/4qvn.pdb1_53.dill,train,component_434b4b95b4fb,2,f2796|H;f4169|M,5298
data/DIPS-Plus/final/raw/cu/3cus.pdb3_0.dill,train,component_70573bb20c7e,2,f10401|S;f1678|A,84
data/DIPS-Plus/final/raw/pz/3pzs.pdb1_0.dill,train,component_7e778a4f5c6e,2,f35057|A,3
data/DIPS-Plus/final/raw/pp/4ppd.pdb3_0.dill,train,component_a15dd122f891,2,f29364|B,21
data/DIPS-Plus/final/raw/o0/2o0y.pdb3_0.dill,train,component_5622a43592cd,2,f22204|C,6
data/DIPS-Plus/final/raw/un/3une.pdb2_87.dill,train,component_434b4b95b4fb,2,f2797|I;f29082|K,5298
data/DIPS-Plus/final/raw/wa/3wa9.pdb1_9.dill,train,component_ac9b67d94fe0,2,f19329|D;f7890|H,540
data/DIPS-Plus/final/raw/bz/2bzr.pdb1_10.dill,train,component_e7e5159aa329,2,f14039|A,64
data/DIPS-Plus/final/raw/fl/3flp.pdb1_17.dill,train,component_fe4cbb351363,2,f9155|A,28
data/DIPS-Plus/final/raw/zk/3zk2.pdb2_9.dill,train,component_e0c0fa47e971,2,f2377|J,84
data/DIPS-Plus/final/raw/mg/3mg7.pdb1_49.dill,train,component_434b4b95b4fb,2,f2797|I;f2801|K,5298
data/DIPS-Plus/final/raw/cs/4csf.pdb1_3.dill,train,component_2ea40a82b6ae,2,f4830|K,28
data/DIPS-Plus/final/raw/yw/4ywm.pdb1_1.dill,train,component_a7353d5cffd6,2,f24888|A,33
data/DIPS-Plus/final/raw/kt/4ktb.pdb1_3.dill,train,component_94673f65bcfe,2,f17743|A,6
data/DIPS-Plus/final/raw/f6/3f6n.pdb1_3.dill,train,component_8cabeeeaef10,2,f8555|B,5
data/DIPS-Plus/final/raw/nd/3nd6.pdb1_3.dill,train,component_40a8bd2c7c31,2,f21062|B,37
data/DIPS-Plus/final/raw/xk/1xk6.pdb2_0.dill,train,component_5082aa804e76,2,f38170|B,2
data/DIPS-Plus/final/raw/mq/3mqt.pdb1_13.dill,train,component_fbe663e4e5fe,2,f20205|E,48
data/DIPS-Plus/final/raw/we/1we5.pdb1_9.dill,train,component_8f3cf5b9b5d8,2,f38415|A,27
data/DIPS-Plus/final/raw/v2/4v2s.pdb1_0.dill,train,component_3a91453a0c33,2,f19254|F,68
data/DIPS-Plus/final/raw/n8/3n80.pdb2_4.dill,train,component_b303ed22c9ea,2,f12175|A,165
data/DIPS-Plus/final/raw/ql/4qls.pdb1_7.dill,train,component_434b4b95b4fb,2,f2795|A;f2797|I,5298
data/DIPS-Plus/final/raw/tw/4twd.pdb1_2.dill,train,component_ed8403c20be9,2,f41203|F,50
data/DIPS-Plus/final/raw/w0/1w0c.pdb1_1.dill,train,component_05639143620e,2,f35729|A,109
data/DIPS-Plus/final/raw/qv/4qv3.pdb1_7.dill,train,component_434b4b95b4fb,2,f2795|A;f2797|I,5298
data/DIPS-Plus/final/raw/i4/4i4z.pdb2_2.dill,train,component_5f66579f0bba,2,f26102|B,64
data/DIPS-Plus/final/raw/un/3unb.pdb1_70.dill,train,component_434b4b95b4fb,2,f2795|A,5298
data/DIPS-Plus/final/raw/bs/2bsk.pdb1_6.dill,train,component_91374654c35b,2,f3020|D;f3022|C,8
data/DIPS-Plus/final/raw/hy/2hyi.pdb2_4.dill,train,component_fd2259c5792d,2,f15408|T;f36004|A,34
data/DIPS-Plus/final/raw/sb/1sb3.pdb1_6.dill,train,component_2d00407acdf9,2,f6829|A,94
data/DIPS-Plus/final/raw/yf/2yfi.pdb1_8.dill,train,component_cc2db7ce7b0d,2,f10306|A,188
data/DIPS-Plus/final/raw/uw/1uwa.pdb1_24.dill,train,component_26289733d6da,2,f29327|B;f34169|F,423
data/DIPS-Plus/final/raw/z6/4z6v.pdb1_4.dill,train,component_e35e5c49c369,2,f10732|C,84
data/DIPS-Plus/final/raw/jq/3jqo.pdb1_83.dill,train,component_3f95699cb5e0,2,f16295|B,88
data/DIPS-Plus/final/raw/zp/1zpg.pdb4_1.dill,train,component_0a57b0b3a98c,2,f13046|A,69
data/DIPS-Plus/final/raw/ry/1ryp.pdb1_31.dill,train,component_434b4b95b4fb,2,f2795|A,5298
data/DIPS-Plus/final/raw/yh/2yhu.pdb1_2.dill,train,component_05639143620e,2,f35729|A,109
data/DIPS-Plus/final/raw/hn/3hnj.pdb1_2.dill,train,component_94da1bcf6fc9,2,f1571|A,35
data/DIPS-Plus/final/raw/uv/1uvh.pdb1_0.dill,train,component_bc317fc21d10,2,f10447|A,167
data/DIPS-Plus/final/raw/wn/3wnw.pdb1_15.dill,train,component_b132faf248c3,2,f8960|A,166
data/DIPS-Plus/final/raw/p9/3p93.pdb5_0.dill,train,component_948c92b4075f,2,f31682|A,90
data/DIPS-Plus/final/raw/ba/2ba1.pdb1_12.dill,train,component_4fd5113f9f3d,2,f2174|A;f3506|P,50
data/DIPS-Plus/final/raw/p1/1p1r.pdb1_0.dill,train,component_67c7295ba7b6,2,f11019|A,33
data/DIPS-Plus/final/raw/ql/4qlu.pdb1_7.dill,train,component_434b4b95b4fb,2,f2795|A;f2797|I,5298
data/DIPS-Plus/final/raw/eh/3ehk.pdb1_5.dill,train,component_988ee4202916,2,f9671|B,35
data/DIPS-Plus/final/raw/az/2az3.pdb2_5.dill,train,component_ed40f3402ed5,2,f38315|A,207
data/DIPS-Plus/final/raw/ih/4ihq.pdb1_1.dill,train,component_fcfd08817226,2,f14390|A,4
data/DIPS-Plus/final/raw/m0/4m06.pdb1_4.dill,train,component_ca3fd3609752,2,f95|A,55
data/DIPS-Plus/final/raw/re/3re7.pdb1_44.dill,train,component_b132faf248c3,2,f8960|A,166
data/DIPS-Plus/final/raw/k2/3k2g.pdb1_0.dill,train,component_0dbb555ac1f8,2,f16932|B,4
data/DIPS-Plus/final/raw/qv/4qvy.pdb1_54.dill,train,component_434b4b95b4fb,2,f2796|H,5298
data/DIPS-Plus/final/raw/e1/3e1l.pdb1_15.dill,train,component_34e475982e70,2,f21297|P,468
data/DIPS-Plus/final/raw/nv/3nvy.pdb1_6.dill,train,component_2d00407acdf9,2,f6829|A,94
data/DIPS-Plus/final/raw/mx/1mxf.pdb1_5.dill,train,component_05639143620e,2,f35729|A,109
data/DIPS-Plus/final/raw/mg/3mg7.pdb1_79.dill,train,component_434b4b95b4fb,2,f2796|H;f2797|I,5298
data/DIPS-Plus/final/raw/g2/4g2s.pdb1_0.dill,train,component_9942172f1175,2,f9948|A,6
data/DIPS-Plus/final/raw/bo/4bo3.pdb1_0.dill,train,component_c7dda0295b0b,2,f18640|A,130
data/DIPS-Plus/final/raw/v5/3v5i.pdb2_13.dill,train,component_1ec8d5ee7899,2,f31896|E,232
data/DIPS-Plus/final/raw/ot/4otc.pdb3_0.dill,train,component_b1b6bd00f6e8,2,f9213|A,38
data/DIPS-Plus/final/raw/n7/3n7a.pdb2_0.dill,train,component_97564c009426,2,f5017|H,166
data/DIPS-Plus/final/raw/n9/1n9s.pdb3_18.dill,train,component_d114c8e810d2,2,f8593|I,47
data/DIPS-Plus/final/raw/un/3une.pdb1_64.dill,train,component_434b4b95b4fb,2,f2795|A;f2797|I,5298
data/DIPS-Plus/final/raw/nn/4nnw.pdb1_77.dill,train,component_434b4b95b4fb,2,f2795|A;f29073|G,5298
data/DIPS-Plus/final/raw/x1/2x17.pdb1_39.dill,train,component_13909753b42e,2,f3175|A,203
data/DIPS-Plus/final/raw/tt/3ttx.pdb1_0.dill,train,component_a11e21e9d011,2,f10539|A,208
data/DIPS-Plus/final/raw/h1/3h1j.pdb1_46.dill,train,component_126d56e92e9e,2,f2317|F;f9614|M,292
data/DIPS-Plus/final/raw/dw/3dwf.pdb1_0.dill,train,component_d0046547e456,2,f14495|B,32
data/DIPS-Plus/final/raw/y8/4y8t.pdb1_8.dill,train,component_434b4b95b4fb,2,f2795|A,5298
data/DIPS-Plus/final/raw/uk/3ukl.pdb2_0.dill,train,component_f59aef42fe61,2,f33358|A,30
data/DIPS-Plus/final/raw/ab/3abs.pdb2_2.dill,train,component_cbee435741a6,2,f715|A;f715|B,25
data/DIPS-Plus/final/raw/v6/2v6a.pdb1_34.dill,train,component_26289733d6da,2,f29327|B;f34169|F,423
data/DIPS-Plus/final/raw/l3/1l3i.pdb1_5.dill,train,component_3e21623173d9,2,f6780|D,39
data/DIPS-Plus/final/raw/np/2nps.pdb1_3.dill,train,component_106141c15917,2,f21631|B;f21632|C,47
data/DIPS-Plus/final/raw/dd/2dd5.pdb1_43.dill,train,component_d97ae9e83559,2,f5626|H;f5627|J,213
data/DIPS-Plus/final/raw/jz/4jzx.pdb1_0.dill,train,component_66d46fb173b4,2,f8144|A,18
data/DIPS-Plus/final/raw/gt/1gte.pdb1_0.dill,train,component_797b3128b848,2,f11365|A,5
data/DIPS-Plus/final/raw/p2/4p2v.pdb1_6.dill,train,component_a896e3537f7a,2,f23943|A,50
data/DIPS-Plus/final/raw/p1/4p18.pdb1_12.dill,train,component_b132faf248c3,2,f8960|A,166
data/DIPS-Plus/final/raw/kf/3kfb.pdb1_13.dill,train,component_039c972e98eb,2,f25516|A,34
data/DIPS-Plus/final/raw/f3/1f3x.pdb1_4.dill,train,component_f9e0ba46df49,2,f31508|A,100
data/DIPS-Plus/final/raw/re/3re7.pdb1_28.dill,train,component_b132faf248c3,2,f8960|A,166
data/DIPS-Plus/final/raw/dj/2djw.pdb1_3.dill,train,component_4a470f1faddd,2,f4915|A,29
data/DIPS-Plus/final/raw/xi/3xim.pdb1_2.dill,train,component_9eb6ce74d869,2,f5944|A,56
data/DIPS-Plus/final/raw/un/3uno.pdb1_50.dill,train,component_9bc6e7528b91,2,f33804|A,60
data/DIPS-Plus/final/raw/n7/3n7a.pdb2_8.dill,train,component_97564c009426,2,f5017|H,166
data/DIPS-Plus/final/raw/bo/5bou.pdb1_68.dill,train,component_434b4b95b4fb,2,f2795|A;f2797|I,5298
data/DIPS-Plus/final/raw/pv/3pva.pdb2_4.dill,train,component_d8a86791689a,2,f25188|E,25
data/DIPS-Plus/final/raw/go/4go0.pdb1_4.dill,train,component_a5ae5033bfd5,2,f2871|A,158
data/DIPS-Plus/final/raw/c3/2c38.pdb2_3.dill,train,component_4fd5113f9f3d,2,f2174|A;f3506|P,50
data/DIPS-Plus/final/raw/z9/2z9s.pdb1_17.dill,train,component_bac24c35451f,2,f16912|A,109
data/DIPS-Plus/final/raw/cq/3cqz.pdb1_19.dill,train,component_5c83bf74bad8,2,f11474|C;f211|L,407
data/DIPS-Plus/final/raw/fu/2fu4.pdb3_0.dill,train,component_a894353d2354,2,f9523|A,3
data/DIPS-Plus/final/raw/pq/3pq4.pdb1_2.dill,train,component_a11e21e9d011,2,f10539|A,208
data/DIPS-Plus/final/raw/mb/4mb8.pdb1_4.dill,train,component_9b4e98158cfe,2,f28976|C,42
data/DIPS-Plus/final/raw/ya/4ya3.pdb1_32.dill,train,component_434b4b95b4fb,2,f2796|H,5298
data/DIPS-Plus/final/raw/n6/1n6e.pdb1_4.dill,train,component_b98210390328,2,f16968|A,36
data/DIPS-Plus/final/raw/o4/4o4j.pdb1_3.dill,train,component_f1033560f5a9,2,f3096|A,49
data/DIPS-Plus/final/raw/xy/4xyc.pdb1_15.dill,train,component_8e4f5fa9fcad,2,f13290|A,180
data/DIPS-Plus/final/raw/z6/4z66.pdb1_10.dill,train,component_ac9b67d94fe0,2,f7890|H;f7892|E,540
data/DIPS-Plus/final/raw/ld/3ld0.pdb2_5.dill,train,component_6bddaba86870,2,f18362|A,40
data/DIPS-Plus/final/raw/so/1soj.pdb4_0.dill,train,component_9b1c7686fa55,2,f31051|B,16
data/DIPS-Plus/final/raw/gp/3gpw.pdb1_69.dill,train,component_434b4b95b4fb,2,f2795|A;f2797|I,5298
data/DIPS-Plus/final/raw/j0/2j0y.pdb1_2.dill,train,component_97c2cd7a1636,2,f10713|B,123
data/DIPS-Plus/final/raw/y8/4y81.pdb1_42.dill,train,component_434b4b95b4fb,2,f2801|K;f29082|K,5298
data/DIPS-Plus/final/raw/gq/3gql.pdb4_0.dill,train,component_6f8c89f7648d,2,f23975|B,36
data/DIPS-Plus/final/raw/am/4am8.pdb1_1.dill,train,component_cb48ab626ec2,2,f1196|A,77
data/DIPS-Plus/final/raw/tw/1twh.pdb1_2.dill,train,component_5c83bf74bad8,2,f11473|A;f3545|E,407
data/DIPS-Plus/final/raw/bo/5bou.pdb1_25.dill,train,component_434b4b95b4fb,2,f2795|A;f29073|G,5298
data/DIPS-Plus/final/raw/qx/4qxj.pdb1_14.dill,train,component_434b4b95b4fb,2,f2795|A;f2797|I,5298
data/DIPS-Plus/final/raw/eo/3eoy.pdb2_4.dill,train,component_dbee5830573a,2,f30822|B;f7837|G,27
data/DIPS-Plus/final/raw/nd/3ndv.pdb1_4.dill,train,component_d99565ce12eb,2,f20699|D,18
data/DIPS-Plus/final/raw/i2/2i2x.pdb4_1.dill,train,component_c69f68ab9493,2,f13719|A,20
data/DIPS-Plus/final/raw/k8/4k8u.pdb1_0.dill,train,component_25609117920d,2,f3842|A,21
data/DIPS-Plus/final/raw/fn/4fn6.pdb1_1.dill,train,component_32091c1b74ff,2,f9299|A,4
data/DIPS-Plus/final/raw/ko/4kod.pdb1_3.dill,train,component_9534cf30313b,2,f17486|A,29
data/DIPS-Plus/final/raw/tt/3tth.pdb13_4.dill,train,component_ab96116ec5ce,2,f16171|A,36
data/DIPS-Plus/final/raw/pw/3pwf.pdb1_0.dill,train,component_d174e74d7d71,2,f40665|B,29
data/DIPS-Plus/final/raw/vd/2vdi.pdb1_14.dill,train,component_26289733d6da,2,f29327|B,423
data/DIPS-Plus/final/raw/et/3etn.pdb1_2.dill,train,component_ab07fb676b58,2,f8004|B,6
data/DIPS-Plus/final/raw/ts/3tsc.pdb1_4.dill,train,component_71c3501043a3,2,f22849|A,99
data/DIPS-Plus/final/raw/mp/1mpm.pdb1_2.dill,train,component_8410594e99db,2,f810|A,15
data/DIPS-Plus/final/raw/y8/4y8u.pdb1_87.dill,train,component_434b4b95b4fb,2,f2795|A;f2796|H,5298
data/DIPS-Plus/final/raw/qv/4qvl.pdb1_44.dill,train,component_434b4b95b4fb,2,f2797|I;f2801|K,5298
data/DIPS-Plus/final/raw/du/4dug.pdb1_6.dill,train,component_37f0b5ae4539,2,f16826|F,60
data/DIPS-Plus/final/raw/mg/3mg8.pdb1_12.dill,train,component_434b4b95b4fb,2,f2795|A,5298
data/DIPS-Plus/final/raw/rq/3rqw.pdb1_1.dill,train,component_ed8403c20be9,2,f41203|F,50
data/DIPS-Plus/final/raw/dm/1dm0.pdb1_1.dill,train,component_d4b18a678d13,2,f10247|A;f10247|B,73
data/DIPS-Plus/final/raw/ho/3hou.pdb1_9.dill,train,component_5c83bf74bad8,2,f11473|B;f11474|C,407
data/DIPS-Plus/final/raw/um/1um9.pdb1_0.dill,train,component_a73eef4c5379,2,f2879|E;f2879|F,38
data/DIPS-Plus/final/raw/nu/2nuu.pdb4_10.dill,train,component_6a6120c768fa,2,f15800|C;f21774|D,175
data/DIPS-Plus/final/raw/yu/1yuz.pdb1_0.dill,train,component_d174e74d7d71,2,f40665|B,29
data/DIPS-Plus/final/raw/g8/2g82.pdb2_5.dill,train,component_33df824bc6ed,2,f6159|A,186
data/DIPS-Plus/final/raw/ya/1ya7.pdb1_14.dill,train,component_434b4b95b4fb,2,f16443|I;f2795|A,5298
data/DIPS-Plus/final/raw/aa/3aa9.pdb1_0.dill,train,component_219d0afffb21,2,f21035|A,39
data/DIPS-Plus/final/raw/ph/4ph0.pdb1_5.dill,train,component_6fd10627c688,2,f24485|A,6
data/DIPS-Plus/final/raw/qv/4qv5.pdb1_27.dill,train,component_434b4b95b4fb,2,f2796|H;f29073|G,5298
data/DIPS-Plus/final/raw/n2/4n21.pdb1_2.dill,train,component_d31383321590,2,f20579|C,18
data/DIPS-Plus/final/raw/sx/1sx3.pdb1_22.dill,train,component_99d8a06d10be,2,f24591|A,184
data/DIPS-Plus/final/raw/p6/4p6y.pdb1_7.dill,train,component_7dab729107ae,2,f24066|A,18
data/DIPS-Plus/final/raw/v7/2v7p.pdb1_5.dill,train,component_bd21bbc9c2d7,2,f1048|D,197
data/DIPS-Plus/final/raw/r6/4r67.pdb1_11.dill,train,component_434b4b95b4fb,2,f2795|A,5298
data/DIPS-Plus/final/raw/v6/2v6a.pdb1_5.dill,train,component_26289733d6da,2,f29327|B;f34169|F,423
data/DIPS-Plus/final/raw/zy/3zyf.pdb2_0.dill,train,component_912fb28b6367,2,f469|A,42
data/DIPS-Plus/final/raw/a5/3a5w.pdb1_4.dill,train,component_96118546a2e5,2,f136|F,129
data/DIPS-Plus/final/raw/wd/2wdr.pdb3_2.dill,train,component_c06dbf9cc75a,2,f21269|C;f40638|F,141
data/DIPS-Plus/final/raw/j7/3j7a.pdb1_19.dill,train,component_d116cfd7e818,2,f15729|C;f15731|Z,23
data/DIPS-Plus/final/raw/wx/1wx0.pdb1_13.dill,train,component_2ffc152ff289,2,f30521|E,70
data/DIPS-Plus/final/raw/qi/4qij.pdb1_5.dill,train,component_5f66579f0bba,2,f26102|B,64
data/DIPS-Plus/final/raw/st/3stf.pdb1_4.dill,train,component_279e342b360e,2,f16650|B,59
data/DIPS-Plus/final/raw/c3/3c3t.pdb1_0.dill,train,component_572e19caf78d,2,f1061|B,90
data/DIPS-Plus/final/raw/y3/2y3q.pdb1_1.dill,train,component_34e475982e70,2,f21297|P,468
data/DIPS-Plus/final/raw/qz/4qz4.pdb1_43.dill,train,component_434b4b95b4fb,2,f2797|I;f2801|K,5298
data/DIPS-Plus/final/raw/wo/1wo8.pdb2_4.dill,train,component_de7ec3d858f8,2,f7464|A,25
data/DIPS-Plus/final/raw/yb/1ybf.pdb1_1.dill,train,component_c6e4edab3644,2,f40028|A,4
data/DIPS-Plus/final/raw/xj/2xjn.pdb1_19.dill,train,component_614b434b39fd,2,f33438|G,199
data/DIPS-Plus/final/raw/r6/4r67.pdb1_83.dill,train,component_434b4b95b4fb,2,f2796|H;f2797|I,5298
data/DIPS-Plus/final/raw/aq/2aq7.pdb1_0.dill,train,component_a97e6d8a06f7,2,f35742|A,33
data/DIPS-Plus/final/raw/cg/5cgi.pdb1_59.dill,train,component_434b4b95b4fb,2,f2795|A;f29073|G,5298
data/DIPS-Plus/final/raw/xa/2xa7.pdb2_4.dill,train,component_a27cd976a19c,2,f16135|S;f33941|B,19
data/DIPS-Plus/final/raw/wa/3wa9.pdb1_2.dill,train,component_ac9b67d94fe0,2,f7893|G,540
data/DIPS-Plus/final/raw/un/3uno.pdb1_52.dill,train,component_9bc6e7528b91,2,f33804|A,60
data/DIPS-Plus/final/raw/ft/1ftr.pdb1_3.dill,train,component_0d9d65948d30,2,f9493|A,6
data/DIPS-Plus/final/raw/t6/3t67.pdb1_7.dill,train,component_fbbd8ff1594b,2,f3131|B,134
data/DIPS-Plus/final/raw/ax/3axm.pdb1_7.dill,train,component_26289733d6da,2,f29327|B;f34169|F,423
data/DIPS-Plus/final/raw/ql/4qls.pdb1_39.dill,train,component_434b4b95b4fb,2,f2801|K;f29082|K,5298
data/DIPS-Plus/final/raw/v5/2v5h.pdb1_8.dill,train,component_6a6120c768fa,2,f3120|C,175
data/DIPS-Plus/final/raw/vq/1vq8.pdb1_15.dill,train,component_d0b1705c8b0d,2,f1198|E;f3894|U,61
data/DIPS-Plus/final/raw/az/3azl.pdb1_15.dill,train,component_ac9b67d94fe0,2,f7890|H;f7893|G,540
data/DIPS-Plus/final/raw/u8/3u8m.pdb2_1.dill,train,component_b41a5248b4e1,2,f30963|C,270
data/DIPS-Plus/final/raw/gn/1gnh.pdb2_3.dill,train,component_d8e881717311,2,f11061|A,55
data/DIPS-Plus/final/raw/gl/3gli.pdb2_0.dill,train,component_7f22ec099057,2,f10999|G;f11014|F,25
data/DIPS-Plus/final/raw/kh/3kh2.pdb2_1.dill,train,component_972a8c07623e,2,f16996|A;f16997|C,9
data/DIPS-Plus/final/raw/i4/3i4f.pdb1_1.dill,train,component_f4f8c0ed2b4c,2,f13838|A,4
data/DIPS-Plus/final/raw/e1/3e1o.pdb1_8.dill,train,component_34e475982e70,2,f21297|P,468
data/DIPS-Plus/final/raw/d1/4d1f.pdb2_0.dill,train,component_16bab86b0e10,2,f5097|A,27
data/DIPS-Plus/final/raw/po/1po1.pdb1_3.dill,train,component_43bde24ea006,2,f24752|4;f4009|A,157
data/DIPS-Plus/final/raw/vj/2vjy.pdb2_0.dill,train,component_f6f3f00bbc9b,2,f37087|X,30
data/DIPS-Plus/final/raw/pj/3pja.pdb1_3.dill,train,component_fef8c8c58051,2,f1605|A,28
data/DIPS-Plus/final/raw/j4/2j4l.pdb2_11.dill,train,component_44edff6b2335,2,f15579|F,31
data/DIPS-Plus/final/raw/dx/1dxr.pdb1_3.dill,train,component_83d04836fea7,2,f5266|M;f6540|H,147
data/DIPS-Plus/final/raw/qw/4qwj.pdb1_72.dill,train,component_434b4b95b4fb,2,f2795|A;f2801|K,5298
data/DIPS-Plus/final/raw/zj/2zj0.pdb1_2.dill,train,component_2e9f288dcf28,2,f5935|A,73
data/DIPS-Plus/final/raw/hw/3hws.pdb1_1.dill,train,component_d2d3aa5471d0,2,f13435|A,10
data/DIPS-Plus/final/raw/ac/3acz.pdb1_3.dill,train,component_043364425f5e,2,f4845|A,71
data/DIPS-Plus/final/raw/jq/1jqy.pdb2_4.dill,train,component_1f1c38cca328,2,f18896|F,98
data/DIPS-Plus/final/raw/ub/3ubp.pdb1_2.dill,train,component_0a11b8cea135,2,f4045|C;f7217|A,68
data/DIPS-Plus/final/raw/wx/3wxr.pdb1_56.dill,train,component_434b4b95b4fb,2,f2804|L;f4169|M,5298
data/DIPS-Plus/final/raw/vm/2vml.pdb1_27.dill,train,component_2bafc3b54369,2,f18666|B;f34591|A,203
data/DIPS-Plus/final/raw/ax/3axm.pdb1_37.dill,train,component_26289733d6da,2,f29327|B;f34169|F,423
data/DIPS-Plus/final/raw/na/4nah.pdb1_2.dill,train,component_40a8bd2c7c31,2,f21062|B,37
data/DIPS-Plus/final/raw/ca/1ca9.pdb3_1.dill,train,component_25609117920d,2,f3842|A,21
data/DIPS-Plus/final/raw/he/4hea.pdb2_1.dill,train,component_f12a7ad4c5c8,2,f12302|B;f12303|D,98
data/DIPS-Plus/final/raw/hs/3hs0.pdb1_1.dill,train,component_926cbb414bc0,2,f13234|H;f480|D,27
data/DIPS-Plus/final/raw/bc/1bcp.pdb1_9.dill,train,component_352f6b8aef2e,2,f2194|B;f2196|E,20
data/DIPS-Plus/final/raw/c5/3c5y.pdb1_5.dill,train,component_1ccc8676aee0,2,f33011|A,7
data/DIPS-Plus/final/raw/jw/3jwm.pdb1_0.dill,val,component_673c555ae3b3,2,f15220|A,6
data/DIPS-Plus/final/raw/tl/4tl3.pdb1_0.dill,val,component_9a1bb151c2df,2,f32018|B,1
data/DIPS-Plus/final/raw/c0/4c0z.pdb3_0.dill,val,component_be108c1afd95,2,f3394|F,5
data/DIPS-Plus/final/raw/bw/4bwy.pdb2_4.dill,val,component_5f8e07fe7c98,2,f3223|G,12
data/DIPS-Plus/final/raw/sw/3swf.pdb1_2.dill,val,component_4ab952da0f70,2,f31336|B,3
data/DIPS-Plus/final/raw/d0/3d03.pdb1_3.dill,val,component_06569c0d9441,2,f5080|A,14
data/DIPS-Plus/final/raw/mx/3mxn.pdb1_0.dill,val,component_7e1d26895e03,2,f20405|A;f20405|B,1
data/DIPS-Plus/final/raw/do/4do4.pdb1_0.dill,val,component_b3412b6752aa,2,f6241|B,9
data/DIPS-Plus/final/raw/vd/2vdw.pdb1_0.dill,val,component_1b97c9ae4e47,2,f4373|E;f4376|D,10
data/DIPS-Plus/final/raw/hm/2hmz.pdb3_0.dill,val,component_9e50b8c1244f,2,f12845|C,2
data/DIPS-Plus/final/raw/cu/2cu5.pdb1_2.dill,val,component_4b9b7df407c3,2,f35263|C,9
data/DIPS-Plus/final/raw/av/5avm.pdb1_0.dill,val,component_e607dd604d99,2,f4386|C,9
data/DIPS-Plus/final/raw/jr/1jrk.pdb3_0.dill,val,component_a50512344d72,2,f16430|D,7
data/DIPS-Plus/final/raw/mj/1mj2.pdb1_4.dill,val,component_6cc9fa4fe141,2,f4439|A,8
data/DIPS-Plus/final/raw/a9/3a9t.pdb1_1.dill,val,component_74fa52ac95ae,2,f3457|B,10
data/DIPS-Plus/final/raw/ab/2abj.pdb1_0.dill,val,component_2bf07856ba43,2,f625|A,13
data/DIPS-Plus/final/raw/ep/1epf.pdb2_0.dill,val,component_9f8b7b34155b,2,f7856|B,2
data/DIPS-Plus/final/raw/bw/4bwy.pdb1_5.dill,val,component_5f8e07fe7c98,2,f3223|G,12
data/DIPS-Plus/final/raw/yk/1ykj.pdb2_0.dill,val,component_3aa26916e46c,2,f40372|A,2
data/DIPS-Plus/final/raw/yf/2yf2.pdb1_7.dill,val,component_3e58e126987e,2,f40161|C,7
data/DIPS-Plus/final/raw/h5/3h55.pdb1_0.dill,val,component_b3412b6752aa,2,f6241|B,9
data/DIPS-Plus/final/raw/kq/1kq1.pdb1_1.dill,val,component_dc0ae15530ca,2,f17612|H,6
data/DIPS-Plus/final/raw/om/2omo.pdb1_0.dill,val,component_f12d9b127542,2,f23277|A,4
data/DIPS-Plus/final/raw/t8/1t8s.pdb1_3.dill,val,component_41ec0ee8abbe,2,f31705|A,12
data/DIPS-Plus/final/raw/ml/3mla.pdb1_0.dill,val,component_59d177f66e95,2,f40662|A,12
data/DIPS-Plus/final/raw/cc/3cc0.pdb1_1.dill,val,component_fbead6c3a56c,2,f3888|A,3
data/DIPS-Plus/final/raw/io/2io9.pdb1_0.dill,val,component_d4b11293fd4b,2,f14607|B,3
data/DIPS-Plus/final/raw/b7/3b77.pdb1_0.dill,val,component_57115976d8b0,2,f2031|A,4
data/DIPS-Plus/final/raw/mx/3mxi.pdb1_0.dill,val,component_1fc47b5d0b81,2,f20399|A,6
data/DIPS-Plus/final/raw/gz/2gz4.pdb1_0.dill,val,component_3a3a64be2a84,2,f11775|A,1
data/DIPS-Plus/final/raw/zp/3zp4.pdb2_2.dill,val,component_4021cd549bb5,2,f5532|A,15
data/DIPS-Plus/final/raw/dm/3dm7.pdb1_0.dill,val,component_c9d25e2cd0a1,2,f25568|B,2
data/DIPS-Plus/final/raw/rk/3rks.pdb1_0.dill,val,component_69f23018cda1,2,f6500|A,10
data/DIPS-Plus/final/raw/fh/3fhw.pdb1_0.dill,val,component_a92437c354ae,2,f17124|B,2
data/DIPS-Plus/final/raw/xc/4xc9.pdb1_1.dill,val,component_c9543803a811,2,f37793|A,9
data/DIPS-Plus/final/raw/lx/3lxa.pdb1_0.dill,val,component_b3412b6752aa,2,f6241|B,9
data/DIPS-Plus/final/raw/n2/3n2i.pdb1_0.dill,val,component_6b8cf0dd66a0,2,f7277|A,11
data/DIPS-Plus/final/raw/pk/1pk8.pdb2_2.dill,val,component_6de3d4b4d6da,2,f24649|A,11
data/DIPS-Plus/final/raw/nl/1nlz.pdb1_0.dill,val,component_8c27a7c9186f,2,f11777|C,11
data/DIPS-Plus/final/raw/cf/5cfb.pdb1_1.dill,val,component_7f7062066f91,2,f4125|A,5
data/DIPS-Plus/final/raw/cr/1cr6.pdb1_0.dill,val,component_d226d4e7cd02,2,f4745|B,4
data/DIPS-Plus/final/raw/ty/4tyb.pdb1_2.dill,val,component_a962663bf983,2,f32701|A,2
data/DIPS-Plus/final/raw/o6/4o6v.pdb1_4.dill,val,component_0b8c0b0b83f6,2,f22422|C,6
data/DIPS-Plus/final/raw/qs/2qsu.pdb1_0.dill,val,component_c77b825f3dee,2,f26907|A,3
data/DIPS-Plus/final/raw/ul/3ulq.pdb1_0.dill,val,component_7447cf34545b,2,f33411|A;f33411|B,1
data/DIPS-Plus/final/raw/an/5an9.pdb1_10.dill,val,component_5bd7296db37f,2,f1200|F;f1200|J,1
data/DIPS-Plus/final/raw/ur/1ura.pdb1_0.dill,val,component_61ebf41f65ea,2,f2238|A,14
data/DIPS-Plus/final/raw/go/4gom.pdb1_2.dill,val,component_d06fff186380,2,f10328|E,9
data/DIPS-Plus/final/raw/ek/2ekd.pdb1_1.dill,val,component_975fa9f9c40c,2,f7672|F,6
data/DIPS-Plus/final/raw/bx/4bxc.pdb1_0.dill,val,component_c8d689e4dbc5,2,f3274|A,3
data/DIPS-Plus/final/raw/u9/3u9f.pdb5_1.dill,val,component_a327ce606ba7,2,f33032|J,9
data/DIPS-Plus/final/raw/vh/1vhk.pdb3_1.dill,val,component_1fc94ef14c4a,2,f35011|C,3
data/DIPS-Plus/final/raw/lr/4lrz.pdb1_0.dill,val,component_353370069b0c,2,f18837|A;f18837|F,14
data/DIPS-Plus/final/raw/gm/2gms.pdb1_0.dill,val,component_9a0a3fa26b29,2,f11037|A,3
data/DIPS-Plus/final/raw/aq/1aq6.pdb1_0.dill,val,component_b5a471808557,2,f1313|A,4
data/DIPS-Plus/final/raw/qu/3quv.pdb1_0.dill,val,component_884ca09b99b2,2,f11951|B,6
data/DIPS-Plus/final/raw/hs/3hsh.pdb1_2.dill,val,component_b0a1a7cffcf9,2,f13258|A,13
data/DIPS-Plus/final/raw/kz/3kzt.pdb1_0.dill,val,component_25bc2dc78461,2,f17937|A,1
data/DIPS-Plus/final/raw/oi/3oid.pdb1_5.dill,val,component_052e8804f720,2,f23045|B,6
data/DIPS-Plus/final/raw/bj/3bj8.pdb2_0.dill,val,component_c2c97694ae0f,2,f1936|A,3
data/DIPS-Plus/final/raw/h4/4h4k.pdb1_0.dill,val,component_c1cafd410cae,2,f35828|A;f37508|B,15
data/DIPS-Plus/final/raw/to/1to0.pdb4_0.dill,val,component_d61d8e916c63,2,f34995|E,4
data/DIPS-Plus/final/raw/ey/1eyu.pdb1_0.dill,val,component_ae64645f91e9,2,f21411|C,5
data/DIPS-Plus/final/raw/jl/1jl9.pdb1_0.dill,val,component_fbba03a4cdf7,2,f18914|B,5
data/DIPS-Plus/final/raw/iw/4iwt.pdb1_0.dill,val,component_df5e8ba4c89a,2,f15208|A,5
data/DIPS-Plus/final/raw/ra/3rao.pdb1_0.dill,val,component_3e7ced3d6f0c,2,f29306|B,1
data/DIPS-Plus/final/raw/h8/2h84.pdb1_0.dill,val,component_843ed4edf0f3,2,f23803|A,11
data/DIPS-Plus/final/raw/iu/4iuy.pdb1_2.dill,val,component_b86f5ea67732,2,f15055|C,6
data/DIPS-Plus/final/raw/a3/2a3q.pdb2_0.dill,val,component_c9e32432031c,2,f162|A,9
data/DIPS-Plus/final/raw/p6/2p63.pdb3_0.dill,val,component_e98e1251472a,2,f24053|C,5
data/DIPS-Plus/final/raw/sd/3sde.pdb1_0.dill,val,component_8ae7098c9d9f,2,f36585|B,2
data/DIPS-Plus/final/raw/np/3npg.pdb1_1.dill,val,component_34e6caea21a8,2,f21643|A,4
data/DIPS-Plus/final/raw/um/4umk.pdb1_0.dill,val,component_e898bc1d56d8,2,f33503|C,6
data/DIPS-Plus/final/raw/x2/2x2n.pdb2_0.dill,val,component_3612fd78a8ba,2,f37557|A,2
data/DIPS-Plus/final/raw/s8/3s8f.pdb1_0.dill,val,component_b4ab48f9eeae,2,f7539|A;f7539|B,12
data/DIPS-Plus/final/raw/br/4bro.pdb1_0.dill,val,component_1fb23d759401,2,f3192|A,8
data/DIPS-Plus/final/raw/xv/1xvs.pdb1_0.dill,val,component_4ed575dfc3e3,2,f38495|A,2
data/DIPS-Plus/final/raw/fi/1fiu.pdb1_4.dill,val,component_bddffb6b049b,2,f744|A,7
data/DIPS-Plus/final/raw/k9/3k9c.pdb1_0.dill,val,component_d6582d1e0564,2,f24272|A,2
data/DIPS-Plus/final/raw/fg/2fg0.pdb1_0.dill,val,component_56a1e9aedfb1,2,f8942|A,1
data/DIPS-Plus/final/raw/uv/2uv0.pdb2_0.dill,val,component_b710fbea7f56,2,f15219|A,3
data/DIPS-Plus/final/raw/ue/3uez.pdb1_5.dill,val,component_97425ebf11b6,2,f7650|A,13
data/DIPS-Plus/final/raw/mc/3mcu.pdb1_6.dill,val,component_e61789a51891,2,f19474|D,9
data/DIPS-Plus/final/raw/nw/2nwa.pdb3_1.dill,val,component_19dc5a716093,2,f21953|A,12
data/DIPS-Plus/final/raw/lt/3ltf.pdb1_0.dill,val,component_fbba03a4cdf7,2,f18914|B;f21658|A,5
data/DIPS-Plus/final/raw/qa/1qaj.pdb1_0.dill,val,component_ed91b362be30,2,f25834|A,1
data/DIPS-Plus/final/raw/mm/3mmy.pdb2_0.dill,val,component_275a76eaf7f3,2,f20040|C;f20040|D,3
data/DIPS-Plus/final/raw/z8/4z8l.pdb1_0.dill,val,component_943992693765,2,f1052|A;f1052|B,9
data/DIPS-Plus/final/raw/ii/1ii4.pdb4_0.dill,val,component_4d1d7e65b0a0,2,f4893|C;f5974|B,14
data/DIPS-Plus/final/raw/kh/3khp.pdb1_0.dill,val,component_0a2eefc3f51b,2,f17434|A,8
data/DIPS-Plus/final/raw/mj/1mjk.pdb1_0.dill,val,component_6cc9fa4fe141,2,f4439|A,8
data/DIPS-Plus/final/raw/o9/4o93.pdb3_0.dill,val,component_b0f69f466376,2,f22572|A;f22572|B,7
data/DIPS-Plus/final/raw/e4/3e4u.pdb3_0.dill,val,component_2b123265f17c,2,f2422|C,13
data/DIPS-Plus/final/raw/rl/2rl8.pdb1_0.dill,val,component_9aa160adf238,2,f29908|D,6
data/DIPS-Plus/final/raw/jg/1jgm.pdb1_0.dill,val,component_a67cbb49cecf,2,f15974|A,14
data/DIPS-Plus/final/raw/g1/3g12.pdb1_0.dill,val,component_0e3c2b4718bc,2,f9881|B,1
data/DIPS-Plus/final/raw/kn/1knv.pdb1_0.dill,val,component_0db83ecfcc43,2,f17531|B,13
data/DIPS-Plus/final/raw/wn/3wnx.pdb1_0.dill,val,component_539094c23f35,2,f18360|B;f18360|D,3
data/DIPS-Plus/final/raw/je/2jes.pdb1_25.dill,val,component_be27975fbac6,2,f15942|E,7
data/DIPS-Plus/final/raw/j2/2j2j.pdb1_1.dill,val,component_9cd2fe809609,2,f15505|A,6
data/DIPS-Plus/final/raw/uz/2uzq.pdb2_0.dill,val,component_4cf3131d3aed,2,f34370|A,3
data/DIPS-Plus/final/raw/yg/3ygs.pdb1_0.dill,val,component_1ff064dcbe50,2,f40287|C;f40287|P,1
data/DIPS-Plus/final/raw/zx/3zx6.pdb1_0.dill,val,component_1710b519a782,2,f42018|A,1
data/DIPS-Plus/final/raw/eb/1ebu.pdb2_0.dill,val,component_35482d67f87b,2,f7282|A,3
data/DIPS-Plus/final/raw/sl/1slc.pdb2_0.dill,val,component_2d7c93e0a60f,2,f10290|A,10
data/DIPS-Plus/final/raw/t1/3t1r.pdb3_4.dill,val,component_5162abb7c6d2,2,f31547|C,14
data/DIPS-Plus/final/raw/wi/2wiu.pdb1_2.dill,val,component_dbce99d208c2,2,f36548|A;f36548|B,6
data/DIPS-Plus/final/raw/qi/2qib.pdb1_0.dill,val,component_695b2033f6a9,2,f26076|A,1
data/DIPS-Plus/final/raw/k9/3k9e.pdb1_0.dill,val,component_dbc420a3a743,2,f17190|B,2
data/DIPS-Plus/final/raw/j7/3j7a.pdb1_7.dill,val,component_391136e83546,2,f15728|P;f15750|3,8
data/DIPS-Plus/final/raw/ll/1llm.pdb1_0.dill,val,component_80401611c094,2,f18618|C,1
data/DIPS-Plus/final/raw/ge/3gem.pdb1_3.dill,val,component_b9ab25adac74,2,f10480|C,4
data/DIPS-Plus/final/raw/y2/2y2h.pdb1_0.dill,val,component_a5b96b99aa08,2,f38721|B,4
data/DIPS-Plus/final/raw/od/3odm.pdb2_2.dill,val,component_3755318b46a4,2,f22828|C,9
data/DIPS-Plus/final/raw/gh/2ghp.pdb1_1.dill,val,component_1e169d9a58fd,2,f10699|B,6
data/DIPS-Plus/final/raw/x0/4x01.pdb2_2.dill,val,component_e2b477ca745a,2,f37412|C,12
data/DIPS-Plus/final/raw/o9/2o9a.pdb1_0.dill,val,component_17146eaa5dce,2,f19948|B,5
data/DIPS-Plus/final/raw/cv/1cvs.pdb1_0.dill,val,component_4d1d7e65b0a0,2,f4893|C;f5974|B,14
data/DIPS-Plus/final/raw/gd/4gdk.pdb1_0.dill,val,component_37828b14332e,2,f10427|A;f10427|B,3
data/DIPS-Plus/final/raw/hs/3hsh.pdb2_2.dill,val,component_b0a1a7cffcf9,2,f13258|A,13
data/DIPS-Plus/final/raw/od/3odm.pdb1_1.dill,val,component_3755318b46a4,2,f22828|C,9
data/DIPS-Plus/final/raw/vw/2vws.pdb1_0.dill,val,component_3675c2ca108d,2,f34589|A,7
data/DIPS-Plus/final/raw/c4/2c45.pdb1_2.dill,val,component_3540462b6e0e,2,f1777|A,7
data/DIPS-Plus/final/raw/zx/2zxx.pdb1_0.dill,val,component_3546be0b1bfe,2,f42011|B,6
data/DIPS-Plus/final/raw/p9/2p9x.pdb1_2.dill,val,component_726d410aa3ad,2,f24197|A,7
data/DIPS-Plus/final/raw/zo/2zop.pdb2_2.dill,val,component_8dccd0b0455b,2,f41726|A,6
data/DIPS-Plus/final/raw/qw/1qwj.pdb2_0.dill,val,component_a3aab794ca9b,2,f27663|B,2
data/DIPS-Plus/final/raw/mt/3mtu.pdb1_12.dill,val,component_788d75446f34,2,f20296|E,1
data/DIPS-Plus/final/raw/yf/1yf8.pdb1_0.dill,val,component_7c6d10f5915f,2,f30456|A;f7304|B,15
data/DIPS-Plus/final/raw/xe/1xe0.pdb1_2.dill,val,component_1a8f247507b0,2,f20952|A,15
data/DIPS-Plus/final/raw/bx/4bxs.pdb1_0.dill,val,component_3408db0c4096,2,f3276|A;f3276|V,1
data/DIPS-Plus/final/raw/hp/2hp1.pdb1_0.dill,val,component_c551623d63dd,2,f1304|A,10
data/DIPS-Plus/final/raw/vm/1vmf.pdb1_1.dill,val,component_4b9b7df407c3,2,f35263|C,9
data/DIPS-Plus/final/raw/n8/4n8m.pdb1_4.dill,val,component_1a8f247507b0,2,f20952|A,15
data/DIPS-Plus/final/raw/cl/2clp.pdb5_0.dill,val,component_a1fa6fc4236b,2,f11581|A,6
data/DIPS-Plus/final/raw/ud/1ud0.pdb3_0.dill,val,component_a086ec035472,2,f17264|C,6
data/DIPS-Plus/final/raw/t0/3t0y.pdb1_0.dill,val,component_29757bb9fdfa,2,f31526|B;f31527|C,5
data/DIPS-Plus/final/raw/ek/2ekd.pdb1_0.dill,val,component_975fa9f9c40c,2,f7672|F,6
data/DIPS-Plus/final/raw/o7/3o72.pdb2_0.dill,val,component_024ebb2393f3,2,f38766|A,2
data/DIPS-Plus/final/raw/gw/2gwc.pdb4_0.dill,val,component_669ebbf3622a,2,f11643|F,3
data/DIPS-Plus/final/raw/ij/4iji.pdb1_0.dill,val,component_4684a33ad802,2,f14203|A,4
data/DIPS-Plus/final/raw/kg/4kgh.pdb1_0.dill,val,component_7460724c306a,2,f17387|B,1
data/DIPS-Plus/final/raw/kb/4kbq.pdb2_0.dill,val,component_a086ec035472,2,f17264|A;f17264|C,6
data/DIPS-Plus/final/raw/p7/2p7h.pdb1_5.dill,val,component_e0faea552c9b,2,f24098|A,7
data/DIPS-Plus/final/raw/f0/2f07.pdb1_0.dill,val,component_d39b2fccfc44,2,f8288|A,1
data/DIPS-Plus/final/raw/zc/1zct.pdb1_0.dill,val,component_f7884e3f1d21,2,f32849|A,5
data/DIPS-Plus/final/raw/io/2io7.pdb1_0.dill,val,component_d4b11293fd4b,2,f14607|B,3
data/DIPS-Plus/final/raw/di/1dii.pdb1_2.dill,val,component_849bb2c095ea,2,f37074|C;f915|A,11
data/DIPS-Plus/final/raw/k5/1k5j.pdb1_0.dill,val,component_1a8f247507b0,2,f20952|A,15
data/DIPS-Plus/final/raw/pv/3pv6.pdb1_0.dill,val,component_e55a0d2a2cea,2,f25187|A;f25187|B,1
data/DIPS-Plus/final/raw/y5/2y5p.pdb5_1.dill,val,component_44865daac1e9,2,f38823|C,3
data/DIPS-Plus/final/raw/z5/1z5b.pdb1_0.dill,val,component_cc57a6d8944c,2,f41007|A,5
data/DIPS-Plus/final/raw/by/3by7.pdb1_3.dill,val,component_af276d68801e,2,f3330|D,5
data/DIPS-Plus/final/raw/vq/3vq1.pdb1_1.dill,val,component_87a2cc75763c,2,f10122|B;f10123|C,10
data/DIPS-Plus/final/raw/ok/2okj.pdb1_0.dill,val,component_33199914305a,2,f23154|B,1
data/DIPS-Plus/final/raw/tj/1tjo.pdb1_2.dill,val,component_9f77afd5c307,2,f20083|A,12
data/DIPS-Plus/final/raw/xg/1xg5.pdb1_3.dill,val,component_9da225295169,2,f37926|D,4
data/DIPS-Plus/final/raw/o4/2o4g.pdb1_0.dill,val,component_1fc47b5d0b81,2,f20399|A,6
data/DIPS-Plus/final/raw/gz/1gzu.pdb1_0.dill,val,component_db3840ddc4bb,2,f11772|A,4
data/DIPS-Plus/final/raw/kp/3kp2.pdb1_0.dill,val,component_aeeb8bc7fb6f,2,f17595|B,5
data/DIPS-Plus/final/raw/zr/3zrw.pdb2_0.dill,val,component_b8d89a7e6561,2,f4866|B,6
data/DIPS-Plus/final/raw/c0/4c0z.pdb2_0.dill,val,component_be108c1afd95,2,f3394|F,5
data/DIPS-Plus/final/raw/la/3la6.pdb1_0.dill,val,component_9ea0376b3095,2,f18295|B,8
data/DIPS-Plus/final/raw/xc/4xc9.pdb1_4.dill,val,component_c9543803a811,2,f37793|A,9
data/DIPS-Plus/final/raw/sn/1sn8.pdb1_0.dill,val,component_5cc5ef10f423,2,f35176|B,6
data/DIPS-Plus/final/raw/uf/3uf5.pdb1_0.dill,val,component_97425ebf11b6,2,f7650|A,13
data/DIPS-Plus/final/raw/ty/3ty1.pdb1_0.dill,val,component_56712f66441d,2,f32685|A,3
data/DIPS-Plus/final/raw/mb/4mbq.pdb2_2.dill,val,component_2b138c0456b5,2,f19457|C,4
data/DIPS-Plus/final/raw/s5/3s5u.pdb1_2.dill,val,component_b7189ccb4634,2,f30808|H,9
data/DIPS-Plus/final/raw/v7/2v7w.pdb1_1.dill,val,component_117a3d6dda05,2,f3442|A,15
data/DIPS-Plus/final/raw/qy/2qyv.pdb1_0.dill,val,component_58efa2573601,2,f28460|A,1
data/DIPS-Plus/final/raw/z4/1z48.pdb1_0.dill,val,component_fe17fc356a9c,2,f17663|A,5
data/DIPS-Plus/final/raw/ql/3qll.pdb1_2.dill,val,component_399f5ebc7570,2,f26277|A,6
data/DIPS-Plus/final/raw/de/1del.pdb1_0.dill,val,component_02f9b37a507a,2,f5725|A,2
data/DIPS-Plus/final/raw/wa/3wat.pdb1_0.dill,val,component_bb10182641f1,2,f36175|A,3
data/DIPS-Plus/final/raw/cc/3cc0.pdb1_2.dill,val,component_fbead6c3a56c,2,f3888|A,3
data/DIPS-Plus/final/raw/d0/3d03.pdb1_8.dill,val,component_06569c0d9441,2,f5080|A,14
data/DIPS-Plus/final/raw/e5/1e57.pdb1_1.dill,val,component_c9497cfd9fc1,2,f1474|B,8
data/DIPS-Plus/final/raw/jb/2jbs.pdb1_0.dill,val,component_a772c930e10c,2,f15847|D,4
data/DIPS-Plus/final/raw/k5/3k55.pdb6_0.dill,val,component_06ef013bf0e0,2,f17074|A,6
data/DIPS-Plus/final/raw/o7/4o7o.pdb1_0.dill,val,component_9c0ebcd1ba3b,2,f22466|B,1
data/DIPS-Plus/final/raw/i1/2i1a.pdb2_0.dill,val,component_9f9782ada2ec,2,f30839|A,3
data/DIPS-Plus/final/raw/q2/4q25.pdb1_0.dill,val,component_32e445be80f5,2,f25497|A,1
data/DIPS-Plus/final/raw/p6/2p63.pdb1_4.dill,val,component_e98e1251472a,2,f24053|C,5
data/DIPS-Plus/final/raw/w5/1w5o.pdb1_0.dill,val,component_774efca1d345,2,f3410|A,9
data/DIPS-Plus/final/raw/oq/3oqb.pdb1_3.dill,val,component_a44ec716fdd5,2,f23365|F,8
data/DIPS-Plus/final/raw/jp/1jpl.pdb9_0.dill,val,component_8a4a192440cf,2,f16230|A,5
data/DIPS-Plus/final/raw/xm/1xmi.pdb1_4.dill,val,component_5c282cf57663,2,f28720|A,11
data/DIPS-Plus/final/raw/g9/2g9w.pdb1_0.dill,val,component_a834366caac4,2,f10140|A,1
data/DIPS-Plus/final/raw/vq/1vq3.pdb3_0.dill,val,component_cde26236516f,2,f35318|C,10
data/DIPS-Plus/final/raw/fj/2fjk.pdb1_5.dill,val,component_0d0d6ac9c0e0,2,f23024|A,8
data/DIPS-Plus/final/raw/by/2bym.pdb1_0.dill,val,component_da071d40332f,2,f3296|A;f3297|D,4
data/DIPS-Plus/final/raw/k5/3k55.pdb5_0.dill,val,component_06ef013bf0e0,2,f17074|A,6
data/DIPS-Plus/final/raw/ha/4han.pdb1_0.dill,val,component_9fd7f2161bff,2,f12178|A,4
data/DIPS-Plus/final/raw/bp/2bp1.pdb1_0.dill,val,component_a1fa6fc4236b,2,f11581|A,6
data/DIPS-Plus/final/raw/i3/1i3k.pdb1_0.dill,val,component_bbee30b3b769,2,f4562|A,5
data/DIPS-Plus/final/raw/yy/2yyv.pdb1_0.dill,val,component_8c450023aa2f,2,f35400|C,2
data/DIPS-Plus/final/raw/a7/3a7p.pdb1_0.dill,val,component_0c3053bcad45,2,f488|A,4
data/DIPS-Plus/final/raw/fi/4fiu.pdb1_1.dill,val,component_0c414b11267d,2,f9084|A,3
data/DIPS-Plus/final/raw/kg/4kgk.pdb1_5.dill,val,component_95a8b8a2666b,2,f17388|B,6
data/DIPS-Plus/final/raw/hs/3hsa.pdb1_3.dill,val,component_393bc7c46dfb,2,f13253|A,5
data/DIPS-Plus/final/raw/xd/2xdg.pdb1_0.dill,val,component_eaa76e241694,2,f37810|A,1
data/DIPS-Plus/final/raw/qc/1qcb.pdb1_0.dill,val,component_4d413179144a,2,f25874|D,10
data/DIPS-Plus/final/raw/np/1npe.pdb1_0.dill,val,component_80344cdc3343,2,f21616|A;f21616|B,1
data/DIPS-Plus/final/raw/qr/2qrw.pdb9_4.dill,val,component_f85d7df9d58c,2,f26841|C,13
data/DIPS-Plus/final/raw/jg/2jgy.pdb1_0.dill,val,component_629f71158bcd,2,f34439|A,12
data/DIPS-Plus/final/raw/n6/1n69.pdb1_0.dill,val,component_d59d09a8d147,2,f20726|B,1
data/DIPS-Plus/final/raw/l2/1l2g.pdb1_0.dill,val,component_82194a319469,2,f18011|A,8
data/DIPS-Plus/final/raw/ou/1ou9.pdb2_0.dill,val,component_22e26335bdc3,2,f23539|C,1
data/DIPS-Plus/final/raw/ck/4ckc.pdb1_0.dill,val,component_1b97c9ae4e47,2,f4373|E;f4376|D,10
data/DIPS-Plus/final/raw/r7/1r7a.pdb1_0.dill,val,component_d33c7940f25b,2,f10378|A,3
data/DIPS-Plus/final/raw/by/3by7.pdb1_2.dill,val,component_af276d68801e,2,f3330|D,5
data/DIPS-Plus/final/raw/kl/4kl6.pdb2_0.dill,val,component_1389a55650e5,2,f17484|A,2
data/DIPS-Plus/final/raw/d8/1d8w.pdb1_2.dill,val,component_4d644394ee95,2,f5718|A,13
data/DIPS-Plus/final/raw/em/3emo.pdb1_1.dill,val,component_9d61bddb0e20,2,f7774|A,9
data/DIPS-Plus/final/raw/np/4npa.pdb1_3.dill,val,component_c1122b863ce0,2,f2914|A,9
data/DIPS-Plus/final/raw/dm/5dm5.pdb1_9.dill,val,component_02bb3c46bfd2,2,f40459|B,7
data/DIPS-Plus/final/raw/eg/4egs.pdb1_0.dill,val,component_49a7f70b7b55,2,f8018|A,4
data/DIPS-Plus/final/raw/sl/3slg.pdb3_0.dill,val,component_e3b2aed692a9,2,f31010|C,2
data/DIPS-Plus/final/raw/q7/3q7r.pdb1_0.dill,val,component_3c8010d19967,2,f25739|A,1
data/DIPS-Plus/final/raw/u9/3u9f.pdb2_2.dill,val,component_a327ce606ba7,2,f33032|J,9
data/DIPS-Plus/final/raw/nj/3njf.pdb1_1.dill,val,component_e1941246ec8c,2,f21458|D,4
data/DIPS-Plus/final/raw/hz/4hzb.pdb1_7.dill,val,component_fc08193d07b6,2,f13646|A;f13646|B,8
data/DIPS-Plus/final/raw/aw/3awu.pdb1_0.dill,val,component_fb64f7f7e149,2,f1557|B;f24064|A,12
data/DIPS-Plus/final/raw/z9/1z9u.pdb1_0.dill,val,component_c927138767b0,2,f41185|B,1
data/DIPS-Plus/final/raw/oq/3oql.pdb1_1.dill,val,component_c06a0c27d97b,2,f23368|B,4
data/DIPS-Plus/final/raw/cw/4cw7.pdb1_0.dill,val,component_391136e83546,2,f15728|P;f4970|A,8
data/DIPS-Plus/final/raw/gi/2gix.pdb1_0.dill,val,component_4e1bd07c81e7,2,f10759|A,4
data/DIPS-Plus/final/raw/oh/3ohu.pdb2_0.dill,val,component_2b123265f17c,2,f2422|C,13
data/DIPS-Plus/final/raw/n3/1n3e.pdb2_0.dill,val,component_bd7ef08992f9,2,f9153|B,15
data/DIPS-Plus/final/raw/nf/4nfy.pdb1_0.dill,val,component_5c5da4e9b67b,2,f21373|A,2
data/DIPS-Plus/final/raw/sn/3sn9.pdb5_0.dill,val,component_37633be32e28,2,f31043|A,6
data/DIPS-Plus/final/raw/m3/3m3w.pdb1_0.dill,val,component_2c4d7f5c7301,2,f37624|A,7
data/DIPS-Plus/final/raw/qb/1qbz.pdb1_0.dill,val,component_bfa6ac818c6b,2,f25845|C,9
data/DIPS-Plus/final/raw/mc/3mcu.pdb1_0.dill,val,component_e61789a51891,2,f19474|D,9
data/DIPS-Plus/final/raw/ez/3ez2.pdb1_0.dill,val,component_797d46a18115,2,f8240|B,1
data/DIPS-Plus/final/raw/fa/4fa7.pdb1_0.dill,val,component_b4ab48f9eeae,2,f7539|A;f7539|B,12
data/DIPS-Plus/final/raw/cr/3cr7.pdb1_0.dill,val,component_0f147b155a91,2,f38057|B,10
data/DIPS-Plus/final/raw/k0/4k0d.pdb2_0.dill,val,component_323f7e93b851,2,f16857|B,2
data/DIPS-Plus/final/raw/db/5dbj.pdb2_0.dill,val,component_af9c138290e9,2,f5570|C,2
data/DIPS-Plus/final/raw/rz/4rzm.pdb3_0.dill,val,component_8380ee0f657e,2,f30509|B,2
data/DIPS-Plus/final/raw/lk/3lkk.pdb1_0.dill,val,component_e57f692ca32e,2,f18570|B,1
data/DIPS-Plus/final/raw/d0/2d0j.pdb1_0.dill,val,component_82a07c410b1c,2,f4875|A,3
data/DIPS-Plus/final/raw/cr/3cr3.pdb1_1.dill,val,component_353370069b0c,2,f18837|A;f4758|C,14
data/DIPS-Plus/final/raw/je/2jes.pdb1_4.dill,val,component_be27975fbac6,2,f15942|E,7
data/DIPS-Plus/final/raw/pb/1pby.pdb1_1.dill,val,component_a2bf0ef9770f,2,f24293|A;f24294|C,3
data/DIPS-Plus/final/raw/zx/4zxq.pdb1_1.dill,val,component_dd2dcabcf2d0,2,f18527|J,15
data/DIPS-Plus/final/raw/b9/1b9m.pdb1_0.dill,val,component_9cb1db3c6d7f,2,f2101|A,4
data/DIPS-Plus/final/raw/th/3thd.pdb2_0.dill,val,component_1d776ac81009,2,f31933|A,8
data/DIPS-Plus/final/raw/t6/3t6z.pdb4_0.dill,val,component_878862c07b7e,2,f9527|B,15
data/DIPS-Plus/final/raw/bp/1bp7.pdb1_0.dill,val,component_bd7ef08992f9,2,f9153|B,15
data/DIPS-Plus/final/raw/uw/3uw8.pdb1_0.dill,val,component_77d6115ec1ae,2,f34046|A,6
data/DIPS-Plus/final/raw/bk/2bky.pdb1_0.dill,val,component_53f53e9799a1,2,f21342|A,6
data/DIPS-Plus/final/raw/zp/3zpc.pdb1_0.dill,val,component_4f94f87fc826,2,f9974|A,5
data/DIPS-Plus/final/raw/ht/3ht4.pdb1_5.dill,val,component_40b41cb057cc,2,f11654|B,10
data/DIPS-Plus/final/raw/ql/1qlu.pdb1_0.dill,val,component_849bb2c095ea,2,f915|A,11
data/DIPS-Plus/final/raw/al/4alo.pdb1_0.dill,val,component_9234a7bcdb71,2,f1115|A,3
data/DIPS-Plus/final/raw/ft/2ftx.pdb1_0.dill,val,component_8186785b5c9c,2,f9503|A;f9503|B,1
data/DIPS-Plus/final/raw/n7/3n75.pdb1_0.dill,val,component_8fd42bb048e0,2,f20792|A,5
data/DIPS-Plus/final/raw/q5/1q5y.pdb1_5.dill,val,component_63e5e84f363f,2,f25661|A,9
data/DIPS-Plus/final/raw/nw/2nwa.pdb2_4.dill,val,component_19dc5a716093,2,f21953|A,12
data/DIPS-Plus/final/raw/li/4liw.pdb1_0.dill,val,component_87a82be1e856,2,f54|C,13
data/DIPS-Plus/final/raw/by/3by7.pdb1_0.dill,val,component_af276d68801e,2,f3330|D,5
data/DIPS-Plus/final/raw/eo/4eoz.pdb1_0.dill,val,component_0326ed75a11e,2,f7849|B;f7850|C,5
data/DIPS-Plus/final/raw/c8/3c8c.pdb1_0.dill,val,component_ae47d1e336e7,2,f3756|A,1
data/DIPS-Plus/final/raw/t3/1t3a.pdb1_0.dill,val,component_35da129eb263,2,f2959|C,10
data/DIPS-Plus/final/raw/kd/1kd0.pdb1_0.dill,val,component_45895d48f889,2,f17266|A,1
data/DIPS-Plus/final/raw/zb/1zbh.pdb1_1.dill,val,component_74079fb2600c,2,f41258|A,3
data/DIPS-Plus/final/raw/bz/3bzx.pdb2_0.dill,val,component_1932cc5c4039,1,f3376|B,9
data/DIPS-Plus/final/raw/mv/3mvg.pdb1_0.dill,val,component_7c6d10f5915f,2,f30456|A,15
data/DIPS-Plus/final/raw/ba/2bap.pdb1_0.dill,val,component_c596e992138d,1,f22664|A,6
data/DIPS-Plus/final/raw/of/2ofd.pdb1_0.dill,val,component_da1e5a8199fb,2,f25915|A,6
data/DIPS-Plus/final/raw/r8/4r8l.pdb1_2.dill,val,component_34506b228b33,2,f29239|B,10
data/DIPS-Plus/final/raw/fi/1fiu.pdb1_3.dill,val,component_bddffb6b049b,2,f744|A,7
data/DIPS-Plus/final/raw/x1/3x1l.pdb1_8.dill,val,component_c1cafd410cae,2,f37510|D;f37512|G,15
data/DIPS-Plus/final/raw/vq/3vqr.pdb1_0.dill,val,component_7b4d87fc09dc,2,f35397|A,1
data/DIPS-Plus/final/raw/ui/3uia.pdb1_0.dill,val,component_bfa6ac818c6b,2,f25845|C,9
data/DIPS-Plus/final/raw/vu/3vua.pdb7_8.dill,val,component_e7d493a5ad23,2,f35510|A,10
data/DIPS-Plus/final/raw/ep/3epx.pdb1_0.dill,val,component_bad739f7b69e,2,f7875|A,3
data/DIPS-Plus/final/raw/r1/4r1f.pdb1_0.dill,val,component_39ac198902c7,2,f28862|C,3
data/DIPS-Plus/final/raw/n0/3n0s.pdb2_0.dill,val,component_23286e392304,2,f22000|C,6
data/DIPS-Plus/final/raw/v7/2v74.pdb2_0.dill,val,component_3b7b6d02af7c,2,f28755|G,13
data/DIPS-Plus/final/raw/dx/5dxa.pdb1_0.dill,val,component_3b7b6d02af7c,2,f28755|G,13
data/DIPS-Plus/final/raw/rg/2rg9.pdb1_0.dill,val,component_7c6d10f5915f,2,f30456|A;f7304|B,15
data/DIPS-Plus/final/raw/dx/5dxj.pdb2_0.dill,val,component_3b7b6d02af7c,2,f28755|G,13
data/DIPS-Plus/final/raw/wx/3wxm.pdb4_0.dill,val,component_3fa1fc8b5684,2,f3391|A;f37177|B,10
data/DIPS-Plus/final/raw/o4/3o4z.pdb5_0.dill,val,component_1231a62ea1c2,2,f22349|A,2
data/DIPS-Plus/final/raw/kn/3knp.pdb1_0.dill,val,component_a636800265b2,2,f17538|B,3
data/DIPS-Plus/final/raw/lb/4lbq.pdb2_0.dill,val,component_2d7c93e0a60f,2,f10290|A,10
data/DIPS-Plus/final/raw/hp/3hpv.pdb1_1.dill,val,component_8b462c4684a7,2,f13033|A,6
data/DIPS-Plus/final/raw/uy/3uyj.pdb1_0.dill,val,component_22d08f73dc30,2,f34345|A,1
data/DIPS-Plus/final/raw/mm/1mmx.pdb1_0.dill,val,component_95c0412de951,2,f18157|B,9
data/DIPS-Plus/final/raw/ur/3ury.pdb4_0.dill,val,component_ccd13f2149f3,2,f29701|A,7
data/DIPS-Plus/final/raw/lj/4lj2.pdb1_0.dill,val,component_d53843c1e50b,2,f33425|A,15
data/DIPS-Plus/final/raw/i2/3i27.pdb2_0.dill,val,component_03e9e93eff7a,2,f13740|D,5
data/DIPS-Plus/final/raw/iu/4iu2.pdb1_0.dill,val,component_d11118d6bcfc,2,f15049|B;f15050|A,2
data/DIPS-Plus/final/raw/vz/1vz0.pdb3_0.dill,val,component_e898bc1d56d8,2,f33503|C,6
data/DIPS-Plus/final/raw/np/4npa.pdb1_1.dill,val,component_c1122b863ce0,2,f2914|A,9
data/DIPS-Plus/final/raw/hm/3hm7.pdb1_0.dill,val,component_cf907b4d4a74,2,f12864|B,2
data/DIPS-Plus/final/raw/p0/2p0a.pdb1_0.dill,val,component_6de3d4b4d6da,2,f24649|A,11
data/DIPS-Plus/final/raw/yl/1yl7.pdb1_3.dill,val,component_e2ae2ea7b1a1,2,f8506|A,10
data/DIPS-Plus/final/raw/n2/3n2l.pdb1_0.dill,val,component_d0feb37f6cd6,2,f19915|A,11
data/DIPS-Plus/final/raw/ga/2ga1.pdb1_0.dill,val,component_9717f592a89a,2,f10246|A,1
data/DIPS-Plus/final/raw/yx/1yxb.pdb1_5.dill,val,component_6d748f5a8357,2,f3810|A,7
data/DIPS-Plus/final/raw/dm/5dm5.pdb1_11.dill,val,component_02bb3c46bfd2,2,f40459|B,7
data/DIPS-Plus/final/raw/wz/3wzz.pdb1_0.dill,val,component_4d949d1e27f4,2,f37346|A,6
data/DIPS-Plus/final/raw/yf/2yf2.pdb1_3.dill,val,component_3e58e126987e,2,f40161|C,7
data/DIPS-Plus/final/raw/hr/4hr9.pdb1_0.dill,val,component_fc8841b1b0d7,2,f16235|A,3
data/DIPS-Plus/final/raw/mr/4mr7.pdb1_0.dill,val,component_2a9b5e5f6bef,2,f20270|A,2
data/DIPS-Plus/final/raw/kr/3kru.pdb1_2.dill,val,component_fe17fc356a9c,2,f17663|A,5
data/DIPS-Plus/final/raw/fd/4fdh.pdb1_7.dill,val,component_7bd019e75b49,2,f8905|E,9
data/DIPS-Plus/final/raw/dm/5dm6.pdb1_11.dill,val,component_4c54924da3d1,2,f6179|H;f6179|M,14
data/DIPS-Plus/final/raw/s1/1s1j.pdb1_0.dill,val,component_c54f1ccdc37e,2,f30536|B,1
data/DIPS-Plus/final/raw/kd/3kdf.pdb3_0.dill,val,component_2a46efae2027,2,f24501|G;f24965|A,7
data/DIPS-Plus/final/raw/u1/3u1p.pdb3_0.dill,val,component_b515a3677c43,2,f32813|A,1
data/DIPS-Plus/final/raw/zq/1zq7.pdb1_2.dill,val,component_982a7af2f45f,2,f41788|C,4
data/DIPS-Plus/final/raw/ps/2ps2.pdb2_0.dill,val,component_d2490df4e344,2,f25061|B,6
data/DIPS-Plus/final/raw/o9/1o9i.pdb1_2.dill,val,component_d1c1449d426a,2,f22503|A,15
data/DIPS-Plus/final/raw/zp/3zp7.pdb1_2.dill,val,component_4021cd549bb5,2,f5532|A,15
data/DIPS-Plus/final/raw/qj/3qjv.pdb1_0.dill,val,component_b4ab48f9eeae,2,f7539|A;f7539|B,12
data/DIPS-Plus/final/raw/cl/2clb.pdb2_0.dill,val,component_03e1b74d726c,2,f4392|A,10
data/DIPS-Plus/final/raw/ph/3phz.pdb1_0.dill,val,component_c2580a243ccb,2,f24484|A,1
data/DIPS-Plus/final/raw/o5/3o5b.pdb1_0.dill,val,component_383d194920f2,2,f26035|A,9
data/DIPS-Plus/final/raw/x0/4x01.pdb1_5.dill,val,component_e2b477ca745a,2,f37412|C,12
data/DIPS-Plus/final/raw/a0/4a0g.pdb1_0.dill,val,component_e73d71023215,2,f28|A,1
data/DIPS-Plus/final/raw/n2/4n2x.pdb1_2.dill,val,component_07f7565ebae5,2,f20587|A,12
data/DIPS-Plus/final/raw/nl/1nlz.pdb1_2.dill,val,component_8c27a7c9186f,2,f11777|C,11
data/DIPS-Plus/final/raw/ny/2nyg.pdb2_0.dill,val,component_23286e392304,2,f22000|C,6
data/DIPS-Plus/final/raw/ji/4jiv.pdb1_4.dill,val,component_250bb2c1adb5,2,f16052|A;f16054|D,6
data/DIPS-Plus/final/raw/xl/4xlx.pdb1_0.dill,val,component_5f387e55b3e0,2,f38268|A,1
data/DIPS-Plus/final/raw/fx/2fxa.pdb3_3.dill,val,component_c563906a11be,2,f9596|B,5
data/DIPS-Plus/final/raw/o5/2o5a.pdb1_0.dill,val,component_dbbc9c1cf246,2,f22381|A,1
data/DIPS-Plus/final/raw/hs/3hsh.pdb3_5.dill,val,component_b0a1a7cffcf9,2,f13258|A,13
data/DIPS-Plus/final/raw/hl/4hlc.pdb1_0.dill,val,component_6b8cf0dd66a0,2,f7277|A,11
data/DIPS-Plus/final/raw/a2/4a26.pdb1_0.dill,val,component_6885e171682f,2,f154|A,8
data/DIPS-Plus/final/raw/dm/5dm6.pdb1_5.dill,val,component_4c54924da3d1,2,f36411|B;f6179|M,14
data/DIPS-Plus/final/raw/xd/2xdn.pdb1_0.dill,val,component_f49a41f4d553,2,f34281|A,5
data/DIPS-Plus/final/raw/a4/3a4u.pdb1_0.dill,val,component_539094c23f35,2,f18360|B;f18360|D,3
data/DIPS-Plus/final/raw/kd/3kdq.pdb1_4.dill,val,component_6a5c22881552,2,f17288|C,5
data/DIPS-Plus/final/raw/eo/3eoz.pdb2_0.dill,val,component_65c79656b4ad,2,f22214|A,2
data/DIPS-Plus/final/raw/gd/4gdy.pdb1_0.dill,val,component_4a5655594214,2,f10430|B,10
data/DIPS-Plus/final/raw/ax/3axg.pdb3_4.dill,val,component_ba02fef07064,2,f1593|A,12
data/DIPS-Plus/final/raw/b9/3b9x.pdb1_0.dill,val,component_0581b60add2a,2,f17610|A,13
data/DIPS-Plus/final/raw/q1/1q1l.pdb1_1.dill,val,component_d53843c1e50b,2,f33425|A,15
data/DIPS-Plus/final/raw/ze/3zeu.pdb1_0.dill,val,component_5c5f9464c307,2,f41407|D;f7806|A,9
data/DIPS-Plus/final/raw/ku/1kut.pdb1_0.dill,val,component_327da6752dc3,2,f22481|A,9
data/DIPS-Plus/final/raw/tu/3tul.pdb5_1.dill,val,component_f350d8fd8993,2,f32528|A,4
data/DIPS-Plus/final/raw/v7/1v74.pdb1_0.dill,val,component_69f575ab48b8,2,f34717|A;f34717|B,3
data/DIPS-Plus/final/raw/ld/4ldw.pdb1_0.dill,val,component_36d3ba246c63,2,f18457|B,2
data/DIPS-Plus/final/raw/oi/3oid.pdb1_2.dill,val,component_052e8804f720,2,f23045|B,6
data/DIPS-Plus/final/raw/pi/3pio.pdb1_9.dill,val,component_9638e491e796,2,f36412|C;f6183|I,12
data/DIPS-Plus/final/raw/nn/2nnw.pdb1_0.dill,val,component_800484123114,2,f21525|A;f21525|B,3
data/DIPS-Plus/final/raw/fj/2fjk.pdb1_3.dill,val,component_0d0d6ac9c0e0,2,f23024|A,8
data/DIPS-Plus/final/raw/yl/1yl7.pdb1_2.dill,val,component_e2ae2ea7b1a1,2,f8506|A,10
data/DIPS-Plus/final/raw/hn/4hnx.pdb1_0.dill,val,component_3636acb06b5e,2,f12910|B;f12911|C,3
data/DIPS-Plus/final/raw/th/1thj.pdb1_1.dill,val,component_fc11fcef8515,2,f31929|A,3
data/DIPS-Plus/final/raw/qa/1qa7.pdb5_0.dill,val,component_64b53a8a6eac,2,f25827|B,6
data/DIPS-Plus/final/raw/t4/3t4t.pdb1_0.dill,val,component_b894f1927304,2,f31612|A,3
data/DIPS-Plus/final/raw/a1/5a11.pdb1_0.dill,val,component_41b480b788aa,2,f94|A,1
data/DIPS-Plus/final/raw/je/1je8.pdb2_0.dill,val,component_ecb256b71db9,2,f15923|E,2
data/DIPS-Plus/final/raw/q5/1q5y.pdb1_1.dill,val,component_63e5e84f363f,2,f25661|A,9
data/DIPS-Plus/final/raw/y7/1y7h.pdb4_0.dill,val,component_69f23018cda1,2,f6500|A,10
data/DIPS-Plus/final/raw/k2/3k28.pdb2_0.dill,val,component_c551623d63dd,2,f1304|A,10
data/DIPS-Plus/final/raw/xh/4xhr.pdb2_0.dill,val,component_bdb267bcee2e,2,f37989|A;f40648|A,13
data/DIPS-Plus/final/raw/mc/3mcu.pdb1_9.dill,val,component_e61789a51891,2,f19474|D,9
data/DIPS-Plus/final/raw/aa/2aaf.pdb1_3.dill,val,component_508a9ecfe9b2,2,f2789|B,11
data/DIPS-Plus/final/raw/hy/3hym.pdb9_1.dill,val,component_48d4d68de918,2,f13588|H,2
data/DIPS-Plus/final/raw/gn/4gni.pdb3_0.dill,val,component_371bc9c3ac79,2,f11100|A,1
data/DIPS-Plus/final/raw/e1/3e17.pdb1_0.dill,val,component_830e26075bc4,2,f29433|B,2
data/DIPS-Plus/final/raw/oq/3oqb.pdb1_6.dill,val,component_a44ec716fdd5,2,f23365|F,8
data/DIPS-Plus/final/raw/x3/2x3h.pdb1_1.dill,val,component_150f32f31c22,2,f37619|A,3
data/DIPS-Plus/final/raw/s8/3s8i.pdb1_0.dill,val,component_9f9782ada2ec,2,f30839|A,3
data/DIPS-Plus/final/raw/ii/1ii4.pdb3_0.dill,val,component_4d1d7e65b0a0,2,f4893|C;f5974|B,14
data/DIPS-Plus/final/raw/hi/2him.pdb1_1.dill,val,component_34506b228b33,2,f29239|B,10
data/DIPS-Plus/final/raw/fx/2fxm.pdb1_0.dill,val,component_c140979319f6,2,f9602|A,1
data/DIPS-Plus/final/raw/s8/3s8d.pdb1_0.dill,val,component_7bb1795da445,2,f30837|A,1
data/DIPS-Plus/final/raw/y7/1y7h.pdb3_0.dill,val,component_69f23018cda1,2,f6500|A,10
data/DIPS-Plus/final/raw/qm/1qmh.pdb1_0.dill,val,component_54735ebffe59,2,f26572|B,2
data/DIPS-Plus/final/raw/wt/4wt4.pdb2_0.dill,val,component_17201bf3dc1d,2,f37026|C,2
data/DIPS-Plus/final/raw/b9/3b9x.pdb1_1.dill,val,component_0581b60add2a,2,f17610|A,13
data/DIPS-Plus/final/raw/mo/1moj.pdb1_2.dill,val,component_9f77afd5c307,2,f20083|A,12
data/DIPS-Plus/final/raw/aj/5ajl.pdb1_0.dill,val,component_dd0779d30416,2,f1530|A,6
data/DIPS-Plus/final/raw/vu/2vun.pdb1_5.dill,val,component_4809cf8aafa8,2,f35505|A,4
data/DIPS-Plus/final/raw/gv/1gve.pdb1_0.dill,val,component_a1fa6fc4236b,2,f11581|A,6
data/DIPS-Plus/final/raw/x2/1x24.pdb1_0.dill,val,component_b403cf4d4877,2,f37551|A,4
data/DIPS-Plus/final/raw/e3/4e3z.pdb2_0.dill,val,component_1fdd37f743c6,2,f41262|C,11
data/DIPS-Plus/final/raw/dj/3dja.pdb1_0.dill,val,component_ee81eb879c8d,2,f6232|B,2
data/DIPS-Plus/final/raw/it/1itk.pdb2_0.dill,val,component_77d6115ec1ae,2,f34046|A,6
data/DIPS-Plus/final/raw/yo/1yo6.pdb1_0.dill,val,component_679db1e645ee,2,f40519|A,1
data/DIPS-Plus/final/raw/oj/1ojl.pdb1_1.dill,val,component_f7c1646588f0,2,f23082|D,4
data/DIPS-Plus/final/raw/fl/4fln.pdb1_1.dill,val,component_acb277fc755d,2,f9194|B,3
data/DIPS-Plus/final/raw/fp/4fpa.pdb1_0.dill,val,component_383d194920f2,2,f26035|A,9
data/DIPS-Plus/final/raw/de/1de6.pdb1_1.dill,val,component_4d644394ee95,2,f5718|A,13
data/DIPS-Plus/final/raw/zo/3zop.pdb1_2.dill,val,component_4021cd549bb5,2,f5532|A,15
data/DIPS-Plus/final/raw/wd/3wdl.pdb2_0.dill,val,component_51fcd8a91282,2,f36335|A,9
data/DIPS-Plus/final/raw/j3/4j3q.pdb1_0.dill,val,component_4043ee891eda,2,f15569|A,1
data/DIPS-Plus/final/raw/jx/4jx0.pdb3_0.dill,val,component_d8ccb12a3a0f,2,f16750|A,1
data/DIPS-Plus/final/raw/nn/4nnu.pdb1_0.dill,val,component_814359fa5b92,2,f21536|A,1
data/DIPS-Plus/final/raw/dd/1dd1.pdb2_0.dill,val,component_483f23e9c2ef,2,f5600|B,9
data/DIPS-Plus/final/raw/n2/4n2x.pdb1_1.dill,val,component_07f7565ebae5,2,f20587|A,12
data/DIPS-Plus/final/raw/ph/1phj.pdb1_0.dill,val,component_ac4e50c9c549,2,f15814|A;f15814|B,4
data/DIPS-Plus/final/raw/es/1esj.pdb1_0.dill,val,component_1212dd7a8480,2,f7947|A,6
data/DIPS-Plus/final/raw/zq/1zq7.pdb1_4.dill,val,component_982a7af2f45f,2,f41788|C,4
data/DIPS-Plus/final/raw/wr/3wrw.pdb2_0.dill,val,component_72fc439e1582,2,f36896|B,5
data/DIPS-Plus/final/raw/hs/3hsh.pdb3_8.dill,val,component_b0a1a7cffcf9,2,f13258|A,13
data/DIPS-Plus/final/raw/qq/4qq4.pdb1_0.dill,val,component_6627ab191ef3,2,f26795|A,1
data/DIPS-Plus/final/raw/fz/4fz0.pdb1_1.dill,val,component_95ff57e85fcb,2,f9699|C,6
data/DIPS-Plus/final/raw/uf/1ufo.pdb2_0.dill,val,component_83a61c83cf7e,2,f33203|A,3
data/DIPS-Plus/final/raw/jq/1jqo.pdb2_0.dill,val,component_c8d689e4dbc5,2,f3274|A,3
data/DIPS-Plus/final/raw/ix/3ix9.pdb1_0.dill,val,component_673c555ae3b3,2,f15220|A,6
data/DIPS-Plus/final/raw/bw/4bwy.pdb2_3.dill,val,component_5f8e07fe7c98,2,f3223|G,12
data/DIPS-Plus/final/raw/iy/1iyl.pdb6_0.dill,val,component_89363c3fd8ab,2,f15267|A,2
data/DIPS-Plus/final/raw/k2/3k2y.pdb2_0.dill,val,component_3ff961a86b48,2,f16954|A,2
data/DIPS-Plus/final/raw/q7/2q7d.pdb3_0.dill,val,component_7e984b735efe,2,f25704|A,1
data/DIPS-Plus/final/raw/xc/2xc8.pdb1_1.dill,val,component_1072250be827,1,f37777|B,2
data/DIPS-Plus/final/raw/cm/2cme.pdb3_0.dill,val,component_a55ed30923d6,2,f4441|B,4
data/DIPS-Plus/final/raw/gv/2gvj.pdb1_0.dill,val,component_b81f09a88433,2,f17359|A,10
data/DIPS-Plus/final/raw/t6/3t6x.pdb4_2.dill,val,component_878862c07b7e,2,f9527|B,15
data/DIPS-Plus/final/raw/e0/1e0y.pdb1_0.dill,val,component_849bb2c095ea,2,f915|A,11
data/DIPS-Plus/final/raw/j0/2j04.pdb1_0.dill,val,component_e91b751ca3f9,2,f15394|A;f15394|B,2
data/DIPS-Plus/final/raw/d0/3d03.pdb4_0.dill,val,component_06569c0d9441,2,f5080|A,14
data/DIPS-Plus/final/raw/d3/2d3a.pdb1_1.dill,val,component_86045623c2d2,2,f23097|C,15
data/DIPS-Plus/final/raw/j2/1j2g.pdb1_0.dill,val,component_898595ebc461,2,f29263|D,12
data/DIPS-Plus/final/raw/ic/3ic8.pdb2_0.dill,val,component_11eaf0f87046,2,f14153|A,5
data/DIPS-Plus/final/raw/or/2or2.pdb1_0.dill,val,component_a0fed221ff8d,2,f23435|A,1
data/DIPS-Plus/final/raw/p9/2p9x.pdb1_3.dill,val,component_726d410aa3ad,2,f24197|A,7
data/DIPS-Plus/final/raw/ya/1yax.pdb1_2.dill,val,component_12869002da0a,2,f39866|C,1
data/DIPS-Plus/final/raw/hi/4hi6.pdb1_1.dill,val,component_d8db112c4cec,2,f12697|A,4
data/DIPS-Plus/final/raw/x8/1x87.pdb1_0.dill,val,component_1d6aa0181d81,2,f34723|A,3
data/DIPS-Plus/final/raw/d8/1d8w.pdb1_4.dill,val,component_4d644394ee95,2,f5718|A,13
data/DIPS-Plus/final/raw/s3/3s3w.pdb1_0.dill,val,component_95ff57e85fcb,2,f9699|C,6
data/DIPS-Plus/final/raw/nh/4nhw.pdb2_0.dill,val,component_d096e0256c1a,2,f21409|D,2
data/DIPS-Plus/final/raw/bw/3bwe.pdb1_0.dill,val,component_c24ec5f9eb08,2,f23436|A,4
data/DIPS-Plus/final/raw/om/4omy.pdb1_0.dill,val,component_ef0712480e4f,2,f23300|A,2
data/DIPS-Plus/final/raw/yl/1yl7.pdb1_5.dill,val,component_e2ae2ea7b1a1,2,f8506|A,10
data/DIPS-Plus/final/raw/xm/1xmi.pdb1_2.dill,val,component_5c282cf57663,2,f28720|A,11
data/DIPS-Plus/final/raw/py/1pyq.pdb1_0.dill,val,component_3540462b6e0e,2,f1777|A,7
data/DIPS-Plus/final/raw/o9/1o9i.pdb1_10.dill,val,component_d1c1449d426a,2,f22503|A,15
data/DIPS-Plus/final/raw/j6/2j6i.pdb1_0.dill,val,component_3dfeea7b36fe,2,f38580|A,4
data/DIPS-Plus/final/raw/d6/2d6p.pdb1_0.dill,val,component_9fd7f2161bff,2,f12178|A,4
data/DIPS-Plus/final/raw/ad/3ad8.pdb1_4.dill,val,component_94c84371eac8,2,f784|C;f785|D,5
data/DIPS-Plus/final/raw/jp/3jpu.pdb2_0.dill,val,component_b710fbea7f56,2,f15219|A,3
data/DIPS-Plus/final/raw/bz/3bzl.pdb3_1.dill,val,component_1932cc5c4039,2,f3368|B;f3376|B,9
data/DIPS-Plus/final/raw/vj/1vjq.pdb1_0.dill,val,component_32e02b2ba3de,2,f35082|A,1
data/DIPS-Plus/final/raw/s5/3s5u.pdb2_2.dill,val,component_b7189ccb4634,2,f30808|H,9
data/DIPS-Plus/final/raw/n2/3n2l.pdb6_0.dill,val,component_d0feb37f6cd6,2,f19915|A,11
data/DIPS-Plus/final/raw/bq/5bqe.pdb1_0.dill,val,component_cd4e63bd3857,2,f2944|A,6
data/DIPS-Plus/final/raw/z7/4z7y.pdb1_0.dill,val,component_c714b2dee9e9,2,f12788|A,8
data/DIPS-Plus/final/raw/br/4bre.pdb1_0.dill,val,component_1fb23d759401,2,f3192|A,8
data/DIPS-Plus/final/raw/by/4byy.pdb1_0.dill,val,component_0e38c865e2b0,2,f3345|A,10
data/DIPS-Plus/final/raw/ob/2obe.pdb1_1.dill,val,component_89882c45c733,2,f22644|A,3
data/DIPS-Plus/final/raw/is/2isk.pdb4_0.dill,val,component_0d73ae1ff735,2,f14722|E,7
data/DIPS-Plus/final/raw/yh/2yh6.pdb1_0.dill,val,component_66f44c2853cd,2,f40304|D,1
data/DIPS-Plus/final/raw/vh/1vh0.pdb7_0.dill,val,component_d61d8e916c63,2,f34995|E,4
data/DIPS-Plus/final/raw/g8/4g8a.pdb1_3.dill,val,component_87a2cc75763c,2,f10122|B;f10123|C,10
data/DIPS-Plus/final/raw/mk/3mkm.pdb1_0.dill,val,component_0581b60add2a,2,f17610|A,13
data/DIPS-Plus/final/raw/du/3dui.pdb1_0.dill,val,component_2d7c93e0a60f,2,f10290|A,10
data/DIPS-Plus/final/raw/x2/3x27.pdb2_0.dill,val,component_9a33c9650a35,2,f37565|D,2
data/DIPS-Plus/final/raw/ee/4eec.pdb1_0.dill,val,component_90b066f96d15,2,f7413|A,1
data/DIPS-Plus/final/raw/i3/2i3d.pdb1_0.dill,val,component_b4ebe06833d6,2,f13790|B,1
data/DIPS-Plus/final/raw/oi/2oie.pdb1_1.dill,val,component_c9e32432031c,2,f162|A,9
data/DIPS-Plus/final/raw/db/3dbo.pdb1_0.dill,val,component_3a251e5edd2c,2,f5553|A;f5553|B,1
data/DIPS-Plus/final/raw/fl/2fld.pdb1_0.dill,val,component_bd7ef08992f9,2,f9153|B,15
data/DIPS-Plus/final/raw/r0/3r0q.pdb2_0.dill,val,component_3b7b6d02af7c,2,f28755|G,13
data/DIPS-Plus/final/raw/lk/3lku.pdb3_0.dill,val,component_d0fdcc3dd4e1,2,f18586|E;f18586|F,1
data/DIPS-Plus/final/raw/cw/4cw7.pdb4_0.dill,val,component_391136e83546,2,f15728|P;f4970|A,8
data/DIPS-Plus/final/raw/vp/1vph.pdb1_2.dill,val,component_4b9b7df407c3,2,f35263|C,9
data/DIPS-Plus/final/raw/gw/3gwp.pdb1_4.dill,val,component_40b41cb057cc,2,f11654|B,10
data/DIPS-Plus/final/raw/aa/2aaf.pdb1_2.dill,val,component_508a9ecfe9b2,2,f2789|B,11
data/DIPS-Plus/final/raw/wx/3wxy.pdb1_0.dill,val,component_de1da653c842,2,f6842|A,3
data/DIPS-Plus/final/raw/gc/2gc1.pdb1_0.dill,val,component_b3f5683c0dc7,2,f10345|A,4
data/DIPS-Plus/final/raw/df/2dfj.pdb1_0.dill,val,component_4bb4fafdc7cf,2,f5819|A,1
data/DIPS-Plus/final/raw/fl/4fln.pdb1_0.dill,val,component_acb277fc755d,2,f9194|B,3
data/DIPS-Plus/final/raw/r7/3r75.pdb1_0.dill,val,component_60d1893d65d8,2,f29149|B,2
data/DIPS-Plus/final/raw/c5/4c50.pdb1_0.dill,val,component_77d6115ec1ae,2,f34046|A,6
data/DIPS-Plus/final/raw/sn/3sn9.pdb6_0.dill,val,component_37633be32e28,2,f31043|A,6
data/DIPS-Plus/final/raw/p5/4p5h.pdb2_3.dill,val,component_bb6e57bce87f,2,f24042|M,3
data/DIPS-Plus/final/raw/et/4etm.pdb1_0.dill,val,component_49a7f70b7b55,2,f8018|A,4
data/DIPS-Plus/final/raw/hs/3hsa.pdb1_4.dill,val,component_393bc7c46dfb,2,f13253|A,5
data/DIPS-Plus/final/raw/at/3atp.pdb1_0.dill,val,component_2a17709a8fea,2,f18524|A,2
data/DIPS-Plus/final/raw/e1/1e1h.pdb1_2.dill,val,component_35da129eb263,2,f2959|C,10
data/DIPS-Plus/final/raw/r6/3r6m.pdb1_0.dill,val,component_5c5f9464c307,2,f41407|D,9
data/DIPS-Plus/final/raw/n7/4n7s.pdb1_0.dill,val,component_9f2c62f159ef,2,f20836|A;f20836|B,2
data/DIPS-Plus/final/raw/fd/3fd4.pdb1_0.dill,val,component_71c47bda234a,2,f8897|B,1
data/DIPS-Plus/final/raw/vu/2vun.pdb1_0.dill,val,component_4809cf8aafa8,2,f35505|A,4
data/DIPS-Plus/final/raw/v4/3v4z.pdb1_0.dill,val,component_a57205ff58c3,2,f13702|D,7
data/DIPS-Plus/final/raw/o9/4o93.pdb3_1.dill,val,component_b0f69f466376,2,f22572|A,7
data/DIPS-Plus/final/raw/q0/3q0k.pdb2_0.dill,val,component_2c4d7f5c7301,2,f37624|A,7
data/DIPS-Plus/final/raw/yw/2ywm.pdb1_1.dill,val,component_d91610b9cd69,2,f40715|A,4
data/DIPS-Plus/final/raw/yk/2yku.pdb2_0.dill,val,component_c551623d63dd,2,f1304|A,10
data/DIPS-Plus/final/raw/r9/2r91.pdb1_1.dill,val,component_18ae44e8f57c,2,f35830|A,8
data/DIPS-Plus/final/raw/lk/3lkb.pdb1_0.dill,val,component_f0d38bad3a42,2,f18568|A,1
data/DIPS-Plus/final/raw/b9/1b9n.pdb1_0.dill,val,component_9cb1db3c6d7f,2,f2101|A,4
data/DIPS-Plus/final/raw/wx/3wxm.pdb1_0.dill,val,component_3fa1fc8b5684,2,f3391|A;f37177|B,10
data/DIPS-Plus/final/raw/da/4dam.pdb3_3.dill,val,component_b08153b3ee5e,2,f5510|K,4
data/DIPS-Plus/final/raw/nd/3ndh.pdb1_0.dill,val,component_8b74dc1887db,2,f21199|A,1
data/DIPS-Plus/final/raw/fm/2fml.pdb1_0.dill,val,component_4460fbfd90a2,2,f9215|A,2
data/DIPS-Plus/final/raw/cf/5cfb.pdb1_0.dill,val,component_7f7062066f91,2,f4125|A,5
data/DIPS-Plus/final/raw/ql/4qly.pdb2_0.dill,val,component_40b145e3b1b7,2,f26569|A,2
data/DIPS-Plus/final/raw/n2/3n2l.pdb3_0.dill,val,component_d0feb37f6cd6,2,f19915|A,11
data/DIPS-Plus/final/raw/r8/4r8d.pdb1_0.dill,test,component_ceb02b0e3134,2,f29238|A,15
data/DIPS-Plus/final/raw/x7/4x7w.pdb1_0.dill,test,component_c340bb22f7bf,2,f37695|A,3
data/DIPS-Plus/final/raw/b9/1b97.pdb1_0.dill,test,component_63c1840c4cbb,2,f2098|A,9
data/DIPS-Plus/final/raw/og/2ogf.pdb1_0.dill,test,component_06c51b082081,2,f22956|B,13
data/DIPS-Plus/final/raw/ws/4ws9.pdb3_2.dill,test,component_6df3a9507443,2,f16856|A,13
data/DIPS-Plus/final/raw/jg/2jg1.pdb1_0.dill,test,component_627020cfd29b,2,f25670|A,7
data/DIPS-Plus/final/raw/de/5dep.pdb2_2.dill,test,component_913cc8c53137,2,f5761|D,6
data/DIPS-Plus/final/raw/fn/3fnj.pdb2_0.dill,test,component_607ea4e0406e,2,f9295|D,9
data/DIPS-Plus/final/raw/dz/1dzr.pdb1_0.dill,test,component_e2ba674971bd,2,f12905|C,5
data/DIPS-Plus/final/raw/rd/2rd9.pdb3_2.dill,test,component_688168d8c257,2,f29506|A,6
data/DIPS-Plus/final/raw/ra/2raw.pdb1_0.dill,test,component_a56b70b642ed,2,f25946|B;f33180|B,9
data/DIPS-Plus/final/raw/t6/1t61.pdb1_12.dill,test,component_240989c7570c,2,f31642|D,12
data/DIPS-Plus/final/raw/a4/5a49.pdb2_0.dill,test,component_0403f4e812f9,2,f289|C,5
data/DIPS-Plus/final/raw/dz/3dz7.pdb1_0.dill,test,component_14f17114bdd5,2,f19805|A;f6741|B,7
data/DIPS-Plus/final/raw/vl/1vl6.pdb1_4.dill,test,component_403ff9ae2708,2,f21921|A,14
data/DIPS-Plus/final/raw/kn/3knz.pdb2_0.dill,test,component_3c981687b338,2,f17541|A,3
data/DIPS-Plus/final/raw/j5/1j5w.pdb1_0.dill,test,component_7b5a6447190c,2,f33228|A,2
data/DIPS-Plus/final/raw/o8/3o8j.pdb1_0.dill,test,component_9bc1c3770656,2,f14125|A,11
data/DIPS-Plus/final/raw/ca/2cax.pdb1_0.dill,test,component_0c3917487250,2,f2687|B,6
data/DIPS-Plus/final/raw/so/3sou.pdb3_0.dill,test,component_bf2903dec43f,2,f31068|B,3
data/DIPS-Plus/final/raw/tn/3tn6.pdb1_0.dill,test,component_03f935d8e7a5,2,f23457|A,6
data/DIPS-Plus/final/raw/u8/3u8v.pdb3_0.dill,test,component_2a113f1cb7b1,2,f33005|A,1
data/DIPS-Plus/final/raw/ix/1ixq.pdb1_1.dill,test,component_a4c0f1d24d33,2,f10819|D,5
data/DIPS-Plus/final/raw/v2/3v2u.pdb1_3.dill,test,component_eeb26546f155,2,f21890|A;f34421|C,13
data/DIPS-Plus/final/raw/rq/1rq0.pdb1_1.dill,test,component_2898f6c2f8e9,2,f29975|A,3
data/DIPS-Plus/final/raw/gf/2gff.pdb1_0.dill,test,component_4f3dd95e6a7b,2,f26620|D,3
data/DIPS-Plus/final/raw/pm/3pm8.pdb1_0.dill,test,component_282f5e1e416b,2,f24797|B,2
data/DIPS-Plus/final/raw/xg/4xgk.pdb1_0.dill,test,component_1d09e4202d8c,2,f29974|A,5
data/DIPS-Plus/final/raw/lp/3lpn.pdb1_0.dill,test,component_cd8d8df34520,2,f19435|A,13
data/DIPS-Plus/final/raw/ht/2htm.pdb1_1.dill,test,component_a2db12c08099,2,f13341|E;f37071|A,15
data/DIPS-Plus/final/raw/zj/3zjm.pdb2_0.dill,test,component_555fd5cade01,2,f28729|A,6
data/DIPS-Plus/final/raw/f2/1f2u.pdb1_1.dill,test,component_8b3fe7ce2d26,2,f14399|A;f14399|B,7
data/DIPS-Plus/final/raw/e8/1e8o.pdb1_0.dill,test,component_fe09768ea66c,2,f7181|A;f7182|D,2
data/DIPS-Plus/final/raw/gf/3gfq.pdb2_0.dill,test,component_509d0be1fd23,2,f10506|D,6
data/DIPS-Plus/final/raw/ce/5ceg.pdb1_1.dill,test,component_b7694a909a4a,2,f4047|A;f4048|B,3
data/DIPS-Plus/final/raw/s2/1s2l.pdb1_2.dill,test,component_405ecf819c41,2,f30604|B,7
data/DIPS-Plus/final/raw/nc/3ncz.pdb2_0.dill,test,component_8026673e468d,2,f7989|A,8
data/DIPS-Plus/final/raw/uf/1ufr.pdb1_0.dill,test,component_8715924ddec7,2,f35829|B,5
data/DIPS-Plus/final/raw/nd/4ndr.pdb1_0.dill,test,component_d5ea094d4e3c,2,f8562|B,2
data/DIPS-Plus/final/raw/ii/2ii8.pdb2_3.dill,test,component_260b44f0ddde,2,f14409|B,8
data/DIPS-Plus/final/raw/se/3sev.pdb1_1.dill,test,component_54f931286d29,2,f5871|A,12
data/DIPS-Plus/final/raw/r0/3r0h.pdb6_0.dill,test,component_6f1f7a3f655c,1,f28733|D,8
data/DIPS-Plus/final/raw/ky/3kyh.pdb1_0.dill,test,component_bc1005e5b692,2,f5425|B,8
data/DIPS-Plus/final/raw/ai/3ai7.pdb1_0.dill,test,component_a7f2aec37484,2,f980|A,1
data/DIPS-Plus/final/raw/eb/4eba.pdb3_2.dill,test,component_9310ba25e1ed,2,f7308|A;f7309|G,10
data/DIPS-Plus/final/raw/mj/4mjs.pdb3_0.dill,test,component_caa89b785d0f,2,f19941|E;f19942|J,3
data/DIPS-Plus/final/raw/ng/3ng9.pdb1_3.dill,test,component_8019dba16166,2,f21378|A,14
data/DIPS-Plus/final/raw/zk/1zke.pdb4_0.dill,test,component_cfc590f4c338,2,f41495|D,2
data/DIPS-Plus/final/raw/mj/3mjg.pdb1_4.dill,test,component_2bb6380e0d63,2,f19917|B;f19918|X,5
data/DIPS-Plus/final/raw/m1/3m1r.pdb2_0.dill,test,component_e53c0e17a33f,2,f19166|D,6
data/DIPS-Plus/final/raw/oz/1ozb.pdb2_3.dill,test,component_aa425827fbb6,2,f23764|F,10
data/DIPS-Plus/final/raw/xq/2xqr.pdb4_0.dill,test,component_20accd396bec,2,f38330|A;f38330|B,6
data/DIPS-Plus/final/raw/c2/1c28.pdb1_1.dill,test,component_4672ce8b4c75,2,f3482|D,15
data/DIPS-Plus/final/raw/uo/3uoe.pdb1_0.dill,test,component_18799bd1303e,2,f9145|A,4
data/DIPS-Plus/final/raw/sh/1shk.pdb5_0.dill,test,component_721269584937,2,f30952|B,1
data/DIPS-Plus/final/raw/p8/3p83.pdb1_7.dill,test,component_66cc7ad4b420,2,f24171|D,9
data/DIPS-Plus/final/raw/ng/3ng9.pdb1_14.dill,test,component_8019dba16166,2,f21378|A,14
data/DIPS-Plus/final/raw/nk/1nk1.pdb1_0.dill,test,component_93723b5e06df,2,f15051|B,9
data/DIPS-Plus/final/raw/nc/1nc7.pdb1_0.dill,test,component_717233d792b8,2,f21119|D,4
data/DIPS-Plus/final/raw/ch/5chb.pdb1_2.dill,test,component_34ddfbd4d27d,2,f37139|A,13
data/DIPS-Plus/final/raw/i1/1i12.pdb1_0.dill,test,component_98bdac4b3af0,2,f13690|D,5
data/DIPS-Plus/final/raw/km/4kmh.pdb1_0.dill,test,component_1a34f76b8882,2,f17524|B,1
data/DIPS-Plus/final/raw/qx/3qx3.pdb1_0.dill,test,component_c04d3105a885,2,f28363|A,3
data/DIPS-Plus/final/raw/d0/3d01.pdb4_0.dill,test,component_d036943bc83b,2,f5072|L,12
data/DIPS-Plus/final/raw/q5/2q5o.pdb1_0.dill,test,component_bfd25158842d,2,f25666|A,4
data/DIPS-Plus/final/raw/yl/1ylo.pdb1_6.dill,test,component_d985b83e84b7,2,f40461|A,7
data/DIPS-Plus/final/raw/an/2anu.pdb2_0.dill,test,component_47d2cfd9ac34,2,f1157|A,8
data/DIPS-Plus/final/raw/mi/4miy.pdb1_0.dill,test,component_5fa37ea06b84,2,f19900|A,12
data/DIPS-Plus/final/raw/ou/1ou5.pdb1_0.dill,test,component_f78630ab83d3,2,f23538|A,1
data/DIPS-Plus/final/raw/u8/1u8r.pdb2_2.dill,test,component_338bfed967a1,2,f9590|A,9
data/DIPS-Plus/final/raw/fq/2fqm.pdb2_0.dill,test,component_55f3ea220870,2,f9439|D,2
data/DIPS-Plus/final/raw/gs/2gsl.pdb2_0.dill,test,component_219fd9fc2b8d,2,f11342|F,3
data/DIPS-Plus/final/raw/pm/2pm7.pdb1_0.dill,test,component_d2380ce9f5ab,2,f20455|A;f24790|C,12
data/DIPS-Plus/final/raw/zx/4zxa.pdb2_0.dill,test,component_eefe6a5c3319,2,f42027|C;f42027|Y,4
data/DIPS-Plus/final/raw/vv/2vv5.pdb1_3.dill,test,component_c40fd04eddb3,2,f35521|A,7
data/DIPS-Plus/final/raw/mu/3muu.pdb1_1.dill,test,component_e9c388a54615,2,f20310|A,7
data/DIPS-Plus/final/raw/hn/2hnu.pdb2_0.dill,test,component_d478a55d56a8,2,f12888|C,4
data/DIPS-Plus/final/raw/qp/4qpq.pdb1_2.dill,test,component_7c3561667320,2,f26735|D,4
data/DIPS-Plus/final/raw/gw/3gw6.pdb1_0.dill,test,component_f2c6f0ca874f,2,f11649|F,3
data/DIPS-Plus/final/raw/mw/4mwa.pdb1_3.dill,test,component_b3bcfc1faaae,2,f38669|D,5
data/DIPS-Plus/final/raw/qd/4qde.pdb1_0.dill,test,component_053582ceca2a,2,f3197|C,7
data/DIPS-Plus/final/raw/xm/2xme.pdb2_0.dill,test,component_1d39b8e1f714,2,f38286|D,1
data/DIPS-Plus/final/raw/om/2ome.pdb2_0.dill,test,component_147b5112f1d5,2,f5703|A,15
data/DIPS-Plus/final/raw/aa/4aao.pdb1_0.dill,test,component_95514fe29830,2,f3418|A,10
data/DIPS-Plus/final/raw/vj/2vje.pdb1_0.dill,test,component_56dfb8a38de2,2,f35085|A,4
data/DIPS-Plus/final/raw/gu/3gu3.pdb1_0.dill,test,component_1aea598059e0,2,f10698|A,2
data/DIPS-Plus/final/raw/qi/2qie.pdb1_0.dill,test,component_562e11d0e5a8,2,f26077|A;f26077|B,6
data/DIPS-Plus/final/raw/do/4doh.pdb1_1.dill,test,component_7ab970d1df2f,2,f6243|A;f6244|R,6
data/DIPS-Plus/final/raw/ng/3ng9.pdb1_13.dill,test,component_8019dba16166,2,f21378|A,14
data/DIPS-Plus/final/raw/xe/1xea.pdb1_5.dill,test,component_552c73d553a5,2,f37841|A,4
data/DIPS-Plus/final/raw/rq/1rq0.pdb1_0.dill,test,component_2898f6c2f8e9,2,f29975|A,3
data/DIPS-Plus/final/raw/j9/1j9j.pdb1_0.dill,test,component_05e30e74dd48,2,f18090|B,10
data/DIPS-Plus/final/raw/z8/1z82.pdb1_0.dill,test,component_ac5d1a52b39c,2,f20528|A,3
data/DIPS-Plus/final/raw/mt/3mtu.pdb1_9.dill,test,component_1fa994dab1e1,2,f37740|C,6
data/DIPS-Plus/final/raw/zx/4zxs.pdb3_2.dill,test,component_e9a6f71f6046,2,f42037|B;f42038|C,5
data/DIPS-Plus/final/raw/p1/3p1t.pdb2_0.dill,test,component_ceb02b0e3134,2,f29238|A,15
data/DIPS-Plus/final/raw/kf/1kfq.pdb1_0.dill,test,component_393816964129,2,f17341|A,3
data/DIPS-Plus/final/raw/tc/3tc9.pdb1_0.dill,test,component_6d0699da68fa,2,f31814|B,1
data/DIPS-Plus/final/raw/zx/1zx4.pdb1_0.dill,test,component_4095391deffe,2,f41958|A,1
data/DIPS-Plus/final/raw/yp/1yp4.pdb1_3.dill,test,component_b97b6d856a36,2,f40538|C,13
data/DIPS-Plus/final/raw/p7/3p7x.pdb1_1.dill,test,component_747e7a4d6039,2,f41843|A,5
data/DIPS-Plus/final/raw/so/1so5.pdb2_0.dill,test,component_eb62408a0bd5,2,f8194|A,8
data/DIPS-Plus/final/raw/w6/1w61.pdb1_0.dill,test,component_0121643902b2,2,f35891|A,4
data/DIPS-Plus/final/raw/a8/1a88.pdb1_2.dill,test,component_072d1bd0a653,2,f5913|A,12
data/DIPS-Plus/final/raw/j3/2j3j.pdb1_0.dill,test,component_8e7f7691fefc,2,f21407|A,11
data/DIPS-Plus/final/raw/jd/4jdo.pdb1_2.dill,test,component_b68fe54218bc,2,f15909|B,9
data/DIPS-Plus/final/raw/dd/3ddn.pdb1_0.dill,test,component_147b5112f1d5,2,f5703|A,15
data/DIPS-Plus/final/raw/pu/2pu9.pdb1_1.dill,test,component_01e13372922b,2,f25110|A;f25111|C,12
data/DIPS-Plus/final/raw/gk/1gk1.pdb1_0.dill,test,component_2200d1809365,2,f10789|B;f16574|A,7
data/DIPS-Plus/final/raw/mu/3muu.pdb1_0.dill,test,component_e9c388a54615,2,f20310|A,7
data/DIPS-Plus/final/raw/d9/5d9i.pdb1_0.dill,test,component_aa8fe7099a28,2,f5490|A,2
data/DIPS-Plus/final/raw/ks/3ks2.pdb4_0.dill,test,component_aa879fb803c7,2,f11778|A,11
data/DIPS-Plus/final/raw/ya/2yav.pdb1_1.dill,test,component_2ac028ec7f1c,2,f39873|A,7
data/DIPS-Plus/final/raw/pv/1pvw.pdb1_0.dill,test,component_03cdcc58732e,2,f25158|A,2
data/DIPS-Plus/final/raw/d0/3d01.pdb1_2.dill,test,component_d036943bc83b,2,f5072|L,12
data/DIPS-Plus/final/raw/x7/2x78.pdb1_0.dill,test,component_fb138e1c966d,2,f2176|A,15
data/DIPS-Plus/final/raw/v3/4v3e.pdb1_0.dill,test,component_fca5d7a34b62,2,f34449|A;f34449|B,1
data/DIPS-Plus/final/raw/i3/2i3t.pdb4_0.dill,test,component_685b3821329f,2,f13795|A;f13796|D,4
data/DIPS-Plus/final/raw/d1/2d1p.pdb1_2.dill,test,component_125938cc0af0,2,f5113|B;f5114|C,14
data/DIPS-Plus/final/raw/ee/4eea.pdb5_2.dill,test,component_3cc5eb422736,2,f7404|A,12
data/DIPS-Plus/final/raw/df/5dfm.pdb3_0.dill,test,component_54f931286d29,2,f5871|A,12
data/DIPS-Plus/final/raw/na/3nag.pdb2_0.dill,test,component_cd8d8df34520,2,f19435|A,13
data/DIPS-Plus/final/raw/zc/2zc0.pdb1_3.dill,test,component_d5c6061f7b7a,2,f15950|B,8
data/DIPS-Plus/final/raw/ez/3ezz.pdb1_1.dill,test,component_70da871280c8,2,f13207|A,6
data/DIPS-Plus/final/raw/sz/1szk.pdb1_1.dill,test,component_0d78aad2ed76,2,f31421|A,12
data/DIPS-Plus/final/raw/nu/1nua.pdb1_0.dill,test,component_33e5861f26ab,2,f21839|A,6
data/DIPS-Plus/final/raw/ar/2ar3.pdb1_2.dill,test,component_bce7914f82ef,2,f1381|B,6
data/DIPS-Plus/final/raw/ce/4cei.pdb1_0.dill,test,component_75dc2c1e1bb2,2,f4041|A;f4041|B,2
data/DIPS-Plus/final/raw/o6/4o6c.pdb1_0.dill,test,component_47b490763fba,2,f22419|A,3
data/DIPS-Plus/final/raw/e0/4e0e.pdb1_0.dill,test,component_5dd25acc3e24,2,f6804|A,2
data/DIPS-Plus/final/raw/tf/3tfz.pdb2_0.dill,test,component_8b2a3ce13e47,2,f31889|A,3
data/DIPS-Plus/final/raw/aj/3ajm.pdb1_0.dill,test,component_7ffef8eabc3c,2,f1014|A,2
data/DIPS-Plus/final/raw/uv/2uvp.pdb1_1.dill,test,component_100426769d67,2,f34120|C,4
data/DIPS-Plus/final/raw/g8/3g8x.pdb1_0.dill,test,component_09c899d74cce,2,f21506|B,15
data/DIPS-Plus/final/raw/f6/1f6d.pdb1_0.dill,test,component_f903a7f3499f,2,f6745|A,3
data/DIPS-Plus/final/raw/eb/4eba.pdb1_0.dill,test,component_9310ba25e1ed,2,f7308|A,10
data/DIPS-Plus/final/raw/c3/1c3h.pdb2_0.dill,test,component_4672ce8b4c75,2,f3482|D,15
data/DIPS-Plus/final/raw/qq/2qq2.pdb1_3.dill,test,component_a6733e6abb90,2,f26757|C,12
data/DIPS-Plus/final/raw/pi/3pip.pdb1_22.dill,test,component_77abd4ce7078,2,f14613|Z;f6184|P,13
data/DIPS-Plus/final/raw/d0/3d01.pdb3_0.dill,test,component_d036943bc83b,2,f5072|L,12
data/DIPS-Plus/final/raw/ad/3add.pdb1_0.dill,test,component_b2d0b927327c,2,f789|A,3
data/DIPS-Plus/final/raw/ud/3udd.pdb3_0.dill,test,component_e768a332e29d,2,f33126|B,1
data/DIPS-Plus/final/raw/e5/4e5s.pdb2_0.dill,test,component_d498c3117e96,2,f16710|A,10
data/DIPS-Plus/final/raw/cl/4cl1.pdb1_3.dill,test,component_ca95883ab783,2,f41409|A,5
data/DIPS-Plus/final/raw/i1/1i12.pdb2_0.dill,test,component_98bdac4b3af0,2,f13690|D,5
data/DIPS-Plus/final/raw/ee/4ee4.pdb4_0.dill,test,component_3cc5eb422736,2,f7404|A,12
data/DIPS-Plus/final/raw/c4/1c4p.pdb1_4.dill,test,component_f69582dc95a3,2,f3591|A,5
data/DIPS-Plus/final/raw/at/4at8.pdb2_0.dill,test,component_22989e002c67,2,f1450|C;f1450|D,2
data/DIPS-Plus/final/raw/qh/1qhm.pdb1_0.dill,test,component_7c0b811136e8,2,f11784|A,3
data/DIPS-Plus/final/raw/a9/2a9f.pdb1_0.dill,test,component_403ff9ae2708,2,f21921|A,14
data/DIPS-Plus/final/raw/ba/3ba3.pdb1_0.dill,test,component_5ad948f4ab28,2,f2165|B,1
data/DIPS-Plus/final/raw/cr/1crk.pdb1_0.dill,test,component_e1a3ef3cf2c8,2,f4754|A,9
data/DIPS-Plus/final/raw/bp/2bpq.pdb1_0.dill,test,component_03bd9ee2ed55,2,f22247|D,9
data/DIPS-Plus/final/raw/f7/3f72.pdb3_0.dill,test,component_7a5ca4391335,2,f8577|B,3
data/DIPS-Plus/final/raw/xl/1xl4.pdb1_0.dill,test,component_d773c0e1f171,2,f38227|A,5
data/DIPS-Plus/final/raw/g3/2g3n.pdb1_0.dill,test,component_1da92f3d2318,2,f9959|A,9
data/DIPS-Plus/final/raw/f7/3f70.pdb1_0.dill,test,component_f14b6828d1cc,2,f3672|A,5
data/DIPS-Plus/final/raw/zr/2zr2.pdb1_0.dill,test,component_f6e23b69d973,2,f7936|A,3
data/DIPS-Plus/final/raw/ex/4exw.pdb1_1.dill,test,component_8b7349dbcc44,2,f13079|A,15
data/DIPS-Plus/final/raw/bx/5bxd.pdb1_0.dill,test,component_e65b330739b2,2,f3279|H,9
data/DIPS-Plus/final/raw/e1/3e19.pdb1_1.dill,test,component_70798b606dc7,2,f6834|C,10
data/DIPS-Plus/final/raw/oh/2ohi.pdb5_2.dill,test,component_f0aadf948313,2,f23011|A,13
data/DIPS-Plus/final/raw/lk/4lkb.pdb3_2.dill,test,component_866f4bf58978,2,f18601|B,15
data/DIPS-Plus/final/raw/l3/3l3b.pdb1_0.dill,test,component_7c8c9f426822,2,f23715|A,3
data/DIPS-Plus/final/raw/mx/3mxl.pdb1_1.dill,test,component_aef971a90e03,2,f42044|D,12
data/DIPS-Plus/final/raw/hj/1hjx.pdb1_4.dill,test,component_cd3c3ef2c894,2,f12702|A,5
data/DIPS-Plus/final/raw/af/2afx.pdb3_0.dill,test,component_cef3a99360fd,2,f827|A,7
data/DIPS-Plus/final/raw/lz/4lzj.pdb3_0.dill,test,component_3fbc714319ed,2,f19074|B,4
data/DIPS-Plus/final/raw/kx/3kx7.pdb1_0.dill,test,component_25654186bf94,2,f17771|B,7
data/DIPS-Plus/final/raw/ur/4ur2.pdb1_0.dill,test,component_7b12f1205d06,2,f33973|A,2
data/DIPS-Plus/final/raw/uc/4ucz.pdb1_0.dill,test,component_e9effe4175e3,2,f33116|A,1
data/DIPS-Plus/final/raw/sl/3slp.pdb1_1.dill,test,component_8d52d0af7177,2,f31031|C,9
data/DIPS-Plus/final/raw/an/2anu.pdb3_0.dill,test,component_47d2cfd9ac34,2,f1157|A,8
data/DIPS-Plus/final/raw/l6/4l62.pdb3_2.dill,test,component_1f00e650793e,2,f18127|A,7
data/DIPS-Plus/final/raw/fm/3fm5.pdb3_0.dill,test,component_6d35d640b97d,2,f9218|B,6
data/DIPS-Plus/final/raw/cc/4ccn.pdb1_0.dill,test,component_0835f2e1ef09,2,f38755|B,8
data/DIPS-Plus/final/raw/aa/4aal.pdb1_0.dill,test,component_95514fe29830,2,f3418|A,10
data/DIPS-Plus/final/raw/m3/4m34.pdb1_4.dill,test,component_727070385954,2,f19228|A,8
data/DIPS-Plus/final/raw/u9/1u9y.pdb1_0.dill,test,component_cd8d8df34520,2,f19435|A,13
data/DIPS-Plus/final/raw/uv/3uv0.pdb1_0.dill,test,component_faecb698d667,2,f34122|B,1
data/DIPS-Plus/final/raw/d0/3d01.pdb4_2.dill,test,component_d036943bc83b,2,f5072|L,12
data/DIPS-Plus/final/raw/fz/4fzb.pdb1_5.dill,test,component_7e8ee36bbf8b,2,f9702|C,5
data/DIPS-Plus/final/raw/cp/4cpc.pdb2_5.dill,test,component_a1c2ebc047e3,2,f4610|G,12
data/DIPS-Plus/final/raw/rd/2rd9.pdb3_3.dill,test,component_688168d8c257,2,f29506|A,6
data/DIPS-Plus/final/raw/ka/3kaz.pdb1_0.dill,test,component_5a0537f4c1d6,2,f23102|B,11
data/DIPS-Plus/final/raw/ju/4jur.pdb3_2.dill,test,component_f4ff011f4966,2,f16685|C;f2011|D,7
data/DIPS-Plus/final/raw/ft/1ft3.pdb3_0.dill,test,component_bc8eb726dd8a,2,f9485|B,1
data/DIPS-Plus/final/raw/qp/4qpq.pdb1_0.dill,test,component_7c3561667320,2,f26735|D,4
data/DIPS-Plus/final/raw/cw/2cwg.pdb1_0.dill,test,component_3de018e10ed9,2,f4959|A,3
data/DIPS-Plus/final/raw/uh/3uhj.pdb1_2.dill,test,component_9d0277fb7677,2,f33282|D,10
data/DIPS-Plus/final/raw/ei/3ei2.pdb1_0.dill,test,component_0e72e7f9ce74,2,f7155|A;f7155|B,6
data/DIPS-Plus/final/raw/jx/1jx7.pdb1_4.dill,test,component_bfa032dcb6d7,2,f16726|A,11
data/DIPS-Plus/final/raw/wg/3wgz.pdb1_0.dill,test,component_9cdbaf012bd1,2,f37296|A,5
data/DIPS-Plus/final/raw/wg/2wg6.pdb2_1.dill,test,component_50790ed8fe19,2,f36427|A,12
data/DIPS-Plus/final/raw/rp/1rp3.pdb3_0.dill,test,component_4e09c892f5f1,2,f29953|E;f29953|F,1
data/DIPS-Plus/final/raw/x3/4x3m.pdb1_0.dill,test,component_13a973186f37,2,f37680|A,2
data/DIPS-Plus/final/raw/re/5req.pdb2_0.dill,test,component_06ba9c46a766,2,f29658|B;f6815|A,4
data/DIPS-Plus/final/raw/m1/1m1e.pdb1_0.dill,test,component_5930be0c5d1a,2,f18921|B;f28859|C,5
data/DIPS-Plus/final/raw/rj/4rjj.pdb1_5.dill,test,component_36f1c4e0888f,2,f29847|A,9
data/DIPS-Plus/final/raw/e3/3e3a.pdb1_0.dill,test,component_f5ade61d4b08,2,f6989|B,3
data/DIPS-Plus/final/raw/a3/5a3u.pdb1_1.dill,test,component_0c66adb11843,2,f269|A,2
data/DIPS-Plus/final/raw/kx/3kxy.pdb2_0.dill,test,component_46e083933806,2,f17849|G,9
data/DIPS-Plus/final/raw/lk/4lkb.pdb3_0.dill,test,component_866f4bf58978,2,f18601|B,15
data/DIPS-Plus/final/raw/zs/3zss.pdb2_0.dill,test,component_517572499336,2,f4568|A,4
data/DIPS-Plus/final/raw/fb/3fbz.pdb5_2.dill,test,component_0fa4bcebd141,2,f8838|C,6
data/DIPS-Plus/final/raw/vv/2vv5.pdb1_7.dill,test,component_c40fd04eddb3,2,f35521|A,7
data/DIPS-Plus/final/raw/nl/1nlx.pdb5_0.dill,test,component_37b06ddb4c85,2,f21497|M,2
data/DIPS-Plus/final/raw/jq/3jqy.pdb1_0.dill,test,component_ac799f16be62,2,f16383|A,6
data/DIPS-Plus/final/raw/kj/1kji.pdb1_0.dill,test,component_ece6dfe3278d,2,f17456|A,3
data/DIPS-Plus/final/raw/gy/4gyv.pdb1_2.dill,test,component_2836dbde8903,2,f11747|A,10
data/DIPS-Plus/final/raw/i3/2i3t.pdb3_0.dill,test,component_685b3821329f,2,f13795|A;f13796|D,4
data/DIPS-Plus/final/raw/gb/3gby.pdb1_0.dill,test,component_d3d901e9ff54,2,f10322|A,1
data/DIPS-Plus/final/raw/np/3npi.pdb1_0.dill,test,component_18883dc7e182,2,f21647|A,1
data/DIPS-Plus/final/raw/a1/3a1d.pdb1_0.dill,test,component_a0fe82994a80,2,f75|B,2
data/DIPS-Plus/final/raw/if/3ifq.pdb3_0.dill,test,component_5930be0c5d1a,2,f14259|D;f28859|C,5
data/DIPS-Plus/final/raw/pd/3pdk.pdb1_0.dill,test,component_e50d0a864542,2,f24326|A,1
data/DIPS-Plus/final/raw/rs/4rs4.pdb1_11.dill,test,component_e7e6b533db8b,2,f30085|F,10
data/DIPS-Plus/final/raw/gx/3gxm.pdb1_1.dill,test,component_86f56dd4ca33,2,f11678|A,8
data/DIPS-Plus/final/raw/k1/3k1s.pdb5_2.dill,test,component_62bed9f9b706,2,f16899|D,12
data/DIPS-Plus/final/raw/j4/4j41.pdb1_0.dill,test,component_eae8ed7e0add,2,f15754|C,5
data/DIPS-Plus/final/raw/gi/4gik.pdb1_2.dill,test,component_61d12b5bf131,2,f10769|A,9
data/DIPS-Plus/final/raw/t0/1t0b.pdb2_4.dill,test,component_11b22befc3f7,2,f31487|G,6
data/DIPS-Plus/final/raw/vp/2vpy.pdb1_3.dill,test,component_ba5e8fa38e07,2,f35296|B,12
data/DIPS-Plus/final/raw/ih/2ihu.pdb1_1.dill,test,component_b47755fb4257,2,f14334|A,12
data/DIPS-Plus/final/raw/n9/3n99.pdb1_10.dill,test,component_47edac7000de,2,f21004|G,15
data/DIPS-Plus/final/raw/xm/4xmq.pdb1_0.dill,test,component_d471e4812310,2,f38303|B,1
data/DIPS-Plus/final/raw/ha/2hae.pdb1_2.dill,test,component_403ff9ae2708,2,f21921|A,14
data/DIPS-Plus/final/raw/ah/2aho.pdb1_0.dill,test,component_9bde609c28a2,2,f26612|A;f921|B,3
data/DIPS-Plus/final/raw/gk/1gkq.pdb1_2.dill,test,component_03c9e5e27f63,2,f2562|B,7
data/DIPS-Plus/final/raw/n9/4n9i.pdb2_0.dill,test,component_4cdeebfeebd1,2,f15186|D,14
data/DIPS-Plus/final/raw/o5/3o52.pdb1_0.dill,test,component_cf8f76a89c95,2,f22407|D,6
data/DIPS-Plus/final/raw/ga/3gaz.pdb1_0.dill,test,component_a9f9fdc847bd,2,f10285|A,1
data/DIPS-Plus/final/raw/oy/4oyf.pdb1_1.dill,test,component_c41fdc554850,2,f23750|A,9
data/DIPS-Plus/final/raw/c5/1c5e.pdb1_2.dill,test,component_f63b4ce83abd,2,f3650|A,3
data/DIPS-Plus/final/raw/u2/1u2m.pdb1_2.dill,test,component_79129038ca40,2,f32840|C,3
data/DIPS-Plus/final/raw/vv/2vv6.pdb2_0.dill,test,component_baf9f8f03d17,2,f35529|D,6
data/DIPS-Plus/final/raw/ph/2phd.pdb1_0.dill,test,component_f9919605acd6,2,f3138|B,5
data/DIPS-Plus/final/raw/kf/3kf3.pdb1_0.dill,test,component_923b7ef105eb,2,f7912|A,10
data/DIPS-Plus/final/raw/tx/1txy.pdb1_0.dill,test,component_210b68b5d50d,2,f32624|A,1
data/DIPS-Plus/final/raw/xo/1xou.pdb1_0.dill,test,component_facbc447d457,2,f38308|A;f38308|B,1
data/DIPS-Plus/final/raw/d3/4d3q.pdb1_0.dill,test,component_86ed33a4bffd,2,f5283|A,1
data/DIPS-Plus/final/raw/y1/2y1t.pdb1_0.dill,test,component_b8435bf99eb3,2,f1298|B,12
data/DIPS-Plus/final/raw/un/3un0.pdb1_0.dill,test,component_31b561728d45,2,f33511|A,3
data/DIPS-Plus/final/raw/o9/2o96.pdb1_0.dill,test,component_288029a1cef8,2,f23643|A,3
data/DIPS-Plus/final/raw/vi/1vio.pdb1_0.dill,test,component_8dda5524f27c,2,f35062|A,1
data/DIPS-Plus/final/raw/d3/2d33.pdb1_1.dill,test,component_94fbe17b9bc2,2,f5222|A,15
data/DIPS-Plus/final/raw/z5/1z54.pdb1_2.dill,test,component_5e0366531b74,2,f41001|A,6
data/DIPS-Plus/final/raw/s2/3s2q.pdb2_0.dill,test,component_29df63c3d345,2,f30657|B,9
data/DIPS-Plus/final/raw/gi/4gil.pdb1_2.dill,test,component_61d12b5bf131,2,f10769|A,9
data/DIPS-Plus/final/raw/rb/2rb3.pdb1_0.dill,test,component_c14f2ebb460f,2,f29343|A,2
data/DIPS-Plus/final/raw/u8/1u8r.pdb2_0.dill,test,component_338bfed967a1,2,f9590|A,9
data/DIPS-Plus/final/raw/th/1thz.pdb1_0.dill,test,component_e5a2b8937d17,2,f14974|A,8
data/DIPS-Plus/final/raw/sx/1sx8.pdb1_0.dill,test,component_63c1840c4cbb,2,f2098|A,9
data/DIPS-Plus/final/raw/wk/1wkq.pdb1_0.dill,test,component_ff65d4ce040e,2,f36611|A,1
data/DIPS-Plus/final/raw/kn/3knz.pdb3_0.dill,test,component_3c981687b338,2,f17541|A,3
data/DIPS-Plus/final/raw/ng/3ng9.pdb1_2.dill,test,component_8019dba16166,2,f21378|A,14
data/DIPS-Plus/final/raw/xm/1xml.pdb1_0.dill,test,component_053582ceca2a,2,f3197|C,7
data/DIPS-Plus/final/raw/c3/3c3j.pdb1_0.dill,test,component_bc74639b4419,2,f3522|A,1
data/DIPS-Plus/final/raw/cl/2cly.pdb2_1.dill,test,component_9f057bbf15a4,2,f4405|A;f4406|C,6
data/DIPS-Plus/final/raw/t6/1t61.pdb1_7.dill,test,component_240989c7570c,2,f31642|D,12
data/DIPS-Plus/final/raw/m1/3m1r.pdb2_1.dill,test,component_e53c0e17a33f,2,f19166|D,6
data/DIPS-Plus/final/raw/em/4emh.pdb6_2.dill,test,component_a4c3ba9df7c5,2,f7782|P,3
data/DIPS-Plus/final/raw/vs/2vs3.pdb1_0.dill,test,component_9f620c927d8e,2,f34399|A,6
data/DIPS-Plus/final/raw/yp/1yp2.pdb1_2.dill,test,component_b97b6d856a36,2,f40538|C,13
data/DIPS-Plus/final/raw/lm/4lm0.pdb3_0.dill,test,component_458a352f0e6c,2,f18665|A,7
data/DIPS-Plus/final/raw/ht/3htj.pdb1_0.dill,test,component_08b011cbf196,2,f13359|B,3
data/DIPS-Plus/final/raw/o6/4o6c.pdb3_0.dill,test,component_47b490763fba,2,f22419|A,3
data/DIPS-Plus/final/raw/hj/3hjg.pdb1_0.dill,test,component_2126907404cd,2,f12742|A,1
data/DIPS-Plus/final/raw/iv/3ivp.pdb2_0.dill,test,component_0e0d0419e8ec,2,f15111|A,2
data/DIPS-Plus/final/raw/e1/3e1k.pdb2_1.dill,test,component_eeb26546f155,2,f21890|A,13
data/DIPS-Plus/final/raw/fn/4fnh.pdb1_0.dill,test,component_a4bdf5f0fc03,2,f9306|A,4
data/DIPS-Plus/final/raw/yb/4ybo.pdb2_0.dill,test,component_9bc1c3770656,2,f14125|A,11
data/DIPS-Plus/final/raw/uf/1ufi.pdb3_4.dill,test,component_2b0ec5f6ad8e,2,f33197|A,6
data/DIPS-Plus/final/raw/t0/1t0b.pdb2_5.dill,test,component_11b22befc3f7,2,f31487|G,6
data/DIPS-Plus/final/raw/ky/3kyh.pdb1_1.dill,test,component_bc1005e5b692,2,f17886|C;f5425|B,8
data/DIPS-Plus/final/raw/yi/2yil.pdb2_0.dill,test,component_f505eee8f064,2,f40359|A,3
data/DIPS-Plus/final/raw/c8/4c8h.pdb1_1.dill,test,component_bb98537f5cf0,2,f3769|A,3
data/DIPS-Plus/final/raw/oh/4ohf.pdb2_0.dill,test,component_9860c3a48d61,2,f23029|B,3
data/DIPS-Plus/final/raw/ek/2eky.pdb1_1.dill,test,component_476e26101c15,2,f7689|B,12
data/DIPS-Plus/final/raw/zj/3zjq.pdb1_0.dill,test,component_555fd5cade01,2,f28729|A,6
data/DIPS-Plus/final/raw/eh/3ehh.pdb1_0.dill,test,component_3c3e7e946ac0,2,f10765|A,3
data/DIPS-Plus/final/raw/wy/4wy4.pdb1_3.dill,test,component_c5cb9cbf0302,2,f37304|B;f37305|C,6
data/DIPS-Plus/final/raw/ra/2rag.pdb2_0.dill,test,component_6386616954cd,2,f29284|A,2
data/DIPS-Plus/final/raw/ct/4ct8.pdb1_0.dill,test,component_d61242084e59,2,f4864|A,4
data/DIPS-Plus/final/raw/h7/2h7y.pdb1_0.dill,test,component_b6ba4082b8e9,2,f12050|A,4
data/DIPS-Plus/final/raw/c1/3c18.pdb1_0.dill,test,component_23ff526a3123,2,f3419|A,1
data/DIPS-Plus/final/raw/lj/4ljq.pdb5_0.dill,test,component_ad6488cec6ff,2,f18549|B,1
data/DIPS-Plus/final/raw/jg/2jg9.pdb2_0.dill,test,component_4672ce8b4c75,2,f15980|A;f3482|D,15
data/DIPS-Plus/final/raw/ng/1ng4.pdb1_0.dill,test,component_9439f7628a40,2,f21376|A,1
data/DIPS-Plus/final/raw/z6/2z67.pdb1_3.dill,test,component_23d8ade9eb2f,2,f41042|A,9
data/DIPS-Plus/final/raw/ay/2ayb.pdb1_0.dill,test,component_a6db497cf8c2,2,f1670|A,2
data/DIPS-Plus/final/raw/qd/2qd0.pdb1_0.dill,test,component_29df63c3d345,2,f30657|B,9
data/DIPS-Plus/final/raw/yl/1ylf.pdb1_2.dill,test,component_063c32c026c8,2,f40454|C,6
data/DIPS-Plus/final/raw/vp/2vpz.pdb1_2.dill,test,component_ba5e8fa38e07,2,f35296|B;f35297|C,12
data/DIPS-Plus/final/raw/j4/4j42.pdb1_0.dill,test,component_eae8ed7e0add,2,f15754|C,5
data/DIPS-Plus/final/raw/ku/3kuv.pdb1_0.dill,test,component_25654186bf94,2,f17771|B,7
data/DIPS-Plus/final/raw/p0/3p03.pdb1_2.dill,test,component_d0b64ab7d069,2,f6249|A,9
data/DIPS-Plus/final/raw/gu/1gug.pdb1_1.dill,test,component_41082fc6ce25,2,f11521|D,9
data/DIPS-Plus/final/raw/ov/3ovk.pdb1_0.dill,test,component_bc4ed8f5bc89,2,f23588|A,3
data/DIPS-Plus/final/raw/yl/1ylf.pdb2_1.dill,test,component_063c32c026c8,2,f40454|C,6
data/DIPS-Plus/final/raw/fm/3fmp.pdb1_0.dill,test,component_23be8c63ea7f,2,f9225|A;f9225|B,2
data/DIPS-Plus/final/raw/g0/2g0j.pdb3_0.dill,test,component_2f9aacf966d0,2,f9857|C,4
data/DIPS-Plus/final/raw/y7/4y7e.pdb3_0.dill,test,component_8411350315cd,2,f39007|A,1
data/DIPS-Plus/final/raw/i5/2i5g.pdb1_0.dill,test,component_7d4bd7f4327b,2,f13889|A,1
data/DIPS-Plus/final/raw/cn/3cnw.pdb1_0.dill,test,component_2820097b41cf,2,f4567|A,1
data/DIPS-Plus/final/raw/fn/3fnj.pdb2_2.dill,test,component_607ea4e0406e,2,f9295|D,9
data/DIPS-Plus/final/raw/a2/5a2z.pdb1_0.dill,test,component_449805478cea,2,f158|A,2
data/DIPS-Plus/final/raw/e7/4e7j.pdb1_0.dill,test,component_fb138e1c966d,2,f2176|A,15
data/DIPS-Plus/final/raw/do/4doh.pdb1_0.dill,test,component_7ab970d1df2f,2,f6243|A;f6243|B,6
data/DIPS-Plus/final/raw/yp/1yp3.pdb1_0.dill,test,component_b97b6d856a36,2,f40538|C,13
data/DIPS-Plus/final/raw/ne/1ne7.pdb1_9.dill,test,component_031cac33f87b,2,f21259|A,10
data/DIPS-Plus/final/raw/fn/3fnj.pdb2_1.dill,test,component_607ea4e0406e,2,f9295|D,9
data/DIPS-Plus/final/raw/gy/4gyv.pdb2_2.dill,test,component_2836dbde8903,2,f11747|A,10
data/DIPS-Plus/final/raw/qz/3qzy.pdb1_0.dill,test,component_1127156a9e60,2,f28498|B,1
data/DIPS-Plus/final/raw/d1/2d1p.pdb2_9.dill,test,component_125938cc0af0,2,f5113|A;f5113|B,14
data/DIPS-Plus/final/raw/ue/3uef.pdb1_1.dill,test,component_a56b70b642ed,2,f33180|B,9
data/DIPS-Plus/final/raw/ws/4ws9.pdb2_0.dill,test,component_6df3a9507443,2,f16856|A,13
data/DIPS-Plus/final/raw/xl/2xlp.pdb2_0.dill,test,component_beec1899c9a8,2,f38253|D,9
data/DIPS-Plus/final/raw/xc/4xc5.pdb1_2.dill,test,component_041b09fa81c0,2,f11545|A,6
data/DIPS-Plus/final/raw/ou/1ouz.pdb1_0.dill,test,component_047600c24f98,2,f13338|A,8
data/DIPS-Plus/final/raw/vk/2vkj.pdb1_0.dill,test,component_53e8135dda86,2,f35114|A,2
data/DIPS-Plus/final/raw/cl/3cl3.pdb1_0.dill,test,component_8cab6c3472b4,2,f4411|A;f4411|D,5
data/DIPS-Plus/final/raw/zx/4zxv.pdb1_4.dill,test,component_aef971a90e03,2,f42044|D,12
data/DIPS-Plus/final/raw/g2/2g25.pdb1_0.dill,test,component_57b88fd5a243,2,f26719|C,7
data/DIPS-Plus/final/raw/f9/4f9b.pdb1_0.dill,test,component_914d9c9b7c90,2,f8707|A;f8707|B,2
data/DIPS-Plus/final/raw/yf/2yfa.pdb1_0.dill,test,component_54494a9c9086,2,f40164|A,1
data/DIPS-Plus/final/raw/lw/1lwj.pdb1_0.dill,test,component_790d8ca92939,2,f18962|A,1
data/DIPS-Plus/final/raw/j6/2j6x.pdb2_1.dill,test,component_64e9d3d93dc9,2,f15699|E,9
data/DIPS-Plus/final/raw/yl/1ylo.pdb1_2.dill,test,component_d985b83e84b7,2,f40461|A,7
data/DIPS-Plus/final/raw/a2/5a2y.pdb1_0.dill,test,component_449805478cea,2,f158|A,2
data/DIPS-Plus/final/raw/sm/3sm4.pdb1_1.dill,test,component_8d52d0af7177,2,f31031|C,9
data/DIPS-Plus/final/raw/hx/4hx6.pdb3_0.dill,test,component_e9418474ad7d,2,f29784|A,8
data/DIPS-Plus/final/raw/p0/2p0v.pdb1_0.dill,test,component_d3dae4427aea,2,f23804|A,1
data/DIPS-Plus/final/raw/m1/3m1r.pdb2_2.dill,test,component_e53c0e17a33f,2,f19166|D,6
data/DIPS-Plus/final/raw/jd/4jdo.pdb2_1.dill,test,component_b68fe54218bc,2,f15909|B,9
data/DIPS-Plus/final/raw/xr/1xrx.pdb1_2.dill,test,component_30ebbc1ce514,2,f38344|A,4
data/DIPS-Plus/final/raw/g4/3g4o.pdb1_0.dill,test,component_81d5d5a14554,2,f9984|B,2
data/DIPS-Plus/final/raw/mi/4miy.pdb1_5.dill,test,component_5fa37ea06b84,2,f19900|A,12
data/DIPS-Plus/final/raw/yl/1ylf.pdb1_0.dill,test,component_063c32c026c8,2,f40454|C,6
data/DIPS-Plus/final/raw/yp/4yp5.pdb1_2.dill,test,component_87c581ba1446,2,f40553|B,3
data/DIPS-Plus/final/raw/ph/3pha.pdb1_0.dill,test,component_341aad15d9fe,2,f24476|D,3
data/DIPS-Plus/final/raw/ii/2ii3.pdb1_5.dill,test,component_4f4f90d6dc68,2,f20822|C,10
data/DIPS-Plus/final/raw/rs/4rs4.pdb1_1.dill,test,component_e7e6b533db8b,2,f30085|F,10
data/DIPS-Plus/final/raw/cn/4cn2.pdb1_0.dill,test,component_09c899d74cce,2,f21506|B,15
data/DIPS-Plus/final/raw/m4/3m4w.pdb1_2.dill,test,component_5442c9f82dac,2,f19262|A;f19263|E,7
data/DIPS-Plus/final/raw/m6/4m6w.pdb1_0.dill,test,component_5aac5e785e25,2,f19335|A;f19335|B,1
data/DIPS-Plus/final/raw/wy/2wya.pdb2_0.dill,test,component_756a3358a2aa,2,f24168|A,2
data/DIPS-Plus/final/raw/do/4doj.pdb1_0.dill,test,component_d0b64ab7d069,2,f6249|A,9
data/DIPS-Plus/final/raw/mk/4mkr.pdb2_0.dill,test,component_8e7f7691fefc,2,f21407|A,11
data/DIPS-Plus/final/raw/o6/1o69.pdb1_0.dill,test,component_ef99f7917852,2,f22398|A,1
data/DIPS-Plus/final/raw/d1/2d1p.pdb2_6.dill,test,component_125938cc0af0,2,f5113|B;f5114|C,14
data/DIPS-Plus/final/raw/yk/1yk0.pdb1_0.dill,test,component_8c6e973cea57,2,f40369|A,1
data/DIPS-Plus/final/raw/aj/3ajv.pdb1_4.dill,test,component_12ff147a12cd,2,f1015|A;f23854|C,10
data/DIPS-Plus/final/raw/ur/4urq.pdb1_3.dill,test,component_40e590f6ab01,2,f36194|A,12
data/DIPS-Plus/final/raw/wt/2wto.pdb1_0.dill,test,component_0969658d27c1,2,f36991|A,1
data/DIPS-Plus/final/raw/oz/1ozb.pdb2_5.dill,test,component_aa425827fbb6,2,f23764|F,10
data/DIPS-Plus/final/raw/td/3tdp.pdb2_4.dill,test,component_a86e12a69dec,2,f31838|C,15
data/DIPS-Plus/final/raw/gx/4gxg.pdb2_0.dill,test,component_3bbf0f1f2142,2,f11700|A,2
data/DIPS-Plus/final/raw/fj/1fjh.pdb1_0.dill,test,component_2fed81e3d820,2,f6024|A,2
data/DIPS-Plus/final/raw/ob/4obu.pdb4_0.dill,test,component_f4a743a49fbe,2,f22677|E,3
data/DIPS-Plus/final/raw/yp/1yp3.pdb1_3.dill,test,component_b97b6d856a36,2,f40538|C,13
data/DIPS-Plus/final/raw/ju/3juo.pdb1_0.dill,test,component_e1b9496d2024,2,f4566|B,2
data/DIPS-Plus/final/raw/a2/2a2o.pdb1_3.dill,test,component_aba28de0824b,2,f119|A,6
data/DIPS-Plus/final/raw/b3/2b3t.pdb1_0.dill,test,component_2898f6c2f8e9,2,f1888|A;f29975|A,3
data/DIPS-Plus/final/raw/ws/1ws7.pdb1_1.dill,test,component_a731c809b9c9,2,f36914|A,4
data/DIPS-Plus/final/raw/u5/1u5i.pdb1_0.dill,test,component_1ba2155f850d,2,f17342|L,11
data/DIPS-Plus/final/raw/qm/2qm4.pdb1_0.dill,test,component_91acac7b82c6,2,f26587|A,2
data/DIPS-Plus/final/raw/j3/1j3l.pdb2_2.dill,test,component_288b9c8c775f,2,f15528|A,6
data/DIPS-Plus/final/raw/c5/5c5z.pdb1_0.dill,test,component_c958910797d7,2,f3690|A,1
data/DIPS-Plus/final/raw/y1/1y13.pdb2_1.dill,test,component_3db565bbe8d6,2,f38694|A,6
data/DIPS-Plus/final/raw/sq/1sql.pdb1_10.dill,test,component_0b829640a58d,2,f31118|H,12
data/DIPS-Plus/final/raw/ve/1ve5.pdb1_2.dill,test,component_b35fbf7e3927,2,f18118|A,5
data/DIPS-Plus/final/raw/iq/2iqq.pdb1_0.dill,test,component_5938120fd74b,2,f30001|B,2
data/DIPS-Plus/final/raw/gu/4gu4.pdb1_1.dill,test,component_041b09fa81c0,2,f11545|A,6
data/DIPS-Plus/final/raw/q3/4q3l.pdb2_2.dill,test,component_726f98c88878,2,f25584|B,8
data/DIPS-Plus/final/raw/mw/1mww.pdb1_2.dill,test,component_866f4bf58978,2,f18601|B,15
data/DIPS-Plus/final/raw/pk/1pk6.pdb1_1.dill,test,component_4672ce8b4c75,2,f15980|A;f3482|D,15
data/DIPS-Plus/final/raw/r0/1r0v.pdb1_0.dill,test,component_12ff147a12cd,2,f23854|C,10
data/DIPS-Plus/final/raw/y3/1y3h.pdb1_0.dill,test,component_f4000df28a1d,2,f38724|A,3
data/DIPS-Plus/final/raw/hw/2hwj.pdb3_0.dill,test,component_1f434638acb1,2,f13424|A,7
data/DIPS-Plus/final/raw/w6/3w6x.pdb3_0.dill,test,component_48ab45a5a9bd,2,f35957|E,4
data/DIPS-Plus/final/raw/zl/1zlj.pdb4_0.dill,test,component_42a25bb87dab,2,f41576|G,2
data/DIPS-Plus/final/raw/tl/3tla.pdb1_0.dill,test,component_d498c3117e96,2,f16710|A,10
data/DIPS-Plus/final/raw/p8/3p83.pdb1_6.dill,test,component_66cc7ad4b420,2,f24169|A;f24171|D,9
data/DIPS-Plus/final/raw/qh/4qhi.pdb2_0.dill,test,component_e8ac6dfe56a1,2,f26056|B,2
data/DIPS-Plus/final/raw/oa/4oao.pdb1_0.dill,test,component_23cf28981af9,2,f16101|A,6
data/DIPS-Plus/final/raw/mw/3mwa.pdb1_0.dill,test,component_ee44b0020011,2,f30849|A,6
data/DIPS-Plus/final/raw/ic/3ic9.pdb1_0.dill,test,component_e44f7dea433a,2,f14159|C,2
data/DIPS-Plus/final/raw/c5/1c5e.pdb1_1.dill,test,component_f63b4ce83abd,2,f3650|A,3
data/DIPS-Plus/final/raw/if/3ifs.pdb4_2.dill,test,component_c0759b87e3d5,2,f14260|D,6
data/DIPS-Plus/final/raw/l9/3l9q.pdb2_0.dill,test,component_778d9899506e,2,f30022|D,3
data/DIPS-Plus/final/raw/ii/1ii8.pdb2_0.dill,test,component_8b3fe7ce2d26,2,f14399|A;f14399|B,7
data/DIPS-Plus/final/raw/e8/4e8w.pdb3_0.dill,test,component_576173be6306,2,f7211|B,2
data/DIPS-Plus/final/raw/h4/4h40.pdb1_0.dill,test,component_c4f148a32a87,2,f11977|B,1
data/DIPS-Plus/final/raw/iu/2iu0.pdb1_0.dill,test,component_e5a2b8937d17,2,f14974|A,8
data/DIPS-Plus/final/raw/wj/3wj7.pdb1_2.dill,test,component_e474dd667873,2,f36598|A,3
data/DIPS-Plus/final/raw/if/3if4.pdb2_0.dill,test,component_ec4655dbd05b,2,f14255|B,1
data/DIPS-Plus/final/raw/q9/4q9a.pdb1_0.dill,test,component_23cf28981af9,2,f16101|A,6
data/DIPS-Plus/final/raw/b9/2b99.pdb1_0.dill,test,component_4118170d28b1,2,f2104|E,5
data/DIPS-Plus/final/raw/mz/4mzm.pdb2_0.dill,test,component_362b2a34578e,2,f12825|A,4
data/DIPS-Plus/final/raw/tv/4tvu.pdb1_0.dill,test,component_ad48edc40469,2,f32576|A,3
data/DIPS-Plus/final/raw/j2/4j2o.pdb1_6.dill,test,component_a812cb9b8e53,2,f35787|A,9
data/DIPS-Plus/final/raw/eb/4eba.pdb3_0.dill,test,component_9310ba25e1ed,2,f7308|A,10
data/DIPS-Plus/final/raw/yk/1ykw.pdb1_0.dill,test,component_bbebc9a271be,2,f28458|C,2
data/DIPS-Plus/final/raw/cf/5cfn.pdb1_0.dill,test,component_7f2e6e7cca24,2,f4140|A,9
data/DIPS-Plus/final/raw/jx/1jx7.pdb1_7.dill,test,component_bfa032dcb6d7,2,f16726|A,11
data/DIPS-Plus/final/raw/r8/3r84.pdb18_2.dill,test,component_7338ec946d02,2,f29227|U;f29227|V,7
data/DIPS-Plus/final/raw/dm/3dme.pdb1_0.dill,test,component_772d8d5f22d2,2,f6151|A,1
data/DIPS-Plus/final/raw/ub/3ub9.pdb1_0.dill,test,component_98b6c066eb81,2,f33069|B,3
data/DIPS-Plus/final/raw/wm/3wmw.pdb1_0.dill,test,component_aba9553b42ba,2,f77|A,4
data/DIPS-Plus/final/raw/zc/4zcn.pdb1_2.dill,test,component_34ddfbd4d27d,2,f37139|A,13
data/DIPS-Plus/final/raw/fn/3fnj.pdb1_1.dill,test,component_607ea4e0406e,2,f9295|D,9
data/DIPS-Plus/final/raw/za/2zag.pdb5_0.dill,test,component_cbe2b8ff36e2,2,f35509|B,3
data/DIPS-Plus/final/raw/mw/1mww.pdb1_1.dill,test,component_866f4bf58978,2,f18601|B,15
data/DIPS-Plus/final/raw/ik/3iko.pdb2_0.dill,test,component_d2380ce9f5ab,2,f14527|B;f20455|A,12
data/DIPS-Plus/final/raw/oe/2oej.pdb1_0.dill,test,component_e13f03f5c0d2,2,f22844|A,1
data/DIPS-Plus/final/raw/pv/1pvw.pdb3_0.dill,test,component_03cdcc58732e,2,f25158|A,2
data/DIPS-Plus/final/raw/ql/3qld.pdb1_0.dill,test,component_840fed61b099,2,f26275|A,12
data/DIPS-Plus/final/raw/qq/2qq2.pdb2_2.dill,test,component_a6733e6abb90,2,f26757|C,12
data/DIPS-Plus/final/raw/t0/1t0b.pdb2_3.dill,test,component_11b22befc3f7,2,f31487|G,6
data/DIPS-Plus/final/raw/e8/3e82.pdb2_0.dill,test,component_f27dfc4e8e4a,2,f7195|D,6
data/DIPS-Plus/final/raw/vc/1vch.pdb2_0.dill,test,component_3a448359fef9,2,f34801|D,3
data/DIPS-Plus/final/raw/bm/2bm8.pdb2_1.dill,test,component_b08842ff4f65,2,f2653|B,12
data/DIPS-Plus/final/raw/d1/2d1p.pdb1_1.dill,test,component_125938cc0af0,2,f5113|A;f5114|C,14
data/DIPS-Plus/final/raw/bw/2bwn.pdb2_0.dill,test,component_dc55aa51a1b1,2,f2673|A,3
data/DIPS-Plus/final/raw/ai/4aip.pdb1_0.dill,test,component_51fcf27832d3,2,f991|B,3
data/DIPS-Plus/final/raw/rl/2rld.pdb1_4.dill,test,component_833e1b36003e,2,f29912|C,5
data/DIPS-Plus/final/raw/ig/3ig4.pdb1_3.dill,test,component_32edcef89ee4,2,f14294|A,13
data/DIPS-Plus/final/raw/vo/1vok.pdb3_0.dill,test,component_61cfe843bb76,2,f35220|A,8
data/DIPS-Plus/final/raw/te/1te5.pdb1_0.dill,test,component_3c4593c2770f,2,f31842|A,1
data/DIPS-Plus/final/raw/db/2dbb.pdb2_0.dill,test,component_ff12e2e24357,2,f5545|B,2
data/DIPS-Plus/final/raw/d3/2d33.pdb1_2.dill,test,component_94fbe17b9bc2,2,f5222|A,15
data/DIPS-Plus/final/raw/ik/3ikm.pdb1_2.dill,test,component_b12c8d03e236,2,f9999|D,7
data/DIPS-Plus/final/raw/rl/2rld.pdb1_0.dill,test,component_833e1b36003e,2,f29912|C,5
data/DIPS-Plus/final/raw/e4/4e4h.pdb1_2.dill,test,component_0835f2e1ef09,2,f38755|B,8
data/DIPS-Plus/final/raw/l7/1l7v.pdb1_3.dill,test,component_4fb422099ea8,2,f9073|C,14
data/DIPS-Plus/final/raw/ko/1ko5.pdb1_0.dill,test,component_3c032846ded8,2,f17550|A,1
data/DIPS-Plus/final/raw/cl/2cly.pdb2_0.dill,test,component_9f057bbf15a4,2,f4405|A;f4408|E,6
data/DIPS-Plus/final/raw/ie/1ied.pdb1_0.dill,test,component_c29b9393f55f,2,f22399|B,9
data/DIPS-Plus/final/raw/i5/1i5z.pdb1_0.dill,test,component_4cdeebfeebd1,2,f15186|D,14
data/DIPS-Plus/final/raw/gv/3gve.pdb1_0.dill,test,component_3c1daa1e1374,2,f11914|A,3
data/DIPS-Plus/final/raw/z5/1z54.pdb1_5.dill,test,component_5e0366531b74,2,f41001|A,6
data/DIPS-Plus/final/raw/td/3tdp.pdb1_2.dill,test,component_a86e12a69dec,2,f31838|C,15
data/DIPS-Plus/final/raw/ee/4eea.pdb4_0.dill,test,component_3cc5eb422736,2,f7404|A,12
data/DIPS-Plus/final/raw/iz/4iz6.pdb1_0.dill,test,component_d16dab5c86f4,2,f15364|B,6
data/DIPS-Plus/final/raw/pa/4pav.pdb7_8.dill,test,component_0f3debc3efd4,2,f24290|B,3
data/DIPS-Plus/final/raw/kb/3kbq.pdb1_0.dill,test,component_d61242084e59,2,f4864|A,4
data/DIPS-Plus/final/raw/ne/4nek.pdb3_0.dill,test,component_cd0d7628d931,2,f21286|C,3
data/DIPS-Plus/final/raw/q5/2q5r.pdb1_0.dill,test,component_627020cfd29b,2,f25670|A,7
data/DIPS-Plus/final/raw/uo/4uow.pdb15_0.dill,test,component_b9cc9888bd5d,2,f17536|A;f38718|B,15
data/DIPS-Plus/final/raw/mi/4miy.pdb1_4.dill,test,component_5fa37ea06b84,2,f19900|A,12
data/DIPS-Plus/final/raw/ba/2baz.pdb1_0.dill,test,component_b8435bf99eb3,2,f1298|B,12
data/DIPS-Plus/final/raw/o6/3o65.pdb7_3.dill,test,component_fb1db0f8c865,2,f22409|E,5
data/DIPS-Plus/final/raw/xa/4xau.pdb2_0.dill,test,component_8da7165a28d1,2,f37743|B,4
data/DIPS-Plus/final/raw/lf/3lfl.pdb2_0.dill,test,component_2ccdfa5f2f5c,2,f26796|A,4
data/DIPS-Plus/final/raw/u1/3u17.pdb3_0.dill,test,component_d16dab5c86f4,2,f15364|B,6
data/DIPS-Plus/final/raw/ur/4urr.pdb1_1.dill,test,component_7a398858752f,2,f33985|A,6
data/DIPS-Plus/final/raw/e4/4e4h.pdb1_0.dill,test,component_0835f2e1ef09,2,f38755|B,8
data/DIPS-Plus/final/raw/gu/1gux.pdb1_0.dill,test,component_5747b9198187,2,f29148|C,2
data/DIPS-Plus/final/raw/dd/3ddv.pdb1_0.dill,test,component_3bc458f9486f,2,f5704|B,3
data/DIPS-Plus/final/raw/lk/4lkb.pdb2_2.dill,test,component_866f4bf58978,2,f18601|B,15
data/DIPS-Plus/final/raw/o6/3o6z.pdb1_0.dill,test,component_cf8f76a89c95,2,f22407|D,6
data/DIPS-Plus/final/raw/oc/3oc3.pdb2_0.dill,test,component_61cfe843bb76,2,f22770|B;f35220|A,8
data/DIPS-Plus/final/raw/ab/4abx.pdb1_0.dill,test,component_c452c7ea71c3,2,f745|A,2
data/DIPS-Plus/final/raw/ee/2een.pdb1_0.dill,test,component_56055c37f739,2,f7390|A,1
data/DIPS-Plus/final/raw/t5/3t5m.pdb1_0.dill,test,component_d498c3117e96,2,f16710|A,10
data/DIPS-Plus/final/raw/d0/3d01.pdb2_1.dill,test,component_d036943bc83b,2,f5072|L,12
data/DIPS-Plus/final/raw/gk/4gkg.pdb1_0.dill,test,component_5315e00c481b,2,f10902|A,1
data/DIPS-Plus/final/raw/uf/1ufr.pdb2_0.dill,test,component_8715924ddec7,2,f35829|B,5
data/DIPS-Plus/final/raw/md/5mdh.pdb1_0.dill,test,component_5281ad092137,2,f19508|A,4
data/DIPS-Plus/final/raw/aj/3ajv.pdb1_0.dill,test,component_12ff147a12cd,2,f1015|A;f23854|C,10
data/DIPS-Plus/final/raw/od/3od9.pdb1_0.dill,test,component_4857be1a49e8,2,f22826|A,1
data/DIPS-Plus/final/raw/lc/4lca.pdb1_0.dill,test,component_4ebb8a7be192,2,f17145|A,6
data/DIPS-Plus/final/raw/sk/3sk1.pdb2_0.dill,test,component_871aba90cc73,2,f30996|A,2
data/DIPS-Plus/final/raw/cu/2cu6.pdb2_0.dill,test,component_b04f075944e0,2,f4688|D,3
data/DIPS-Plus/final/raw/mb/3mbw.pdb1_0.dill,test,component_2607cc6ad7bc,2,f19444|A;f19444|B,1
data/DIPS-Plus/final/raw/m0/4m0k.pdb1_0.dill,test,component_235e13fe103e,2,f6675|A,6
data/DIPS-Plus/final/raw/bd/1bdm.pdb1_0.dill,test,component_5281ad092137,2,f19508|A,4
data/DIPS-Plus/final/raw/ha/4hah.pdb3_0.dill,test,component_f94b65c5961e,2,f12177|A,1
data/DIPS-Plus/final/raw/lq/4lqx.pdb1_0.dill,test,component_54df913a4073,2,f18780|B,1
data/DIPS-Plus/final/raw/cg/3cgc.pdb1_0.dill,test,component_591eb5243747,2,f22783|A,14
data/DIPS-Plus/final/raw/af/2af6.pdb10_0.dill,test,component_7e8995fb7980,2,f815|A,1
data/DIPS-Plus/final/raw/aq/2aqt.pdb1_0.dill,test,component_cc8995ed6ee4,2,f1329|A,10
data/DIPS-Plus/final/raw/gu/4gu4.pdb1_2.dill,test,component_041b09fa81c0,2,f11545|A,6
data/DIPS-Plus/final/raw/l8/4l8v.pdb1_1.dill,test,component_5fa37ea06b84,2,f19900|A,12
data/DIPS-Plus/final/raw/ih/3ih5.pdb1_3.dill,test,component_58d982e26b62,2,f14340|B,3
data/DIPS-Plus/final/raw/l6/4l62.pdb2_0.dill,test,component_1f00e650793e,2,f18127|A,7
data/DIPS-Plus/final/raw/yl/1ylf.pdb1_1.dill,test,component_063c32c026c8,2,f40454|C,6
data/DIPS-Plus/final/raw/w6/3w6s.pdb2_0.dill,test,component_48ab45a5a9bd,2,f35957|E,4
data/DIPS-Plus/final/raw/c2/3c23.pdb1_0.dill,test,component_6e087430d04d,2,f3427|A,2
data/DIPS-Plus/final/raw/d3/2d32.pdb1_4.dill,test,component_94fbe17b9bc2,2,f5222|A,15
data/DIPS-Plus/final/raw/m0/3m06.pdb1_1.dill,test,component_07eab8fc4faa,2,f19084|A,6
data/DIPS-Plus/final/raw/ix/1ixo.pdb1_0.dill,test,component_a4c0f1d24d33,2,f10819|D,5
data/DIPS-Plus/final/raw/ur/4urq.pdb1_1.dill,test,component_40e590f6ab01,2,f36194|A,12
data/DIPS-Plus/final/raw/dg/2dg2.pdb2_0.dill,test,component_3ca6f2f7b266,2,f5899|A,3
data/DIPS-Plus/final/raw/jf/2jfq.pdb1_0.dill,test,component_04921fafc94e,2,f15968|A,4
data/DIPS-Plus/final/raw/ih/2ihv.pdb1_4.dill,test,component_b47755fb4257,2,f14334|A,12
data/DIPS-Plus/final/raw/a1/4a1o.pdb1_0.dill,test,component_e5a2b8937d17,2,f14974|A,8
data/DIPS-Plus/final/raw/u0/3u02.pdb3_0.dill,test,component_d8594e2d3540,2,f32749|C,1
data/DIPS-Plus/final/raw/is/2is5.pdb1_1.dill,test,component_deec155dfadc,2,f14718|A,4
